ARM GAS  /tmp/ccl9Kcp0.s 			page 1


   1              		.cpu cortex-m0
   2              		.arch armv6s-m
   3              		.fpu softvfp
   4              		.eabi_attribute 20, 1
   5              		.eabi_attribute 21, 1
   6              		.eabi_attribute 23, 3
   7              		.eabi_attribute 24, 1
   8              		.eabi_attribute 25, 1
   9              		.eabi_attribute 26, 1
  10              		.eabi_attribute 30, 1
  11              		.eabi_attribute 34, 0
  12              		.eabi_attribute 18, 4
  13              		.file	"stm32f0xx_hal_gpio.c"
  14              		.text
  15              	.Ltext0:
  16              		.cfi_sections	.debug_frame
  17              		.file 1 "Drivers/STM32F0xx_HAL_Driver/Src/stm32f0xx_hal_gpio.c"
  18              		.section	.text.HAL_GPIO_Init,"ax",%progbits
  19              		.align	1
  20              		.global	HAL_GPIO_Init
  21              		.syntax unified
  22              		.code	16
  23              		.thumb_func
  25              	HAL_GPIO_Init:
  26              	.LVL0:
  27              	.LFB40:
   1:Drivers/STM32F0xx_HAL_Driver/Src/stm32f0xx_hal_gpio.c **** /**
   2:Drivers/STM32F0xx_HAL_Driver/Src/stm32f0xx_hal_gpio.c ****   ******************************************************************************
   3:Drivers/STM32F0xx_HAL_Driver/Src/stm32f0xx_hal_gpio.c ****   * @file    stm32f0xx_hal_gpio.c
   4:Drivers/STM32F0xx_HAL_Driver/Src/stm32f0xx_hal_gpio.c ****   * @author  MCD Application Team
   5:Drivers/STM32F0xx_HAL_Driver/Src/stm32f0xx_hal_gpio.c ****   * @brief   GPIO HAL module driver.
   6:Drivers/STM32F0xx_HAL_Driver/Src/stm32f0xx_hal_gpio.c ****   *          This file provides firmware functions to manage the following
   7:Drivers/STM32F0xx_HAL_Driver/Src/stm32f0xx_hal_gpio.c ****   *          functionalities of the General Purpose Input/Output (GPIO)
   8:Drivers/STM32F0xx_HAL_Driver/Src/stm32f0xx_hal_gpio.c ****   peripheral:
   9:Drivers/STM32F0xx_HAL_Driver/Src/stm32f0xx_hal_gpio.c ****   *           + Initialization and de-initialization functions
  10:Drivers/STM32F0xx_HAL_Driver/Src/stm32f0xx_hal_gpio.c ****   *           + IO operation functions
  11:Drivers/STM32F0xx_HAL_Driver/Src/stm32f0xx_hal_gpio.c ****   *
  12:Drivers/STM32F0xx_HAL_Driver/Src/stm32f0xx_hal_gpio.c ****   ******************************************************************************
  13:Drivers/STM32F0xx_HAL_Driver/Src/stm32f0xx_hal_gpio.c ****   * @attention
  14:Drivers/STM32F0xx_HAL_Driver/Src/stm32f0xx_hal_gpio.c ****   *
  15:Drivers/STM32F0xx_HAL_Driver/Src/stm32f0xx_hal_gpio.c ****   * Copyright (c) 2016 STMicroelectronics.
  16:Drivers/STM32F0xx_HAL_Driver/Src/stm32f0xx_hal_gpio.c ****   * All rights reserved.
  17:Drivers/STM32F0xx_HAL_Driver/Src/stm32f0xx_hal_gpio.c ****   *
  18:Drivers/STM32F0xx_HAL_Driver/Src/stm32f0xx_hal_gpio.c ****   * This software is licensed under terms that can be found in the LICENSE file
  19:Drivers/STM32F0xx_HAL_Driver/Src/stm32f0xx_hal_gpio.c ****   * in the root directory of this software component.
  20:Drivers/STM32F0xx_HAL_Driver/Src/stm32f0xx_hal_gpio.c ****   * If no LICENSE file comes with this software, it is provided AS-IS.
  21:Drivers/STM32F0xx_HAL_Driver/Src/stm32f0xx_hal_gpio.c ****   *
  22:Drivers/STM32F0xx_HAL_Driver/Src/stm32f0xx_hal_gpio.c ****   ******************************************************************************
  23:Drivers/STM32F0xx_HAL_Driver/Src/stm32f0xx_hal_gpio.c ****   @verbatim
  24:Drivers/STM32F0xx_HAL_Driver/Src/stm32f0xx_hal_gpio.c ****   ==============================================================================
  25:Drivers/STM32F0xx_HAL_Driver/Src/stm32f0xx_hal_gpio.c ****                     ##### GPIO Peripheral features #####
  26:Drivers/STM32F0xx_HAL_Driver/Src/stm32f0xx_hal_gpio.c ****   ==============================================================================
  27:Drivers/STM32F0xx_HAL_Driver/Src/stm32f0xx_hal_gpio.c ****   [..]
  28:Drivers/STM32F0xx_HAL_Driver/Src/stm32f0xx_hal_gpio.c ****     (+) Each port bit of the general-purpose I/O (GPIO) ports can be
  29:Drivers/STM32F0xx_HAL_Driver/Src/stm32f0xx_hal_gpio.c ****   individually configured by software in several modes:
  30:Drivers/STM32F0xx_HAL_Driver/Src/stm32f0xx_hal_gpio.c ****         (++) Input mode
  31:Drivers/STM32F0xx_HAL_Driver/Src/stm32f0xx_hal_gpio.c ****         (++) Analog mode
ARM GAS  /tmp/ccl9Kcp0.s 			page 2


  32:Drivers/STM32F0xx_HAL_Driver/Src/stm32f0xx_hal_gpio.c ****         (++) Output mode
  33:Drivers/STM32F0xx_HAL_Driver/Src/stm32f0xx_hal_gpio.c ****         (++) Alternate function mode
  34:Drivers/STM32F0xx_HAL_Driver/Src/stm32f0xx_hal_gpio.c ****         (++) External interrupt/event lines
  35:Drivers/STM32F0xx_HAL_Driver/Src/stm32f0xx_hal_gpio.c **** 
  36:Drivers/STM32F0xx_HAL_Driver/Src/stm32f0xx_hal_gpio.c ****     (+) During and just after reset, the alternate functions and external
  37:Drivers/STM32F0xx_HAL_Driver/Src/stm32f0xx_hal_gpio.c ****   interrupt lines are not active and the I/O ports are configured in input
  38:Drivers/STM32F0xx_HAL_Driver/Src/stm32f0xx_hal_gpio.c ****   floating mode.
  39:Drivers/STM32F0xx_HAL_Driver/Src/stm32f0xx_hal_gpio.c **** 
  40:Drivers/STM32F0xx_HAL_Driver/Src/stm32f0xx_hal_gpio.c ****     (+) All GPIO pins have weak internal pull-up and pull-down resistors, which
  41:Drivers/STM32F0xx_HAL_Driver/Src/stm32f0xx_hal_gpio.c ****   can be activated or not.
  42:Drivers/STM32F0xx_HAL_Driver/Src/stm32f0xx_hal_gpio.c **** 
  43:Drivers/STM32F0xx_HAL_Driver/Src/stm32f0xx_hal_gpio.c ****     (+) In Output or Alternate mode, each IO can be configured on open-drain or
  44:Drivers/STM32F0xx_HAL_Driver/Src/stm32f0xx_hal_gpio.c ****   push-pull type and the IO speed can be selected depending on the VDD value.
  45:Drivers/STM32F0xx_HAL_Driver/Src/stm32f0xx_hal_gpio.c **** 
  46:Drivers/STM32F0xx_HAL_Driver/Src/stm32f0xx_hal_gpio.c ****     (+) The microcontroller IO pins are connected to onboard peripherals/modules
  47:Drivers/STM32F0xx_HAL_Driver/Src/stm32f0xx_hal_gpio.c ****   through a multiplexer that allows only one peripheral alternate function (AF)
  48:Drivers/STM32F0xx_HAL_Driver/Src/stm32f0xx_hal_gpio.c ****   connected to an IO pin at a time. In this way, there can be no conflict
  49:Drivers/STM32F0xx_HAL_Driver/Src/stm32f0xx_hal_gpio.c ****   between peripherals sharing the same IO pin.
  50:Drivers/STM32F0xx_HAL_Driver/Src/stm32f0xx_hal_gpio.c **** 
  51:Drivers/STM32F0xx_HAL_Driver/Src/stm32f0xx_hal_gpio.c ****     (+) All ports have external interrupt/event capability. To use external
  52:Drivers/STM32F0xx_HAL_Driver/Src/stm32f0xx_hal_gpio.c ****   interrupt lines, the port must be configured in input mode. All available GPIO
  53:Drivers/STM32F0xx_HAL_Driver/Src/stm32f0xx_hal_gpio.c ****   pins are connected to the 16 external interrupt/event lines from EXTI0 to
  54:Drivers/STM32F0xx_HAL_Driver/Src/stm32f0xx_hal_gpio.c ****   EXTI15.
  55:Drivers/STM32F0xx_HAL_Driver/Src/stm32f0xx_hal_gpio.c **** 
  56:Drivers/STM32F0xx_HAL_Driver/Src/stm32f0xx_hal_gpio.c ****     (+) The external interrupt/event controller consists of up to 28 edge
  57:Drivers/STM32F0xx_HAL_Driver/Src/stm32f0xx_hal_gpio.c ****   detectors (16 lines are connected to GPIO) for generating event/interrupt
  58:Drivers/STM32F0xx_HAL_Driver/Src/stm32f0xx_hal_gpio.c ****   requests (each input line can be independently configured to select the type
  59:Drivers/STM32F0xx_HAL_Driver/Src/stm32f0xx_hal_gpio.c ****   (interrupt or event) and the corresponding trigger event (rising or falling or
  60:Drivers/STM32F0xx_HAL_Driver/Src/stm32f0xx_hal_gpio.c ****   both). Each line can also be masked independently.
  61:Drivers/STM32F0xx_HAL_Driver/Src/stm32f0xx_hal_gpio.c **** 
  62:Drivers/STM32F0xx_HAL_Driver/Src/stm32f0xx_hal_gpio.c ****             ##### How to use this driver #####
  63:Drivers/STM32F0xx_HAL_Driver/Src/stm32f0xx_hal_gpio.c ****   ==============================================================================
  64:Drivers/STM32F0xx_HAL_Driver/Src/stm32f0xx_hal_gpio.c ****   [..]
  65:Drivers/STM32F0xx_HAL_Driver/Src/stm32f0xx_hal_gpio.c ****    (#) Enable the GPIO AHB clock using the following function :
  66:Drivers/STM32F0xx_HAL_Driver/Src/stm32f0xx_hal_gpio.c ****   __HAL_RCC_GPIOx_CLK_ENABLE().
  67:Drivers/STM32F0xx_HAL_Driver/Src/stm32f0xx_hal_gpio.c **** 
  68:Drivers/STM32F0xx_HAL_Driver/Src/stm32f0xx_hal_gpio.c ****    (#) Configure the GPIO pin(s) using HAL_GPIO_Init().
  69:Drivers/STM32F0xx_HAL_Driver/Src/stm32f0xx_hal_gpio.c ****        (++) Configure the IO mode using "Mode" member from GPIO_InitTypeDef
  70:Drivers/STM32F0xx_HAL_Driver/Src/stm32f0xx_hal_gpio.c ****   structure
  71:Drivers/STM32F0xx_HAL_Driver/Src/stm32f0xx_hal_gpio.c ****        (++) Activate Pull-up, Pull-down resistor using "Pull" member from
  72:Drivers/STM32F0xx_HAL_Driver/Src/stm32f0xx_hal_gpio.c ****   GPIO_InitTypeDef structure.
  73:Drivers/STM32F0xx_HAL_Driver/Src/stm32f0xx_hal_gpio.c ****        (++) In case of Output or alternate function mode selection: the speed is
  74:Drivers/STM32F0xx_HAL_Driver/Src/stm32f0xx_hal_gpio.c ****              configured through "Speed" member from GPIO_InitTypeDef structure.
  75:Drivers/STM32F0xx_HAL_Driver/Src/stm32f0xx_hal_gpio.c ****         (++) In alternate mode is selection, the alternate function connected to
  76:Drivers/STM32F0xx_HAL_Driver/Src/stm32f0xx_hal_gpio.c ****   the IO is configured through "Alternate" member from GPIO_InitTypeDef
  77:Drivers/STM32F0xx_HAL_Driver/Src/stm32f0xx_hal_gpio.c ****   structure.
  78:Drivers/STM32F0xx_HAL_Driver/Src/stm32f0xx_hal_gpio.c ****        (++) Analog mode is required when a pin is to be used as ADC channel
  79:Drivers/STM32F0xx_HAL_Driver/Src/stm32f0xx_hal_gpio.c ****             or DAC output.
  80:Drivers/STM32F0xx_HAL_Driver/Src/stm32f0xx_hal_gpio.c ****        (++) In case of external interrupt/event selection the "Mode" member from
  81:Drivers/STM32F0xx_HAL_Driver/Src/stm32f0xx_hal_gpio.c ****             GPIO_InitTypeDef structure select the type (interrupt or event) and
  82:Drivers/STM32F0xx_HAL_Driver/Src/stm32f0xx_hal_gpio.c ****             the corresponding trigger event (rising or falling or both).
  83:Drivers/STM32F0xx_HAL_Driver/Src/stm32f0xx_hal_gpio.c **** 
  84:Drivers/STM32F0xx_HAL_Driver/Src/stm32f0xx_hal_gpio.c ****    (#) In case of external interrupt/event mode selection, configure NVIC IRQ
  85:Drivers/STM32F0xx_HAL_Driver/Src/stm32f0xx_hal_gpio.c ****   priority mapped to the EXTI line using HAL_NVIC_SetPriority() and enable it
  86:Drivers/STM32F0xx_HAL_Driver/Src/stm32f0xx_hal_gpio.c ****   using HAL_NVIC_EnableIRQ().
  87:Drivers/STM32F0xx_HAL_Driver/Src/stm32f0xx_hal_gpio.c **** 
  88:Drivers/STM32F0xx_HAL_Driver/Src/stm32f0xx_hal_gpio.c ****    (#) HAL_GPIO_DeInit allows to set register values to their reset value. It's
ARM GAS  /tmp/ccl9Kcp0.s 			page 3


  89:Drivers/STM32F0xx_HAL_Driver/Src/stm32f0xx_hal_gpio.c ****   also recommended to use it to unconfigure pin which was used as an external
  90:Drivers/STM32F0xx_HAL_Driver/Src/stm32f0xx_hal_gpio.c ****   interrupt or in event mode. That's the only way to reset corresponding bit in
  91:Drivers/STM32F0xx_HAL_Driver/Src/stm32f0xx_hal_gpio.c ****   EXTI & SYSCFG registers.
  92:Drivers/STM32F0xx_HAL_Driver/Src/stm32f0xx_hal_gpio.c **** 
  93:Drivers/STM32F0xx_HAL_Driver/Src/stm32f0xx_hal_gpio.c ****    (#) To get the level of a pin configured in input mode use
  94:Drivers/STM32F0xx_HAL_Driver/Src/stm32f0xx_hal_gpio.c ****   HAL_GPIO_ReadPin().
  95:Drivers/STM32F0xx_HAL_Driver/Src/stm32f0xx_hal_gpio.c **** 
  96:Drivers/STM32F0xx_HAL_Driver/Src/stm32f0xx_hal_gpio.c ****    (#) To set/reset the level of a pin configured in output mode use
  97:Drivers/STM32F0xx_HAL_Driver/Src/stm32f0xx_hal_gpio.c ****        HAL_GPIO_WritePin()/HAL_GPIO_TogglePin().
  98:Drivers/STM32F0xx_HAL_Driver/Src/stm32f0xx_hal_gpio.c **** 
  99:Drivers/STM32F0xx_HAL_Driver/Src/stm32f0xx_hal_gpio.c ****    (#) To lock pin configuration until next reset use HAL_GPIO_LockPin().
 100:Drivers/STM32F0xx_HAL_Driver/Src/stm32f0xx_hal_gpio.c **** 
 101:Drivers/STM32F0xx_HAL_Driver/Src/stm32f0xx_hal_gpio.c ****    (#) During and just after reset, the alternate functions are not
 102:Drivers/STM32F0xx_HAL_Driver/Src/stm32f0xx_hal_gpio.c ****        active and the GPIO pins are configured in input floating mode (except
 103:Drivers/STM32F0xx_HAL_Driver/Src/stm32f0xx_hal_gpio.c ****   JTAG pins).
 104:Drivers/STM32F0xx_HAL_Driver/Src/stm32f0xx_hal_gpio.c **** 
 105:Drivers/STM32F0xx_HAL_Driver/Src/stm32f0xx_hal_gpio.c ****    (#) The LSE oscillator pins OSC32_IN and OSC32_OUT can be used as general
 106:Drivers/STM32F0xx_HAL_Driver/Src/stm32f0xx_hal_gpio.c ****   purpose (PC14 and PC15, respectively) when the LSE oscillator is off. The LSE
 107:Drivers/STM32F0xx_HAL_Driver/Src/stm32f0xx_hal_gpio.c ****   has priority over the GPIO function.
 108:Drivers/STM32F0xx_HAL_Driver/Src/stm32f0xx_hal_gpio.c **** 
 109:Drivers/STM32F0xx_HAL_Driver/Src/stm32f0xx_hal_gpio.c ****    (#) The HSE oscillator pins OSC_IN/OSC_OUT can be used as
 110:Drivers/STM32F0xx_HAL_Driver/Src/stm32f0xx_hal_gpio.c ****         general purpose PF0 and PF1, respectively, when the HSE oscillator is
 111:Drivers/STM32F0xx_HAL_Driver/Src/stm32f0xx_hal_gpio.c ****   off. The HSE has priority over the GPIO function.
 112:Drivers/STM32F0xx_HAL_Driver/Src/stm32f0xx_hal_gpio.c **** 
 113:Drivers/STM32F0xx_HAL_Driver/Src/stm32f0xx_hal_gpio.c ****   @endverbatim
 114:Drivers/STM32F0xx_HAL_Driver/Src/stm32f0xx_hal_gpio.c ****   ******************************************************************************
 115:Drivers/STM32F0xx_HAL_Driver/Src/stm32f0xx_hal_gpio.c ****   */
 116:Drivers/STM32F0xx_HAL_Driver/Src/stm32f0xx_hal_gpio.c **** 
 117:Drivers/STM32F0xx_HAL_Driver/Src/stm32f0xx_hal_gpio.c **** /* Includes ------------------------------------------------------------------*/
 118:Drivers/STM32F0xx_HAL_Driver/Src/stm32f0xx_hal_gpio.c **** #include "stm32f0xx_hal.h"
 119:Drivers/STM32F0xx_HAL_Driver/Src/stm32f0xx_hal_gpio.c **** 
 120:Drivers/STM32F0xx_HAL_Driver/Src/stm32f0xx_hal_gpio.c **** /** @addtogroup STM32F0xx_HAL_Driver
 121:Drivers/STM32F0xx_HAL_Driver/Src/stm32f0xx_hal_gpio.c ****  * @{
 122:Drivers/STM32F0xx_HAL_Driver/Src/stm32f0xx_hal_gpio.c ****  */
 123:Drivers/STM32F0xx_HAL_Driver/Src/stm32f0xx_hal_gpio.c **** 
 124:Drivers/STM32F0xx_HAL_Driver/Src/stm32f0xx_hal_gpio.c **** /** @defgroup GPIO GPIO
 125:Drivers/STM32F0xx_HAL_Driver/Src/stm32f0xx_hal_gpio.c ****  * @brief GPIO HAL module driver
 126:Drivers/STM32F0xx_HAL_Driver/Src/stm32f0xx_hal_gpio.c ****  * @{
 127:Drivers/STM32F0xx_HAL_Driver/Src/stm32f0xx_hal_gpio.c ****  */
 128:Drivers/STM32F0xx_HAL_Driver/Src/stm32f0xx_hal_gpio.c **** 
 129:Drivers/STM32F0xx_HAL_Driver/Src/stm32f0xx_hal_gpio.c **** /** MISRA C:2012 deviation rule has been granted for following rules:
 130:Drivers/STM32F0xx_HAL_Driver/Src/stm32f0xx_hal_gpio.c ****  * Rule-18.1_d - Medium: Array pointer `GPIOx' is accessed with index [..,..]
 131:Drivers/STM32F0xx_HAL_Driver/Src/stm32f0xx_hal_gpio.c ****  * which may be out of array bounds [..,UNKNOWN] in following APIs:
 132:Drivers/STM32F0xx_HAL_Driver/Src/stm32f0xx_hal_gpio.c ****  * HAL_GPIO_Init
 133:Drivers/STM32F0xx_HAL_Driver/Src/stm32f0xx_hal_gpio.c ****  * HAL_GPIO_DeInit
 134:Drivers/STM32F0xx_HAL_Driver/Src/stm32f0xx_hal_gpio.c ****  */
 135:Drivers/STM32F0xx_HAL_Driver/Src/stm32f0xx_hal_gpio.c **** 
 136:Drivers/STM32F0xx_HAL_Driver/Src/stm32f0xx_hal_gpio.c **** #ifdef HAL_GPIO_MODULE_ENABLED
 137:Drivers/STM32F0xx_HAL_Driver/Src/stm32f0xx_hal_gpio.c **** 
 138:Drivers/STM32F0xx_HAL_Driver/Src/stm32f0xx_hal_gpio.c **** /* Private typedef -----------------------------------------------------------*/
 139:Drivers/STM32F0xx_HAL_Driver/Src/stm32f0xx_hal_gpio.c **** /* Private defines -----------------------------------------------------------*/
 140:Drivers/STM32F0xx_HAL_Driver/Src/stm32f0xx_hal_gpio.c **** /** @addtogroup GPIO_Private_Constants GPIO Private Constants
 141:Drivers/STM32F0xx_HAL_Driver/Src/stm32f0xx_hal_gpio.c ****  * @{
 142:Drivers/STM32F0xx_HAL_Driver/Src/stm32f0xx_hal_gpio.c ****  */
 143:Drivers/STM32F0xx_HAL_Driver/Src/stm32f0xx_hal_gpio.c **** #define GPIO_NUMBER 16U
 144:Drivers/STM32F0xx_HAL_Driver/Src/stm32f0xx_hal_gpio.c **** /**
 145:Drivers/STM32F0xx_HAL_Driver/Src/stm32f0xx_hal_gpio.c ****  * @}
ARM GAS  /tmp/ccl9Kcp0.s 			page 4


 146:Drivers/STM32F0xx_HAL_Driver/Src/stm32f0xx_hal_gpio.c ****  */
 147:Drivers/STM32F0xx_HAL_Driver/Src/stm32f0xx_hal_gpio.c **** 
 148:Drivers/STM32F0xx_HAL_Driver/Src/stm32f0xx_hal_gpio.c **** /* Private macros ------------------------------------------------------------*/
 149:Drivers/STM32F0xx_HAL_Driver/Src/stm32f0xx_hal_gpio.c **** /* Private variables ---------------------------------------------------------*/
 150:Drivers/STM32F0xx_HAL_Driver/Src/stm32f0xx_hal_gpio.c **** /* Private function prototypes -----------------------------------------------*/
 151:Drivers/STM32F0xx_HAL_Driver/Src/stm32f0xx_hal_gpio.c **** /* Exported functions --------------------------------------------------------*/
 152:Drivers/STM32F0xx_HAL_Driver/Src/stm32f0xx_hal_gpio.c **** 
 153:Drivers/STM32F0xx_HAL_Driver/Src/stm32f0xx_hal_gpio.c **** /** @defgroup GPIO_Exported_Functions GPIO Exported Functions
 154:Drivers/STM32F0xx_HAL_Driver/Src/stm32f0xx_hal_gpio.c ****  * @{
 155:Drivers/STM32F0xx_HAL_Driver/Src/stm32f0xx_hal_gpio.c ****  */
 156:Drivers/STM32F0xx_HAL_Driver/Src/stm32f0xx_hal_gpio.c **** 
 157:Drivers/STM32F0xx_HAL_Driver/Src/stm32f0xx_hal_gpio.c **** /** @defgroup GPIO_Exported_Functions_Group1 Initialization/de-initialization
 158:Drivers/STM32F0xx_HAL_Driver/Src/stm32f0xx_hal_gpio.c **** functions
 159:Drivers/STM32F0xx_HAL_Driver/Src/stm32f0xx_hal_gpio.c ****  *  @brief    Initialization and Configuration functions
 160:Drivers/STM32F0xx_HAL_Driver/Src/stm32f0xx_hal_gpio.c ****  *
 161:Drivers/STM32F0xx_HAL_Driver/Src/stm32f0xx_hal_gpio.c **** @verbatim
 162:Drivers/STM32F0xx_HAL_Driver/Src/stm32f0xx_hal_gpio.c ****  ===============================================================================
 163:Drivers/STM32F0xx_HAL_Driver/Src/stm32f0xx_hal_gpio.c ****               ##### Initialization and de-initialization functions #####
 164:Drivers/STM32F0xx_HAL_Driver/Src/stm32f0xx_hal_gpio.c ****  ===============================================================================
 165:Drivers/STM32F0xx_HAL_Driver/Src/stm32f0xx_hal_gpio.c **** 
 166:Drivers/STM32F0xx_HAL_Driver/Src/stm32f0xx_hal_gpio.c **** @endverbatim
 167:Drivers/STM32F0xx_HAL_Driver/Src/stm32f0xx_hal_gpio.c ****   * @{
 168:Drivers/STM32F0xx_HAL_Driver/Src/stm32f0xx_hal_gpio.c ****   */
 169:Drivers/STM32F0xx_HAL_Driver/Src/stm32f0xx_hal_gpio.c **** 
 170:Drivers/STM32F0xx_HAL_Driver/Src/stm32f0xx_hal_gpio.c **** /**
 171:Drivers/STM32F0xx_HAL_Driver/Src/stm32f0xx_hal_gpio.c ****  * @brief  Initialize the GPIOx peripheral according to the specified parameters
 172:Drivers/STM32F0xx_HAL_Driver/Src/stm32f0xx_hal_gpio.c ****  * in the GPIO_Init.
 173:Drivers/STM32F0xx_HAL_Driver/Src/stm32f0xx_hal_gpio.c ****  * @param  GPIOx where x can be (A..F) to select the GPIO peripheral for STM32F0
 174:Drivers/STM32F0xx_HAL_Driver/Src/stm32f0xx_hal_gpio.c ****  * family
 175:Drivers/STM32F0xx_HAL_Driver/Src/stm32f0xx_hal_gpio.c ****  * @param  GPIO_Init pointer to a GPIO_InitTypeDef structure that contains
 176:Drivers/STM32F0xx_HAL_Driver/Src/stm32f0xx_hal_gpio.c ****  *         the configuration information for the specified GPIO peripheral.
 177:Drivers/STM32F0xx_HAL_Driver/Src/stm32f0xx_hal_gpio.c ****  * @retval None
 178:Drivers/STM32F0xx_HAL_Driver/Src/stm32f0xx_hal_gpio.c ****  */
 179:Drivers/STM32F0xx_HAL_Driver/Src/stm32f0xx_hal_gpio.c **** void HAL_GPIO_Init(GPIO_TypeDef *GPIOx, GPIO_InitTypeDef *GPIO_Init) {
  28              		.loc 1 179 70 view -0
  29              		.cfi_startproc
  30              		@ args = 0, pretend = 0, frame = 8
  31              		@ frame_needed = 0, uses_anonymous_args = 0
  32              		.loc 1 179 70 is_stmt 0 view .LVU1
  33 0000 F0B5     		push	{r4, r5, r6, r7, lr}
  34              	.LCFI0:
  35              		.cfi_def_cfa_offset 20
  36              		.cfi_offset 4, -20
  37              		.cfi_offset 5, -16
  38              		.cfi_offset 6, -12
  39              		.cfi_offset 7, -8
  40              		.cfi_offset 14, -4
  41 0002 83B0     		sub	sp, sp, #12
  42              	.LCFI1:
  43              		.cfi_def_cfa_offset 32
  44 0004 0400     		movs	r4, r0
 180:Drivers/STM32F0xx_HAL_Driver/Src/stm32f0xx_hal_gpio.c ****   uint32_t position = 0x00u;
  45              		.loc 1 180 3 is_stmt 1 view .LVU2
  46              	.LVL1:
 181:Drivers/STM32F0xx_HAL_Driver/Src/stm32f0xx_hal_gpio.c ****   uint32_t iocurrent;
  47              		.loc 1 181 3 view .LVU3
 182:Drivers/STM32F0xx_HAL_Driver/Src/stm32f0xx_hal_gpio.c ****   uint32_t temp;
ARM GAS  /tmp/ccl9Kcp0.s 			page 5


  48              		.loc 1 182 3 view .LVU4
 183:Drivers/STM32F0xx_HAL_Driver/Src/stm32f0xx_hal_gpio.c **** 
 184:Drivers/STM32F0xx_HAL_Driver/Src/stm32f0xx_hal_gpio.c ****   /* Check the parameters */
 185:Drivers/STM32F0xx_HAL_Driver/Src/stm32f0xx_hal_gpio.c ****   assert_param(IS_GPIO_ALL_INSTANCE(GPIOx));
  49              		.loc 1 185 3 view .LVU5
 186:Drivers/STM32F0xx_HAL_Driver/Src/stm32f0xx_hal_gpio.c ****   assert_param(IS_GPIO_PIN(GPIO_Init->Pin));
  50              		.loc 1 186 3 view .LVU6
 187:Drivers/STM32F0xx_HAL_Driver/Src/stm32f0xx_hal_gpio.c ****   assert_param(IS_GPIO_MODE(GPIO_Init->Mode));
  51              		.loc 1 187 3 view .LVU7
 188:Drivers/STM32F0xx_HAL_Driver/Src/stm32f0xx_hal_gpio.c **** 
 189:Drivers/STM32F0xx_HAL_Driver/Src/stm32f0xx_hal_gpio.c ****   /* Configure the port pins */
 190:Drivers/STM32F0xx_HAL_Driver/Src/stm32f0xx_hal_gpio.c ****   while (((GPIO_Init->Pin) >> position) != 0x00u) {
  52              		.loc 1 190 3 view .LVU8
 180:Drivers/STM32F0xx_HAL_Driver/Src/stm32f0xx_hal_gpio.c ****   uint32_t iocurrent;
  53              		.loc 1 180 12 is_stmt 0 view .LVU9
  54 0006 0023     		movs	r3, #0
  55              		.loc 1 190 9 view .LVU10
  56 0008 56E0     		b	.L2
  57              	.LVL2:
  58              	.L22:
 191:Drivers/STM32F0xx_HAL_Driver/Src/stm32f0xx_hal_gpio.c ****     /* Get current io position */
 192:Drivers/STM32F0xx_HAL_Driver/Src/stm32f0xx_hal_gpio.c ****     iocurrent = (GPIO_Init->Pin) & (1uL << position);
 193:Drivers/STM32F0xx_HAL_Driver/Src/stm32f0xx_hal_gpio.c **** 
 194:Drivers/STM32F0xx_HAL_Driver/Src/stm32f0xx_hal_gpio.c ****     if (iocurrent != 0x00u) {
 195:Drivers/STM32F0xx_HAL_Driver/Src/stm32f0xx_hal_gpio.c ****       /*--------------------- GPIO Mode Configuration ------------------------*/
 196:Drivers/STM32F0xx_HAL_Driver/Src/stm32f0xx_hal_gpio.c ****       /* In case of Output or Alternate function mode selection */
 197:Drivers/STM32F0xx_HAL_Driver/Src/stm32f0xx_hal_gpio.c ****       if (((GPIO_Init->Mode & GPIO_MODE) == MODE_OUTPUT) ||
 198:Drivers/STM32F0xx_HAL_Driver/Src/stm32f0xx_hal_gpio.c ****           ((GPIO_Init->Mode & GPIO_MODE) == MODE_AF)) {
 199:Drivers/STM32F0xx_HAL_Driver/Src/stm32f0xx_hal_gpio.c ****         /* Check the Speed parameter */
 200:Drivers/STM32F0xx_HAL_Driver/Src/stm32f0xx_hal_gpio.c ****         assert_param(IS_GPIO_SPEED(GPIO_Init->Speed));
  59              		.loc 1 200 9 is_stmt 1 view .LVU11
 201:Drivers/STM32F0xx_HAL_Driver/Src/stm32f0xx_hal_gpio.c ****         /* Configure the IO Speed */
 202:Drivers/STM32F0xx_HAL_Driver/Src/stm32f0xx_hal_gpio.c ****         temp = GPIOx->OSPEEDR;
  60              		.loc 1 202 9 view .LVU12
  61              		.loc 1 202 14 is_stmt 0 view .LVU13
  62 000a A668     		ldr	r6, [r4, #8]
  63              	.LVL3:
 203:Drivers/STM32F0xx_HAL_Driver/Src/stm32f0xx_hal_gpio.c ****         temp &= ~(GPIO_OSPEEDER_OSPEEDR0 << (position * 2u));
  64              		.loc 1 203 9 is_stmt 1 view .LVU14
  65              		.loc 1 203 55 is_stmt 0 view .LVU15
  66 000c 5F00     		lsls	r7, r3, #1
  67              		.loc 1 203 42 view .LVU16
  68 000e 0320     		movs	r0, #3
  69 0010 B840     		lsls	r0, r0, r7
  70              		.loc 1 203 14 view .LVU17
  71 0012 8643     		bics	r6, r0
  72              	.LVL4:
 204:Drivers/STM32F0xx_HAL_Driver/Src/stm32f0xx_hal_gpio.c ****         temp |= (GPIO_Init->Speed << (position * 2u));
  73              		.loc 1 204 9 is_stmt 1 view .LVU18
  74              		.loc 1 204 27 is_stmt 0 view .LVU19
  75 0014 C868     		ldr	r0, [r1, #12]
  76              		.loc 1 204 35 view .LVU20
  77 0016 B840     		lsls	r0, r0, r7
  78              		.loc 1 204 14 view .LVU21
  79 0018 3043     		orrs	r0, r6
  80              	.LVL5:
 205:Drivers/STM32F0xx_HAL_Driver/Src/stm32f0xx_hal_gpio.c ****         GPIOx->OSPEEDR = temp;
ARM GAS  /tmp/ccl9Kcp0.s 			page 6


  81              		.loc 1 205 9 is_stmt 1 view .LVU22
  82              		.loc 1 205 24 is_stmt 0 view .LVU23
  83 001a A060     		str	r0, [r4, #8]
 206:Drivers/STM32F0xx_HAL_Driver/Src/stm32f0xx_hal_gpio.c **** 
 207:Drivers/STM32F0xx_HAL_Driver/Src/stm32f0xx_hal_gpio.c ****         /* Configure the IO Output Type */
 208:Drivers/STM32F0xx_HAL_Driver/Src/stm32f0xx_hal_gpio.c ****         temp = GPIOx->OTYPER;
  84              		.loc 1 208 9 is_stmt 1 view .LVU24
  85              		.loc 1 208 14 is_stmt 0 view .LVU25
  86 001c 6068     		ldr	r0, [r4, #4]
  87              	.LVL6:
 209:Drivers/STM32F0xx_HAL_Driver/Src/stm32f0xx_hal_gpio.c ****         temp &= ~(GPIO_OTYPER_OT_0 << position);
  88              		.loc 1 209 9 is_stmt 1 view .LVU26
  89              		.loc 1 209 14 is_stmt 0 view .LVU27
  90 001e 9043     		bics	r0, r2
  91              	.LVL7:
 210:Drivers/STM32F0xx_HAL_Driver/Src/stm32f0xx_hal_gpio.c ****         temp |=
  92              		.loc 1 210 9 is_stmt 1 view .LVU28
 211:Drivers/STM32F0xx_HAL_Driver/Src/stm32f0xx_hal_gpio.c ****             (((GPIO_Init->Mode & OUTPUT_TYPE) >> OUTPUT_TYPE_Pos) << position);
  93              		.loc 1 211 25 is_stmt 0 view .LVU29
  94 0020 4E68     		ldr	r6, [r1, #4]
  95              		.loc 1 211 47 view .LVU30
  96 0022 3609     		lsrs	r6, r6, #4
  97 0024 0122     		movs	r2, #1
  98 0026 3240     		ands	r2, r6
  99              		.loc 1 211 67 view .LVU31
 100 0028 9A40     		lsls	r2, r2, r3
 210:Drivers/STM32F0xx_HAL_Driver/Src/stm32f0xx_hal_gpio.c ****         temp |=
 101              		.loc 1 210 14 view .LVU32
 102 002a 0243     		orrs	r2, r0
 103              	.LVL8:
 212:Drivers/STM32F0xx_HAL_Driver/Src/stm32f0xx_hal_gpio.c ****         GPIOx->OTYPER = temp;
 104              		.loc 1 212 9 is_stmt 1 view .LVU33
 105              		.loc 1 212 23 is_stmt 0 view .LVU34
 106 002c 6260     		str	r2, [r4, #4]
 107 002e 53E0     		b	.L4
 108              	.LVL9:
 109              	.L23:
 213:Drivers/STM32F0xx_HAL_Driver/Src/stm32f0xx_hal_gpio.c ****       }
 214:Drivers/STM32F0xx_HAL_Driver/Src/stm32f0xx_hal_gpio.c **** 
 215:Drivers/STM32F0xx_HAL_Driver/Src/stm32f0xx_hal_gpio.c ****       if ((GPIO_Init->Mode & GPIO_MODE) != MODE_ANALOG) {
 216:Drivers/STM32F0xx_HAL_Driver/Src/stm32f0xx_hal_gpio.c ****         /* Check the Pull parameter */
 217:Drivers/STM32F0xx_HAL_Driver/Src/stm32f0xx_hal_gpio.c ****         assert_param(IS_GPIO_PULL(GPIO_Init->Pull));
 218:Drivers/STM32F0xx_HAL_Driver/Src/stm32f0xx_hal_gpio.c **** 
 219:Drivers/STM32F0xx_HAL_Driver/Src/stm32f0xx_hal_gpio.c ****         /* Activate the Pull-up or Pull down resistor for the current IO */
 220:Drivers/STM32F0xx_HAL_Driver/Src/stm32f0xx_hal_gpio.c ****         temp = GPIOx->PUPDR;
 221:Drivers/STM32F0xx_HAL_Driver/Src/stm32f0xx_hal_gpio.c ****         temp &= ~(GPIO_PUPDR_PUPDR0 << (position * 2u));
 222:Drivers/STM32F0xx_HAL_Driver/Src/stm32f0xx_hal_gpio.c ****         temp |= ((GPIO_Init->Pull) << (position * 2u));
 223:Drivers/STM32F0xx_HAL_Driver/Src/stm32f0xx_hal_gpio.c ****         GPIOx->PUPDR = temp;
 224:Drivers/STM32F0xx_HAL_Driver/Src/stm32f0xx_hal_gpio.c ****       }
 225:Drivers/STM32F0xx_HAL_Driver/Src/stm32f0xx_hal_gpio.c **** 
 226:Drivers/STM32F0xx_HAL_Driver/Src/stm32f0xx_hal_gpio.c ****       /* In case of Alternate function mode selection */
 227:Drivers/STM32F0xx_HAL_Driver/Src/stm32f0xx_hal_gpio.c ****       if ((GPIO_Init->Mode & GPIO_MODE) == MODE_AF) {
 228:Drivers/STM32F0xx_HAL_Driver/Src/stm32f0xx_hal_gpio.c ****         /* Check the Alternate function parameters */
 229:Drivers/STM32F0xx_HAL_Driver/Src/stm32f0xx_hal_gpio.c ****         assert_param(IS_GPIO_AF_INSTANCE(GPIOx));
 110              		.loc 1 229 9 is_stmt 1 view .LVU35
 230:Drivers/STM32F0xx_HAL_Driver/Src/stm32f0xx_hal_gpio.c ****         assert_param(IS_GPIO_AF(GPIO_Init->Alternate));
 111              		.loc 1 230 9 view .LVU36
ARM GAS  /tmp/ccl9Kcp0.s 			page 7


 231:Drivers/STM32F0xx_HAL_Driver/Src/stm32f0xx_hal_gpio.c **** 
 232:Drivers/STM32F0xx_HAL_Driver/Src/stm32f0xx_hal_gpio.c ****         /* Configure Alternate function mapped with the current IO */
 233:Drivers/STM32F0xx_HAL_Driver/Src/stm32f0xx_hal_gpio.c ****         temp = GPIOx->AFR[position >> 3u];
 112              		.loc 1 233 9 view .LVU37
 113              		.loc 1 233 36 is_stmt 0 view .LVU38
 114 0030 DE08     		lsrs	r6, r3, #3
 115              		.loc 1 233 14 view .LVU39
 116 0032 0836     		adds	r6, r6, #8
 117 0034 B600     		lsls	r6, r6, #2
 118 0036 3759     		ldr	r7, [r6, r4]
 119              	.LVL10:
 234:Drivers/STM32F0xx_HAL_Driver/Src/stm32f0xx_hal_gpio.c ****         temp &= ~(0xFu << ((position & 0x07u) * 4u));
 120              		.loc 1 234 9 is_stmt 1 view .LVU40
 121              		.loc 1 234 38 is_stmt 0 view .LVU41
 122 0038 0532     		adds	r2, r2, #5
 123 003a 1A40     		ands	r2, r3
 124              		.loc 1 234 47 view .LVU42
 125 003c 9200     		lsls	r2, r2, #2
 126              		.loc 1 234 24 view .LVU43
 127 003e 0F20     		movs	r0, #15
 128 0040 9040     		lsls	r0, r0, r2
 129              		.loc 1 234 14 view .LVU44
 130 0042 8743     		bics	r7, r0
 131              	.LVL11:
 235:Drivers/STM32F0xx_HAL_Driver/Src/stm32f0xx_hal_gpio.c ****         temp |= ((GPIO_Init->Alternate) << ((position & 0x07u) * 4u));
 132              		.loc 1 235 9 is_stmt 1 view .LVU45
 133              		.loc 1 235 28 is_stmt 0 view .LVU46
 134 0044 0869     		ldr	r0, [r1, #16]
 135              		.loc 1 235 41 view .LVU47
 136 0046 9040     		lsls	r0, r0, r2
 137 0048 0200     		movs	r2, r0
 138              		.loc 1 235 14 view .LVU48
 139 004a 3A43     		orrs	r2, r7
 140              	.LVL12:
 236:Drivers/STM32F0xx_HAL_Driver/Src/stm32f0xx_hal_gpio.c ****         GPIOx->AFR[position >> 3u] = temp;
 141              		.loc 1 236 9 is_stmt 1 view .LVU49
 142              		.loc 1 236 36 is_stmt 0 view .LVU50
 143 004c 3251     		str	r2, [r6, r4]
 144 004e 56E0     		b	.L6
 145              	.LVL13:
 146              	.L24:
 237:Drivers/STM32F0xx_HAL_Driver/Src/stm32f0xx_hal_gpio.c ****       }
 238:Drivers/STM32F0xx_HAL_Driver/Src/stm32f0xx_hal_gpio.c **** 
 239:Drivers/STM32F0xx_HAL_Driver/Src/stm32f0xx_hal_gpio.c ****       /* Configure IO Direction mode (Input, Output, Alternate or Analog) */
 240:Drivers/STM32F0xx_HAL_Driver/Src/stm32f0xx_hal_gpio.c ****       temp = GPIOx->MODER;
 241:Drivers/STM32F0xx_HAL_Driver/Src/stm32f0xx_hal_gpio.c ****       temp &= ~(GPIO_MODER_MODER0 << (position * 2u));
 242:Drivers/STM32F0xx_HAL_Driver/Src/stm32f0xx_hal_gpio.c ****       temp |= ((GPIO_Init->Mode & GPIO_MODE) << (position * 2u));
 243:Drivers/STM32F0xx_HAL_Driver/Src/stm32f0xx_hal_gpio.c ****       GPIOx->MODER = temp;
 244:Drivers/STM32F0xx_HAL_Driver/Src/stm32f0xx_hal_gpio.c **** 
 245:Drivers/STM32F0xx_HAL_Driver/Src/stm32f0xx_hal_gpio.c ****       /*--------------------- EXTI Mode Configuration ------------------------*/
 246:Drivers/STM32F0xx_HAL_Driver/Src/stm32f0xx_hal_gpio.c ****       /* Configure the External Interrupt or event for the current IO */
 247:Drivers/STM32F0xx_HAL_Driver/Src/stm32f0xx_hal_gpio.c ****       if ((GPIO_Init->Mode & EXTI_MODE) != 0x00u) {
 248:Drivers/STM32F0xx_HAL_Driver/Src/stm32f0xx_hal_gpio.c ****         /* Enable SYSCFG Clock */
 249:Drivers/STM32F0xx_HAL_Driver/Src/stm32f0xx_hal_gpio.c ****         __HAL_RCC_SYSCFG_CLK_ENABLE();
 250:Drivers/STM32F0xx_HAL_Driver/Src/stm32f0xx_hal_gpio.c **** 
 251:Drivers/STM32F0xx_HAL_Driver/Src/stm32f0xx_hal_gpio.c ****         temp = SYSCFG->EXTICR[position >> 2u];
 252:Drivers/STM32F0xx_HAL_Driver/Src/stm32f0xx_hal_gpio.c ****         temp &= ~(0x0FuL << (4u * (position & 0x03u)));
ARM GAS  /tmp/ccl9Kcp0.s 			page 8


 253:Drivers/STM32F0xx_HAL_Driver/Src/stm32f0xx_hal_gpio.c ****         temp |= (GPIO_GET_INDEX(GPIOx) << (4u * (position & 0x03u)));
 147              		.loc 1 253 18 discriminator 7 view .LVU51
 148 0050 0326     		movs	r6, #3
 149 0052 00E0     		b	.L7
 150              	.L13:
 151              		.loc 1 253 18 discriminator 2 view .LVU52
 152 0054 0026     		movs	r6, #0
 153              	.L7:
 154              		.loc 1 253 40 discriminator 9 view .LVU53
 155 0056 8640     		lsls	r6, r6, r0
 156 0058 3000     		movs	r0, r6
 157              		.loc 1 253 14 discriminator 9 view .LVU54
 158 005a 3843     		orrs	r0, r7
 159              	.LVL14:
 254:Drivers/STM32F0xx_HAL_Driver/Src/stm32f0xx_hal_gpio.c ****         SYSCFG->EXTICR[position >> 2u] = temp;
 160              		.loc 1 254 9 is_stmt 1 view .LVU55
 161              		.loc 1 254 40 is_stmt 0 view .LVU56
 162 005c 0232     		adds	r2, r2, #2
 163 005e 9200     		lsls	r2, r2, #2
 164 0060 444E     		ldr	r6, .L25
 165 0062 9051     		str	r0, [r2, r6]
 255:Drivers/STM32F0xx_HAL_Driver/Src/stm32f0xx_hal_gpio.c **** 
 256:Drivers/STM32F0xx_HAL_Driver/Src/stm32f0xx_hal_gpio.c ****         /* Clear Rising Falling edge configuration */
 257:Drivers/STM32F0xx_HAL_Driver/Src/stm32f0xx_hal_gpio.c ****         temp = EXTI->RTSR;
 166              		.loc 1 257 9 is_stmt 1 view .LVU57
 167              		.loc 1 257 14 is_stmt 0 view .LVU58
 168 0064 444A     		ldr	r2, .L25+4
 169 0066 9768     		ldr	r7, [r2, #8]
 170              	.LVL15:
 258:Drivers/STM32F0xx_HAL_Driver/Src/stm32f0xx_hal_gpio.c ****         temp &= ~(iocurrent);
 171              		.loc 1 258 9 is_stmt 1 view .LVU59
 172              		.loc 1 258 17 is_stmt 0 view .LVU60
 173 0068 EA43     		mvns	r2, r5
 174              		.loc 1 258 14 view .LVU61
 175 006a 3E00     		movs	r6, r7
 176 006c AE43     		bics	r6, r5
 177              	.LVL16:
 259:Drivers/STM32F0xx_HAL_Driver/Src/stm32f0xx_hal_gpio.c ****         if ((GPIO_Init->Mode & TRIGGER_RISING) != 0x00u) {
 178              		.loc 1 259 9 is_stmt 1 view .LVU62
 179              		.loc 1 259 23 is_stmt 0 view .LVU63
 180 006e 4868     		ldr	r0, [r1, #4]
 181              		.loc 1 259 12 view .LVU64
 182 0070 C002     		lsls	r0, r0, #11
 183 0072 01D5     		bpl	.L8
 260:Drivers/STM32F0xx_HAL_Driver/Src/stm32f0xx_hal_gpio.c ****           temp |= iocurrent;
 184              		.loc 1 260 11 is_stmt 1 view .LVU65
 185              		.loc 1 260 16 is_stmt 0 view .LVU66
 186 0074 3E00     		movs	r6, r7
 187              	.LVL17:
 188              		.loc 1 260 16 view .LVU67
 189 0076 2E43     		orrs	r6, r5
 190              	.L8:
 191              	.LVL18:
 261:Drivers/STM32F0xx_HAL_Driver/Src/stm32f0xx_hal_gpio.c ****         }
 262:Drivers/STM32F0xx_HAL_Driver/Src/stm32f0xx_hal_gpio.c ****         EXTI->RTSR = temp;
 192              		.loc 1 262 9 is_stmt 1 view .LVU68
 193              		.loc 1 262 20 is_stmt 0 view .LVU69
ARM GAS  /tmp/ccl9Kcp0.s 			page 9


 194 0078 3F48     		ldr	r0, .L25+4
 195 007a 8660     		str	r6, [r0, #8]
 263:Drivers/STM32F0xx_HAL_Driver/Src/stm32f0xx_hal_gpio.c **** 
 264:Drivers/STM32F0xx_HAL_Driver/Src/stm32f0xx_hal_gpio.c ****         temp = EXTI->FTSR;
 196              		.loc 1 264 9 is_stmt 1 view .LVU70
 197              		.loc 1 264 14 is_stmt 0 view .LVU71
 198 007c C768     		ldr	r7, [r0, #12]
 199              	.LVL19:
 265:Drivers/STM32F0xx_HAL_Driver/Src/stm32f0xx_hal_gpio.c ****         temp &= ~(iocurrent);
 200              		.loc 1 265 9 is_stmt 1 view .LVU72
 201              		.loc 1 265 14 is_stmt 0 view .LVU73
 202 007e 3E00     		movs	r6, r7
 203 0080 1640     		ands	r6, r2
 204              	.LVL20:
 266:Drivers/STM32F0xx_HAL_Driver/Src/stm32f0xx_hal_gpio.c ****         if ((GPIO_Init->Mode & TRIGGER_FALLING) != 0x00u) {
 205              		.loc 1 266 9 is_stmt 1 view .LVU74
 206              		.loc 1 266 23 is_stmt 0 view .LVU75
 207 0082 4868     		ldr	r0, [r1, #4]
 208              		.loc 1 266 12 view .LVU76
 209 0084 8002     		lsls	r0, r0, #10
 210 0086 01D5     		bpl	.L9
 267:Drivers/STM32F0xx_HAL_Driver/Src/stm32f0xx_hal_gpio.c ****           temp |= iocurrent;
 211              		.loc 1 267 11 is_stmt 1 view .LVU77
 212              		.loc 1 267 16 is_stmt 0 view .LVU78
 213 0088 3E00     		movs	r6, r7
 214              	.LVL21:
 215              		.loc 1 267 16 view .LVU79
 216 008a 2E43     		orrs	r6, r5
 217              	.L9:
 218              	.LVL22:
 268:Drivers/STM32F0xx_HAL_Driver/Src/stm32f0xx_hal_gpio.c ****         }
 269:Drivers/STM32F0xx_HAL_Driver/Src/stm32f0xx_hal_gpio.c ****         EXTI->FTSR = temp;
 219              		.loc 1 269 9 is_stmt 1 view .LVU80
 220              		.loc 1 269 20 is_stmt 0 view .LVU81
 221 008c 3A48     		ldr	r0, .L25+4
 222 008e C660     		str	r6, [r0, #12]
 270:Drivers/STM32F0xx_HAL_Driver/Src/stm32f0xx_hal_gpio.c **** 
 271:Drivers/STM32F0xx_HAL_Driver/Src/stm32f0xx_hal_gpio.c ****         /* Clear EXTI line configuration */
 272:Drivers/STM32F0xx_HAL_Driver/Src/stm32f0xx_hal_gpio.c ****         temp = EXTI->EMR;
 223              		.loc 1 272 9 is_stmt 1 view .LVU82
 224              		.loc 1 272 14 is_stmt 0 view .LVU83
 225 0090 4768     		ldr	r7, [r0, #4]
 226              	.LVL23:
 273:Drivers/STM32F0xx_HAL_Driver/Src/stm32f0xx_hal_gpio.c ****         temp &= ~(iocurrent);
 227              		.loc 1 273 9 is_stmt 1 view .LVU84
 228              		.loc 1 273 14 is_stmt 0 view .LVU85
 229 0092 3E00     		movs	r6, r7
 230 0094 1640     		ands	r6, r2
 231              	.LVL24:
 274:Drivers/STM32F0xx_HAL_Driver/Src/stm32f0xx_hal_gpio.c ****         if ((GPIO_Init->Mode & EXTI_EVT) != 0x00u) {
 232              		.loc 1 274 9 is_stmt 1 view .LVU86
 233              		.loc 1 274 23 is_stmt 0 view .LVU87
 234 0096 4868     		ldr	r0, [r1, #4]
 235              		.loc 1 274 12 view .LVU88
 236 0098 8003     		lsls	r0, r0, #14
 237 009a 01D5     		bpl	.L10
 275:Drivers/STM32F0xx_HAL_Driver/Src/stm32f0xx_hal_gpio.c ****           temp |= iocurrent;
ARM GAS  /tmp/ccl9Kcp0.s 			page 10


 238              		.loc 1 275 11 is_stmt 1 view .LVU89
 239              		.loc 1 275 16 is_stmt 0 view .LVU90
 240 009c 3E00     		movs	r6, r7
 241              	.LVL25:
 242              		.loc 1 275 16 view .LVU91
 243 009e 2E43     		orrs	r6, r5
 244              	.L10:
 245              	.LVL26:
 276:Drivers/STM32F0xx_HAL_Driver/Src/stm32f0xx_hal_gpio.c ****         }
 277:Drivers/STM32F0xx_HAL_Driver/Src/stm32f0xx_hal_gpio.c ****         EXTI->EMR = temp;
 246              		.loc 1 277 9 is_stmt 1 view .LVU92
 247              		.loc 1 277 19 is_stmt 0 view .LVU93
 248 00a0 3548     		ldr	r0, .L25+4
 249 00a2 4660     		str	r6, [r0, #4]
 278:Drivers/STM32F0xx_HAL_Driver/Src/stm32f0xx_hal_gpio.c **** 
 279:Drivers/STM32F0xx_HAL_Driver/Src/stm32f0xx_hal_gpio.c ****         temp = EXTI->IMR;
 250              		.loc 1 279 9 is_stmt 1 view .LVU94
 251              		.loc 1 279 14 is_stmt 0 view .LVU95
 252 00a4 0668     		ldr	r6, [r0]
 253              	.LVL27:
 280:Drivers/STM32F0xx_HAL_Driver/Src/stm32f0xx_hal_gpio.c ****         temp &= ~(iocurrent);
 254              		.loc 1 280 9 is_stmt 1 view .LVU96
 255              		.loc 1 280 14 is_stmt 0 view .LVU97
 256 00a6 3240     		ands	r2, r6
 257              	.LVL28:
 281:Drivers/STM32F0xx_HAL_Driver/Src/stm32f0xx_hal_gpio.c ****         if ((GPIO_Init->Mode & EXTI_IT) != 0x00u) {
 258              		.loc 1 281 9 is_stmt 1 view .LVU98
 259              		.loc 1 281 23 is_stmt 0 view .LVU99
 260 00a8 4868     		ldr	r0, [r1, #4]
 261              		.loc 1 281 12 view .LVU100
 262 00aa C003     		lsls	r0, r0, #15
 263 00ac 01D5     		bpl	.L11
 282:Drivers/STM32F0xx_HAL_Driver/Src/stm32f0xx_hal_gpio.c ****           temp |= iocurrent;
 264              		.loc 1 282 11 is_stmt 1 view .LVU101
 265              		.loc 1 282 16 is_stmt 0 view .LVU102
 266 00ae 2A00     		movs	r2, r5
 267              	.LVL29:
 268              		.loc 1 282 16 view .LVU103
 269 00b0 3243     		orrs	r2, r6
 270              	.L11:
 271              	.LVL30:
 283:Drivers/STM32F0xx_HAL_Driver/Src/stm32f0xx_hal_gpio.c ****         }
 284:Drivers/STM32F0xx_HAL_Driver/Src/stm32f0xx_hal_gpio.c ****         EXTI->IMR = temp;
 272              		.loc 1 284 9 is_stmt 1 view .LVU104
 273              		.loc 1 284 19 is_stmt 0 view .LVU105
 274 00b2 3148     		ldr	r0, .L25+4
 275 00b4 0260     		str	r2, [r0]
 276              	.LVL31:
 277              	.L3:
 285:Drivers/STM32F0xx_HAL_Driver/Src/stm32f0xx_hal_gpio.c ****       }
 286:Drivers/STM32F0xx_HAL_Driver/Src/stm32f0xx_hal_gpio.c ****     }
 287:Drivers/STM32F0xx_HAL_Driver/Src/stm32f0xx_hal_gpio.c **** 
 288:Drivers/STM32F0xx_HAL_Driver/Src/stm32f0xx_hal_gpio.c ****     position++;
 278              		.loc 1 288 5 is_stmt 1 view .LVU106
 279              		.loc 1 288 13 is_stmt 0 view .LVU107
 280 00b6 0133     		adds	r3, r3, #1
 281              	.LVL32:
ARM GAS  /tmp/ccl9Kcp0.s 			page 11


 282              	.L2:
 190:Drivers/STM32F0xx_HAL_Driver/Src/stm32f0xx_hal_gpio.c ****     /* Get current io position */
 283              		.loc 1 190 41 is_stmt 1 view .LVU108
 190:Drivers/STM32F0xx_HAL_Driver/Src/stm32f0xx_hal_gpio.c ****     /* Get current io position */
 284              		.loc 1 190 21 is_stmt 0 view .LVU109
 285 00b8 0868     		ldr	r0, [r1]
 190:Drivers/STM32F0xx_HAL_Driver/Src/stm32f0xx_hal_gpio.c ****     /* Get current io position */
 286              		.loc 1 190 28 view .LVU110
 287 00ba 0200     		movs	r2, r0
 288 00bc DA40     		lsrs	r2, r2, r3
 190:Drivers/STM32F0xx_HAL_Driver/Src/stm32f0xx_hal_gpio.c ****     /* Get current io position */
 289              		.loc 1 190 41 view .LVU111
 290 00be 56D0     		beq	.L21
 192:Drivers/STM32F0xx_HAL_Driver/Src/stm32f0xx_hal_gpio.c **** 
 291              		.loc 1 192 5 is_stmt 1 view .LVU112
 192:Drivers/STM32F0xx_HAL_Driver/Src/stm32f0xx_hal_gpio.c **** 
 292              		.loc 1 192 41 is_stmt 0 view .LVU113
 293 00c0 0122     		movs	r2, #1
 294 00c2 9A40     		lsls	r2, r2, r3
 192:Drivers/STM32F0xx_HAL_Driver/Src/stm32f0xx_hal_gpio.c **** 
 295              		.loc 1 192 15 view .LVU114
 296 00c4 0500     		movs	r5, r0
 297 00c6 1540     		ands	r5, r2
 298              	.LVL33:
 194:Drivers/STM32F0xx_HAL_Driver/Src/stm32f0xx_hal_gpio.c ****       /*--------------------- GPIO Mode Configuration ------------------------*/
 299              		.loc 1 194 5 is_stmt 1 view .LVU115
 194:Drivers/STM32F0xx_HAL_Driver/Src/stm32f0xx_hal_gpio.c ****       /*--------------------- GPIO Mode Configuration ------------------------*/
 300              		.loc 1 194 8 is_stmt 0 view .LVU116
 301 00c8 1042     		tst	r0, r2
 302 00ca F4D0     		beq	.L3
 197:Drivers/STM32F0xx_HAL_Driver/Src/stm32f0xx_hal_gpio.c ****           ((GPIO_Init->Mode & GPIO_MODE) == MODE_AF)) {
 303              		.loc 1 197 7 is_stmt 1 view .LVU117
 197:Drivers/STM32F0xx_HAL_Driver/Src/stm32f0xx_hal_gpio.c ****           ((GPIO_Init->Mode & GPIO_MODE) == MODE_AF)) {
 304              		.loc 1 197 22 is_stmt 0 view .LVU118
 305 00cc 4E68     		ldr	r6, [r1, #4]
 197:Drivers/STM32F0xx_HAL_Driver/Src/stm32f0xx_hal_gpio.c ****           ((GPIO_Init->Mode & GPIO_MODE) == MODE_AF)) {
 306              		.loc 1 197 29 view .LVU119
 307 00ce 0320     		movs	r0, #3
 308 00d0 3040     		ands	r0, r6
 197:Drivers/STM32F0xx_HAL_Driver/Src/stm32f0xx_hal_gpio.c ****           ((GPIO_Init->Mode & GPIO_MODE) == MODE_AF)) {
 309              		.loc 1 197 58 view .LVU120
 310 00d2 0138     		subs	r0, r0, #1
 197:Drivers/STM32F0xx_HAL_Driver/Src/stm32f0xx_hal_gpio.c ****           ((GPIO_Init->Mode & GPIO_MODE) == MODE_AF)) {
 311              		.loc 1 197 10 view .LVU121
 312 00d4 0128     		cmp	r0, #1
 313 00d6 98D9     		bls	.L22
 314              	.L4:
 215:Drivers/STM32F0xx_HAL_Driver/Src/stm32f0xx_hal_gpio.c ****         /* Check the Pull parameter */
 315              		.loc 1 215 7 is_stmt 1 view .LVU122
 215:Drivers/STM32F0xx_HAL_Driver/Src/stm32f0xx_hal_gpio.c ****         /* Check the Pull parameter */
 316              		.loc 1 215 21 is_stmt 0 view .LVU123
 317 00d8 4868     		ldr	r0, [r1, #4]
 215:Drivers/STM32F0xx_HAL_Driver/Src/stm32f0xx_hal_gpio.c ****         /* Check the Pull parameter */
 318              		.loc 1 215 28 view .LVU124
 319 00da 0322     		movs	r2, #3
 320 00dc 0240     		ands	r2, r0
 215:Drivers/STM32F0xx_HAL_Driver/Src/stm32f0xx_hal_gpio.c ****         /* Check the Pull parameter */
ARM GAS  /tmp/ccl9Kcp0.s 			page 12


 321              		.loc 1 215 10 view .LVU125
 322 00de 032A     		cmp	r2, #3
 323 00e0 08D0     		beq	.L5
 217:Drivers/STM32F0xx_HAL_Driver/Src/stm32f0xx_hal_gpio.c **** 
 324              		.loc 1 217 9 is_stmt 1 view .LVU126
 220:Drivers/STM32F0xx_HAL_Driver/Src/stm32f0xx_hal_gpio.c ****         temp &= ~(GPIO_PUPDR_PUPDR0 << (position * 2u));
 325              		.loc 1 220 9 view .LVU127
 220:Drivers/STM32F0xx_HAL_Driver/Src/stm32f0xx_hal_gpio.c ****         temp &= ~(GPIO_PUPDR_PUPDR0 << (position * 2u));
 326              		.loc 1 220 14 is_stmt 0 view .LVU128
 327 00e2 E068     		ldr	r0, [r4, #12]
 328              	.LVL34:
 221:Drivers/STM32F0xx_HAL_Driver/Src/stm32f0xx_hal_gpio.c ****         temp |= ((GPIO_Init->Pull) << (position * 2u));
 329              		.loc 1 221 9 is_stmt 1 view .LVU129
 221:Drivers/STM32F0xx_HAL_Driver/Src/stm32f0xx_hal_gpio.c ****         temp |= ((GPIO_Init->Pull) << (position * 2u));
 330              		.loc 1 221 50 is_stmt 0 view .LVU130
 331 00e4 5E00     		lsls	r6, r3, #1
 221:Drivers/STM32F0xx_HAL_Driver/Src/stm32f0xx_hal_gpio.c ****         temp |= ((GPIO_Init->Pull) << (position * 2u));
 332              		.loc 1 221 37 view .LVU131
 333 00e6 0322     		movs	r2, #3
 334 00e8 B240     		lsls	r2, r2, r6
 221:Drivers/STM32F0xx_HAL_Driver/Src/stm32f0xx_hal_gpio.c ****         temp |= ((GPIO_Init->Pull) << (position * 2u));
 335              		.loc 1 221 14 view .LVU132
 336 00ea 9043     		bics	r0, r2
 337              	.LVL35:
 222:Drivers/STM32F0xx_HAL_Driver/Src/stm32f0xx_hal_gpio.c ****         GPIOx->PUPDR = temp;
 338              		.loc 1 222 9 is_stmt 1 view .LVU133
 222:Drivers/STM32F0xx_HAL_Driver/Src/stm32f0xx_hal_gpio.c ****         GPIOx->PUPDR = temp;
 339              		.loc 1 222 28 is_stmt 0 view .LVU134
 340 00ec 8A68     		ldr	r2, [r1, #8]
 222:Drivers/STM32F0xx_HAL_Driver/Src/stm32f0xx_hal_gpio.c ****         GPIOx->PUPDR = temp;
 341              		.loc 1 222 36 view .LVU135
 342 00ee B240     		lsls	r2, r2, r6
 222:Drivers/STM32F0xx_HAL_Driver/Src/stm32f0xx_hal_gpio.c ****         GPIOx->PUPDR = temp;
 343              		.loc 1 222 14 view .LVU136
 344 00f0 0243     		orrs	r2, r0
 345              	.LVL36:
 223:Drivers/STM32F0xx_HAL_Driver/Src/stm32f0xx_hal_gpio.c ****       }
 346              		.loc 1 223 9 is_stmt 1 view .LVU137
 223:Drivers/STM32F0xx_HAL_Driver/Src/stm32f0xx_hal_gpio.c ****       }
 347              		.loc 1 223 22 is_stmt 0 view .LVU138
 348 00f2 E260     		str	r2, [r4, #12]
 349              	.LVL37:
 350              	.L5:
 227:Drivers/STM32F0xx_HAL_Driver/Src/stm32f0xx_hal_gpio.c ****         /* Check the Alternate function parameters */
 351              		.loc 1 227 7 is_stmt 1 view .LVU139
 227:Drivers/STM32F0xx_HAL_Driver/Src/stm32f0xx_hal_gpio.c ****         /* Check the Alternate function parameters */
 352              		.loc 1 227 21 is_stmt 0 view .LVU140
 353 00f4 4868     		ldr	r0, [r1, #4]
 227:Drivers/STM32F0xx_HAL_Driver/Src/stm32f0xx_hal_gpio.c ****         /* Check the Alternate function parameters */
 354              		.loc 1 227 28 view .LVU141
 355 00f6 0322     		movs	r2, #3
 356 00f8 0240     		ands	r2, r0
 227:Drivers/STM32F0xx_HAL_Driver/Src/stm32f0xx_hal_gpio.c ****         /* Check the Alternate function parameters */
 357              		.loc 1 227 10 view .LVU142
 358 00fa 022A     		cmp	r2, #2
 359 00fc 98D0     		beq	.L23
 360              	.L6:
ARM GAS  /tmp/ccl9Kcp0.s 			page 13


 240:Drivers/STM32F0xx_HAL_Driver/Src/stm32f0xx_hal_gpio.c ****       temp &= ~(GPIO_MODER_MODER0 << (position * 2u));
 361              		.loc 1 240 7 is_stmt 1 view .LVU143
 240:Drivers/STM32F0xx_HAL_Driver/Src/stm32f0xx_hal_gpio.c ****       temp &= ~(GPIO_MODER_MODER0 << (position * 2u));
 362              		.loc 1 240 12 is_stmt 0 view .LVU144
 363 00fe 2068     		ldr	r0, [r4]
 364              	.LVL38:
 241:Drivers/STM32F0xx_HAL_Driver/Src/stm32f0xx_hal_gpio.c ****       temp |= ((GPIO_Init->Mode & GPIO_MODE) << (position * 2u));
 365              		.loc 1 241 7 is_stmt 1 view .LVU145
 241:Drivers/STM32F0xx_HAL_Driver/Src/stm32f0xx_hal_gpio.c ****       temp |= ((GPIO_Init->Mode & GPIO_MODE) << (position * 2u));
 366              		.loc 1 241 48 is_stmt 0 view .LVU146
 367 0100 5E00     		lsls	r6, r3, #1
 241:Drivers/STM32F0xx_HAL_Driver/Src/stm32f0xx_hal_gpio.c ****       temp |= ((GPIO_Init->Mode & GPIO_MODE) << (position * 2u));
 368              		.loc 1 241 35 view .LVU147
 369 0102 0322     		movs	r2, #3
 370 0104 1700     		movs	r7, r2
 371 0106 B740     		lsls	r7, r7, r6
 241:Drivers/STM32F0xx_HAL_Driver/Src/stm32f0xx_hal_gpio.c ****       temp |= ((GPIO_Init->Mode & GPIO_MODE) << (position * 2u));
 372              		.loc 1 241 12 view .LVU148
 373 0108 B843     		bics	r0, r7
 374              	.LVL39:
 242:Drivers/STM32F0xx_HAL_Driver/Src/stm32f0xx_hal_gpio.c ****       GPIOx->MODER = temp;
 375              		.loc 1 242 7 is_stmt 1 view .LVU149
 242:Drivers/STM32F0xx_HAL_Driver/Src/stm32f0xx_hal_gpio.c ****       GPIOx->MODER = temp;
 376              		.loc 1 242 26 is_stmt 0 view .LVU150
 377 010a 4F68     		ldr	r7, [r1, #4]
 242:Drivers/STM32F0xx_HAL_Driver/Src/stm32f0xx_hal_gpio.c ****       GPIOx->MODER = temp;
 378              		.loc 1 242 33 view .LVU151
 379 010c 3A40     		ands	r2, r7
 242:Drivers/STM32F0xx_HAL_Driver/Src/stm32f0xx_hal_gpio.c ****       GPIOx->MODER = temp;
 380              		.loc 1 242 46 view .LVU152
 381 010e B240     		lsls	r2, r2, r6
 242:Drivers/STM32F0xx_HAL_Driver/Src/stm32f0xx_hal_gpio.c ****       GPIOx->MODER = temp;
 382              		.loc 1 242 12 view .LVU153
 383 0110 0243     		orrs	r2, r0
 384              	.LVL40:
 243:Drivers/STM32F0xx_HAL_Driver/Src/stm32f0xx_hal_gpio.c **** 
 385              		.loc 1 243 7 is_stmt 1 view .LVU154
 243:Drivers/STM32F0xx_HAL_Driver/Src/stm32f0xx_hal_gpio.c **** 
 386              		.loc 1 243 20 is_stmt 0 view .LVU155
 387 0112 2260     		str	r2, [r4]
 247:Drivers/STM32F0xx_HAL_Driver/Src/stm32f0xx_hal_gpio.c ****         /* Enable SYSCFG Clock */
 388              		.loc 1 247 7 is_stmt 1 view .LVU156
 247:Drivers/STM32F0xx_HAL_Driver/Src/stm32f0xx_hal_gpio.c ****         /* Enable SYSCFG Clock */
 389              		.loc 1 247 21 is_stmt 0 view .LVU157
 390 0114 4868     		ldr	r0, [r1, #4]
 247:Drivers/STM32F0xx_HAL_Driver/Src/stm32f0xx_hal_gpio.c ****         /* Enable SYSCFG Clock */
 391              		.loc 1 247 28 view .LVU158
 392 0116 C022     		movs	r2, #192
 393              	.LVL41:
 247:Drivers/STM32F0xx_HAL_Driver/Src/stm32f0xx_hal_gpio.c ****         /* Enable SYSCFG Clock */
 394              		.loc 1 247 28 view .LVU159
 395 0118 9202     		lsls	r2, r2, #10
 247:Drivers/STM32F0xx_HAL_Driver/Src/stm32f0xx_hal_gpio.c ****         /* Enable SYSCFG Clock */
 396              		.loc 1 247 10 view .LVU160
 397 011a 1042     		tst	r0, r2
 398 011c CBD0     		beq	.L3
 249:Drivers/STM32F0xx_HAL_Driver/Src/stm32f0xx_hal_gpio.c **** 
ARM GAS  /tmp/ccl9Kcp0.s 			page 14


 399              		.loc 1 249 9 is_stmt 1 view .LVU161
 400              	.LBB2:
 249:Drivers/STM32F0xx_HAL_Driver/Src/stm32f0xx_hal_gpio.c **** 
 401              		.loc 1 249 9 view .LVU162
 249:Drivers/STM32F0xx_HAL_Driver/Src/stm32f0xx_hal_gpio.c **** 
 402              		.loc 1 249 9 view .LVU163
 403 011e 1748     		ldr	r0, .L25+8
 404 0120 8669     		ldr	r6, [r0, #24]
 405 0122 0122     		movs	r2, #1
 406 0124 1643     		orrs	r6, r2
 407 0126 8661     		str	r6, [r0, #24]
 408              	.LVL42:
 249:Drivers/STM32F0xx_HAL_Driver/Src/stm32f0xx_hal_gpio.c **** 
 409              		.loc 1 249 9 view .LVU164
 410 0128 8069     		ldr	r0, [r0, #24]
 411 012a 0240     		ands	r2, r0
 412 012c 0192     		str	r2, [sp, #4]
 249:Drivers/STM32F0xx_HAL_Driver/Src/stm32f0xx_hal_gpio.c **** 
 413              		.loc 1 249 9 view .LVU165
 414 012e 019A     		ldr	r2, [sp, #4]
 415              	.LBE2:
 249:Drivers/STM32F0xx_HAL_Driver/Src/stm32f0xx_hal_gpio.c **** 
 416              		.loc 1 249 9 view .LVU166
 251:Drivers/STM32F0xx_HAL_Driver/Src/stm32f0xx_hal_gpio.c ****         temp &= ~(0x0FuL << (4u * (position & 0x03u)));
 417              		.loc 1 251 9 view .LVU167
 251:Drivers/STM32F0xx_HAL_Driver/Src/stm32f0xx_hal_gpio.c ****         temp &= ~(0x0FuL << (4u * (position & 0x03u)));
 418              		.loc 1 251 40 is_stmt 0 view .LVU168
 419 0130 9A08     		lsrs	r2, r3, #2
 251:Drivers/STM32F0xx_HAL_Driver/Src/stm32f0xx_hal_gpio.c ****         temp &= ~(0x0FuL << (4u * (position & 0x03u)));
 420              		.loc 1 251 14 view .LVU169
 421 0132 901C     		adds	r0, r2, #2
 422 0134 8000     		lsls	r0, r0, #2
 423 0136 0F4E     		ldr	r6, .L25
 424 0138 8759     		ldr	r7, [r0, r6]
 425              	.LVL43:
 252:Drivers/STM32F0xx_HAL_Driver/Src/stm32f0xx_hal_gpio.c ****         temp |= (GPIO_GET_INDEX(GPIOx) << (4u * (position & 0x03u)));
 426              		.loc 1 252 9 is_stmt 1 view .LVU170
 252:Drivers/STM32F0xx_HAL_Driver/Src/stm32f0xx_hal_gpio.c ****         temp |= (GPIO_GET_INDEX(GPIOx) << (4u * (position & 0x03u)));
 427              		.loc 1 252 45 is_stmt 0 view .LVU171
 428 013a 0320     		movs	r0, #3
 429 013c 1840     		ands	r0, r3
 252:Drivers/STM32F0xx_HAL_Driver/Src/stm32f0xx_hal_gpio.c ****         temp |= (GPIO_GET_INDEX(GPIOx) << (4u * (position & 0x03u)));
 430              		.loc 1 252 33 view .LVU172
 431 013e 8000     		lsls	r0, r0, #2
 252:Drivers/STM32F0xx_HAL_Driver/Src/stm32f0xx_hal_gpio.c ****         temp |= (GPIO_GET_INDEX(GPIOx) << (4u * (position & 0x03u)));
 432              		.loc 1 252 26 view .LVU173
 433 0140 0F26     		movs	r6, #15
 434 0142 8640     		lsls	r6, r6, r0
 252:Drivers/STM32F0xx_HAL_Driver/Src/stm32f0xx_hal_gpio.c ****         temp |= (GPIO_GET_INDEX(GPIOx) << (4u * (position & 0x03u)));
 435              		.loc 1 252 14 view .LVU174
 436 0144 B743     		bics	r7, r6
 437              	.LVL44:
 253:Drivers/STM32F0xx_HAL_Driver/Src/stm32f0xx_hal_gpio.c ****         SYSCFG->EXTICR[position >> 2u] = temp;
 438              		.loc 1 253 9 is_stmt 1 view .LVU175
 253:Drivers/STM32F0xx_HAL_Driver/Src/stm32f0xx_hal_gpio.c ****         SYSCFG->EXTICR[position >> 2u] = temp;
 439              		.loc 1 253 18 is_stmt 0 view .LVU176
 440 0146 9026     		movs	r6, #144
ARM GAS  /tmp/ccl9Kcp0.s 			page 15


 441 0148 F605     		lsls	r6, r6, #23
 442 014a B442     		cmp	r4, r6
 443 014c 82D0     		beq	.L13
 253:Drivers/STM32F0xx_HAL_Driver/Src/stm32f0xx_hal_gpio.c ****         SYSCFG->EXTICR[position >> 2u] = temp;
 444              		.loc 1 253 18 discriminator 1 view .LVU177
 445 014e 0C4E     		ldr	r6, .L25+12
 446 0150 B442     		cmp	r4, r6
 447 0152 08D0     		beq	.L14
 253:Drivers/STM32F0xx_HAL_Driver/Src/stm32f0xx_hal_gpio.c ****         SYSCFG->EXTICR[position >> 2u] = temp;
 448              		.loc 1 253 18 discriminator 3 view .LVU178
 449 0154 0B4E     		ldr	r6, .L25+16
 450 0156 B442     		cmp	r4, r6
 451 0158 07D0     		beq	.L15
 253:Drivers/STM32F0xx_HAL_Driver/Src/stm32f0xx_hal_gpio.c ****         SYSCFG->EXTICR[position >> 2u] = temp;
 452              		.loc 1 253 18 discriminator 5 view .LVU179
 453 015a 0B4E     		ldr	r6, .L25+20
 454 015c B442     		cmp	r4, r6
 455 015e 00D1     		bne	.LCB388
 456 0160 76E7     		b	.L24	@long jump
 457              	.LCB388:
 253:Drivers/STM32F0xx_HAL_Driver/Src/stm32f0xx_hal_gpio.c ****         SYSCFG->EXTICR[position >> 2u] = temp;
 458              		.loc 1 253 18 discriminator 8 view .LVU180
 459 0162 0526     		movs	r6, #5
 460 0164 77E7     		b	.L7
 461              	.L14:
 253:Drivers/STM32F0xx_HAL_Driver/Src/stm32f0xx_hal_gpio.c ****         SYSCFG->EXTICR[position >> 2u] = temp;
 462              		.loc 1 253 18 discriminator 4 view .LVU181
 463 0166 0126     		movs	r6, #1
 464 0168 75E7     		b	.L7
 465              	.L15:
 253:Drivers/STM32F0xx_HAL_Driver/Src/stm32f0xx_hal_gpio.c ****         SYSCFG->EXTICR[position >> 2u] = temp;
 466              		.loc 1 253 18 discriminator 6 view .LVU182
 467 016a 0226     		movs	r6, #2
 468 016c 73E7     		b	.L7
 469              	.LVL45:
 470              	.L21:
 289:Drivers/STM32F0xx_HAL_Driver/Src/stm32f0xx_hal_gpio.c ****   }
 290:Drivers/STM32F0xx_HAL_Driver/Src/stm32f0xx_hal_gpio.c **** }
 471              		.loc 1 290 1 view .LVU183
 472 016e 03B0     		add	sp, sp, #12
 473              		@ sp needed
 474              	.LVL46:
 475              		.loc 1 290 1 view .LVU184
 476 0170 F0BD     		pop	{r4, r5, r6, r7, pc}
 477              	.L26:
 478 0172 C046     		.align	2
 479              	.L25:
 480 0174 00000140 		.word	1073807360
 481 0178 00040140 		.word	1073808384
 482 017c 00100240 		.word	1073876992
 483 0180 00040048 		.word	1207960576
 484 0184 00080048 		.word	1207961600
 485 0188 000C0048 		.word	1207962624
 486              		.cfi_endproc
 487              	.LFE40:
 489              		.section	.text.HAL_GPIO_DeInit,"ax",%progbits
 490              		.align	1
ARM GAS  /tmp/ccl9Kcp0.s 			page 16


 491              		.global	HAL_GPIO_DeInit
 492              		.syntax unified
 493              		.code	16
 494              		.thumb_func
 496              	HAL_GPIO_DeInit:
 497              	.LVL47:
 498              	.LFB41:
 291:Drivers/STM32F0xx_HAL_Driver/Src/stm32f0xx_hal_gpio.c **** 
 292:Drivers/STM32F0xx_HAL_Driver/Src/stm32f0xx_hal_gpio.c **** /**
 293:Drivers/STM32F0xx_HAL_Driver/Src/stm32f0xx_hal_gpio.c ****  * @brief  De-initialize the GPIOx peripheral registers to their default reset
 294:Drivers/STM32F0xx_HAL_Driver/Src/stm32f0xx_hal_gpio.c ****  * values.
 295:Drivers/STM32F0xx_HAL_Driver/Src/stm32f0xx_hal_gpio.c ****  * @param  GPIOx where x can be (A..F) to select the GPIO peripheral for STM32F0
 296:Drivers/STM32F0xx_HAL_Driver/Src/stm32f0xx_hal_gpio.c ****  * family
 297:Drivers/STM32F0xx_HAL_Driver/Src/stm32f0xx_hal_gpio.c ****  * @param  GPIO_Pin specifies the port bit to be written.
 298:Drivers/STM32F0xx_HAL_Driver/Src/stm32f0xx_hal_gpio.c ****  *         This parameter can be one of GPIO_PIN_x where x can be (0..15).
 299:Drivers/STM32F0xx_HAL_Driver/Src/stm32f0xx_hal_gpio.c ****  * @retval None
 300:Drivers/STM32F0xx_HAL_Driver/Src/stm32f0xx_hal_gpio.c ****  */
 301:Drivers/STM32F0xx_HAL_Driver/Src/stm32f0xx_hal_gpio.c **** void HAL_GPIO_DeInit(GPIO_TypeDef *GPIOx, uint32_t GPIO_Pin) {
 499              		.loc 1 301 62 is_stmt 1 view -0
 500              		.cfi_startproc
 501              		@ args = 0, pretend = 0, frame = 0
 502              		@ frame_needed = 0, uses_anonymous_args = 0
 503              		.loc 1 301 62 is_stmt 0 view .LVU186
 504 0000 F0B5     		push	{r4, r5, r6, r7, lr}
 505              	.LCFI2:
 506              		.cfi_def_cfa_offset 20
 507              		.cfi_offset 4, -20
 508              		.cfi_offset 5, -16
 509              		.cfi_offset 6, -12
 510              		.cfi_offset 7, -8
 511              		.cfi_offset 14, -4
 512 0002 C646     		mov	lr, r8
 513 0004 00B5     		push	{lr}
 514              	.LCFI3:
 515              		.cfi_def_cfa_offset 24
 516              		.cfi_offset 8, -24
 517 0006 8846     		mov	r8, r1
 302:Drivers/STM32F0xx_HAL_Driver/Src/stm32f0xx_hal_gpio.c ****   uint32_t position = 0x00u;
 518              		.loc 1 302 3 is_stmt 1 view .LVU187
 519              	.LVL48:
 303:Drivers/STM32F0xx_HAL_Driver/Src/stm32f0xx_hal_gpio.c ****   uint32_t iocurrent;
 520              		.loc 1 303 3 view .LVU188
 304:Drivers/STM32F0xx_HAL_Driver/Src/stm32f0xx_hal_gpio.c ****   uint32_t tmp;
 521              		.loc 1 304 3 view .LVU189
 305:Drivers/STM32F0xx_HAL_Driver/Src/stm32f0xx_hal_gpio.c **** 
 306:Drivers/STM32F0xx_HAL_Driver/Src/stm32f0xx_hal_gpio.c ****   /* Check the parameters */
 307:Drivers/STM32F0xx_HAL_Driver/Src/stm32f0xx_hal_gpio.c ****   assert_param(IS_GPIO_ALL_INSTANCE(GPIOx));
 522              		.loc 1 307 3 view .LVU190
 308:Drivers/STM32F0xx_HAL_Driver/Src/stm32f0xx_hal_gpio.c ****   assert_param(IS_GPIO_PIN(GPIO_Pin));
 523              		.loc 1 308 3 view .LVU191
 309:Drivers/STM32F0xx_HAL_Driver/Src/stm32f0xx_hal_gpio.c **** 
 310:Drivers/STM32F0xx_HAL_Driver/Src/stm32f0xx_hal_gpio.c ****   /* Configure the port pins */
 311:Drivers/STM32F0xx_HAL_Driver/Src/stm32f0xx_hal_gpio.c ****   while ((GPIO_Pin >> position) != 0x00u) {
 524              		.loc 1 311 3 view .LVU192
 302:Drivers/STM32F0xx_HAL_Driver/Src/stm32f0xx_hal_gpio.c ****   uint32_t iocurrent;
 525              		.loc 1 302 12 is_stmt 0 view .LVU193
 526 0008 0023     		movs	r3, #0
ARM GAS  /tmp/ccl9Kcp0.s 			page 17


 527              		.loc 1 311 9 view .LVU194
 528 000a 20E0     		b	.L28
 529              	.LVL49:
 530              	.L39:
 312:Drivers/STM32F0xx_HAL_Driver/Src/stm32f0xx_hal_gpio.c ****     /* Get current io position */
 313:Drivers/STM32F0xx_HAL_Driver/Src/stm32f0xx_hal_gpio.c ****     iocurrent = (GPIO_Pin) & (1uL << position);
 314:Drivers/STM32F0xx_HAL_Driver/Src/stm32f0xx_hal_gpio.c **** 
 315:Drivers/STM32F0xx_HAL_Driver/Src/stm32f0xx_hal_gpio.c ****     if (iocurrent != 0x00u) {
 316:Drivers/STM32F0xx_HAL_Driver/Src/stm32f0xx_hal_gpio.c ****       /*------------------------- EXTI Mode Configuration --------------------*/
 317:Drivers/STM32F0xx_HAL_Driver/Src/stm32f0xx_hal_gpio.c ****       /* Clear the External Interrupt or Event for the current IO */
 318:Drivers/STM32F0xx_HAL_Driver/Src/stm32f0xx_hal_gpio.c **** 
 319:Drivers/STM32F0xx_HAL_Driver/Src/stm32f0xx_hal_gpio.c ****       tmp = SYSCFG->EXTICR[position >> 2u];
 320:Drivers/STM32F0xx_HAL_Driver/Src/stm32f0xx_hal_gpio.c ****       tmp &= (0x0FuL << (4u * (position & 0x03u)));
 321:Drivers/STM32F0xx_HAL_Driver/Src/stm32f0xx_hal_gpio.c ****       if (tmp == (GPIO_GET_INDEX(GPIOx) << (4u * (position & 0x03u)))) {
 531              		.loc 1 321 19 discriminator 7 view .LVU195
 532 000c 0324     		movs	r4, #3
 533 000e 00E0     		b	.L30
 534              	.L33:
 535              		.loc 1 321 19 discriminator 2 view .LVU196
 536 0010 0024     		movs	r4, #0
 537              	.L30:
 538              		.loc 1 321 41 discriminator 9 view .LVU197
 539 0012 8C40     		lsls	r4, r4, r1
 540              		.loc 1 321 10 discriminator 9 view .LVU198
 541 0014 AC42     		cmp	r4, r5
 542 0016 43D0     		beq	.L37
 543              	.LVL50:
 544              	.L31:
 322:Drivers/STM32F0xx_HAL_Driver/Src/stm32f0xx_hal_gpio.c ****         /* Clear EXTI line configuration */
 323:Drivers/STM32F0xx_HAL_Driver/Src/stm32f0xx_hal_gpio.c ****         EXTI->IMR &= ~((uint32_t)iocurrent);
 324:Drivers/STM32F0xx_HAL_Driver/Src/stm32f0xx_hal_gpio.c ****         EXTI->EMR &= ~((uint32_t)iocurrent);
 325:Drivers/STM32F0xx_HAL_Driver/Src/stm32f0xx_hal_gpio.c **** 
 326:Drivers/STM32F0xx_HAL_Driver/Src/stm32f0xx_hal_gpio.c ****         /* Clear Rising Falling edge configuration */
 327:Drivers/STM32F0xx_HAL_Driver/Src/stm32f0xx_hal_gpio.c ****         EXTI->FTSR &= ~((uint32_t)iocurrent);
 328:Drivers/STM32F0xx_HAL_Driver/Src/stm32f0xx_hal_gpio.c ****         EXTI->RTSR &= ~((uint32_t)iocurrent);
 329:Drivers/STM32F0xx_HAL_Driver/Src/stm32f0xx_hal_gpio.c **** 
 330:Drivers/STM32F0xx_HAL_Driver/Src/stm32f0xx_hal_gpio.c ****         /* Configure the External Interrupt or event for the current IO */
 331:Drivers/STM32F0xx_HAL_Driver/Src/stm32f0xx_hal_gpio.c ****         tmp = 0x0FuL << (4u * (position & 0x03u));
 332:Drivers/STM32F0xx_HAL_Driver/Src/stm32f0xx_hal_gpio.c ****         SYSCFG->EXTICR[position >> 2u] &= ~tmp;
 333:Drivers/STM32F0xx_HAL_Driver/Src/stm32f0xx_hal_gpio.c ****       }
 334:Drivers/STM32F0xx_HAL_Driver/Src/stm32f0xx_hal_gpio.c **** 
 335:Drivers/STM32F0xx_HAL_Driver/Src/stm32f0xx_hal_gpio.c ****       /*------------------------- GPIO Mode Configuration --------------------*/
 336:Drivers/STM32F0xx_HAL_Driver/Src/stm32f0xx_hal_gpio.c ****       /* Configure IO Direction in Input Floating Mode */
 337:Drivers/STM32F0xx_HAL_Driver/Src/stm32f0xx_hal_gpio.c ****       GPIOx->MODER &= ~(GPIO_MODER_MODER0 << (position * 2u));
 545              		.loc 1 337 7 is_stmt 1 view .LVU199
 546              		.loc 1 337 12 is_stmt 0 view .LVU200
 547 0018 0168     		ldr	r1, [r0]
 548              		.loc 1 337 56 view .LVU201
 549 001a 5E00     		lsls	r6, r3, #1
 550              		.loc 1 337 43 view .LVU202
 551 001c 0325     		movs	r5, #3
 552 001e B540     		lsls	r5, r5, r6
 553              		.loc 1 337 20 view .LVU203
 554 0020 A943     		bics	r1, r5
 555 0022 0160     		str	r1, [r0]
 338:Drivers/STM32F0xx_HAL_Driver/Src/stm32f0xx_hal_gpio.c **** 
 339:Drivers/STM32F0xx_HAL_Driver/Src/stm32f0xx_hal_gpio.c ****       /* Configure the default Alternate Function in current IO */
ARM GAS  /tmp/ccl9Kcp0.s 			page 18


 340:Drivers/STM32F0xx_HAL_Driver/Src/stm32f0xx_hal_gpio.c ****       GPIOx->AFR[position >> 3u] &=
 556              		.loc 1 340 7 is_stmt 1 view .LVU204
 557              		.loc 1 340 17 is_stmt 0 view .LVU205
 558 0024 D908     		lsrs	r1, r3, #3
 559 0026 0831     		adds	r1, r1, #8
 560 0028 8900     		lsls	r1, r1, #2
 561 002a 0F58     		ldr	r7, [r1, r0]
 341:Drivers/STM32F0xx_HAL_Driver/Src/stm32f0xx_hal_gpio.c ****           ~(0xFu << ((uint32_t)(position & 0x07u) * 4u));
 562              		.loc 1 341 22 view .LVU206
 563 002c 0726     		movs	r6, #7
 564 002e 1E40     		ands	r6, r3
 565              		.loc 1 341 51 view .LVU207
 566 0030 B600     		lsls	r6, r6, #2
 567              		.loc 1 341 18 view .LVU208
 568 0032 0F24     		movs	r4, #15
 569 0034 B440     		lsls	r4, r4, r6
 340:Drivers/STM32F0xx_HAL_Driver/Src/stm32f0xx_hal_gpio.c ****           ~(0xFu << ((uint32_t)(position & 0x07u) * 4u));
 570              		.loc 1 340 34 view .LVU209
 571 0036 A743     		bics	r7, r4
 572 0038 0F50     		str	r7, [r1, r0]
 342:Drivers/STM32F0xx_HAL_Driver/Src/stm32f0xx_hal_gpio.c **** 
 343:Drivers/STM32F0xx_HAL_Driver/Src/stm32f0xx_hal_gpio.c ****       /* Deactivate the Pull-up and Pull-down resistor for the current IO */
 344:Drivers/STM32F0xx_HAL_Driver/Src/stm32f0xx_hal_gpio.c ****       GPIOx->PUPDR &= ~(GPIO_PUPDR_PUPDR0 << (position * 2u));
 573              		.loc 1 344 7 is_stmt 1 view .LVU210
 574              		.loc 1 344 12 is_stmt 0 view .LVU211
 575 003a C168     		ldr	r1, [r0, #12]
 576              		.loc 1 344 20 view .LVU212
 577 003c A943     		bics	r1, r5
 578 003e C160     		str	r1, [r0, #12]
 345:Drivers/STM32F0xx_HAL_Driver/Src/stm32f0xx_hal_gpio.c **** 
 346:Drivers/STM32F0xx_HAL_Driver/Src/stm32f0xx_hal_gpio.c ****       /* Configure the default value IO Output Type */
 347:Drivers/STM32F0xx_HAL_Driver/Src/stm32f0xx_hal_gpio.c ****       GPIOx->OTYPER &= ~(GPIO_OTYPER_OT_0 << position);
 579              		.loc 1 347 7 is_stmt 1 view .LVU213
 580              		.loc 1 347 12 is_stmt 0 view .LVU214
 581 0040 4168     		ldr	r1, [r0, #4]
 582              		.loc 1 347 21 view .LVU215
 583 0042 9143     		bics	r1, r2
 584 0044 4160     		str	r1, [r0, #4]
 348:Drivers/STM32F0xx_HAL_Driver/Src/stm32f0xx_hal_gpio.c **** 
 349:Drivers/STM32F0xx_HAL_Driver/Src/stm32f0xx_hal_gpio.c ****       /* Configure the default value for IO Speed */
 350:Drivers/STM32F0xx_HAL_Driver/Src/stm32f0xx_hal_gpio.c ****       GPIOx->OSPEEDR &= ~(GPIO_OSPEEDER_OSPEEDR0 << (position * 2u));
 585              		.loc 1 350 7 is_stmt 1 view .LVU216
 586              		.loc 1 350 12 is_stmt 0 view .LVU217
 587 0046 8268     		ldr	r2, [r0, #8]
 588              	.LVL51:
 589              		.loc 1 350 22 view .LVU218
 590 0048 AA43     		bics	r2, r5
 591 004a 8260     		str	r2, [r0, #8]
 592              	.L29:
 351:Drivers/STM32F0xx_HAL_Driver/Src/stm32f0xx_hal_gpio.c ****     }
 352:Drivers/STM32F0xx_HAL_Driver/Src/stm32f0xx_hal_gpio.c **** 
 353:Drivers/STM32F0xx_HAL_Driver/Src/stm32f0xx_hal_gpio.c ****     position++;
 593              		.loc 1 353 5 is_stmt 1 view .LVU219
 594              		.loc 1 353 13 is_stmt 0 view .LVU220
 595 004c 0133     		adds	r3, r3, #1
 596              	.LVL52:
 597              	.L28:
ARM GAS  /tmp/ccl9Kcp0.s 			page 19


 311:Drivers/STM32F0xx_HAL_Driver/Src/stm32f0xx_hal_gpio.c ****     /* Get current io position */
 598              		.loc 1 311 33 is_stmt 1 view .LVU221
 311:Drivers/STM32F0xx_HAL_Driver/Src/stm32f0xx_hal_gpio.c ****     /* Get current io position */
 599              		.loc 1 311 20 is_stmt 0 view .LVU222
 600 004e 4246     		mov	r2, r8
 601 0050 DA40     		lsrs	r2, r2, r3
 311:Drivers/STM32F0xx_HAL_Driver/Src/stm32f0xx_hal_gpio.c ****     /* Get current io position */
 602              		.loc 1 311 33 view .LVU223
 603 0052 3CD0     		beq	.L38
 313:Drivers/STM32F0xx_HAL_Driver/Src/stm32f0xx_hal_gpio.c **** 
 604              		.loc 1 313 5 is_stmt 1 view .LVU224
 313:Drivers/STM32F0xx_HAL_Driver/Src/stm32f0xx_hal_gpio.c **** 
 605              		.loc 1 313 35 is_stmt 0 view .LVU225
 606 0054 0122     		movs	r2, #1
 607 0056 9A40     		lsls	r2, r2, r3
 313:Drivers/STM32F0xx_HAL_Driver/Src/stm32f0xx_hal_gpio.c **** 
 608              		.loc 1 313 15 view .LVU226
 609 0058 4146     		mov	r1, r8
 610 005a 1140     		ands	r1, r2
 611 005c 8C46     		mov	ip, r1
 612              	.LVL53:
 315:Drivers/STM32F0xx_HAL_Driver/Src/stm32f0xx_hal_gpio.c ****       /*------------------------- EXTI Mode Configuration --------------------*/
 613              		.loc 1 315 5 is_stmt 1 view .LVU227
 315:Drivers/STM32F0xx_HAL_Driver/Src/stm32f0xx_hal_gpio.c ****       /*------------------------- EXTI Mode Configuration --------------------*/
 614              		.loc 1 315 8 is_stmt 0 view .LVU228
 615 005e 4146     		mov	r1, r8
 616              	.LVL54:
 315:Drivers/STM32F0xx_HAL_Driver/Src/stm32f0xx_hal_gpio.c ****       /*------------------------- EXTI Mode Configuration --------------------*/
 617              		.loc 1 315 8 view .LVU229
 618 0060 1142     		tst	r1, r2
 619 0062 F3D0     		beq	.L29
 620              	.LVL55:
 319:Drivers/STM32F0xx_HAL_Driver/Src/stm32f0xx_hal_gpio.c ****       tmp &= (0x0FuL << (4u * (position & 0x03u)));
 621              		.loc 1 319 7 is_stmt 1 view .LVU230
 319:Drivers/STM32F0xx_HAL_Driver/Src/stm32f0xx_hal_gpio.c ****       tmp &= (0x0FuL << (4u * (position & 0x03u)));
 622              		.loc 1 319 37 is_stmt 0 view .LVU231
 623 0064 9F08     		lsrs	r7, r3, #2
 319:Drivers/STM32F0xx_HAL_Driver/Src/stm32f0xx_hal_gpio.c ****       tmp &= (0x0FuL << (4u * (position & 0x03u)));
 624              		.loc 1 319 11 view .LVU232
 625 0066 B91C     		adds	r1, r7, #2
 626              	.LVL56:
 319:Drivers/STM32F0xx_HAL_Driver/Src/stm32f0xx_hal_gpio.c ****       tmp &= (0x0FuL << (4u * (position & 0x03u)));
 627              		.loc 1 319 11 view .LVU233
 628 0068 8900     		lsls	r1, r1, #2
 629 006a 1A4D     		ldr	r5, .L40
 630 006c 4D59     		ldr	r5, [r1, r5]
 631              	.LVL57:
 320:Drivers/STM32F0xx_HAL_Driver/Src/stm32f0xx_hal_gpio.c ****       if (tmp == (GPIO_GET_INDEX(GPIOx) << (4u * (position & 0x03u)))) {
 632              		.loc 1 320 7 is_stmt 1 view .LVU234
 320:Drivers/STM32F0xx_HAL_Driver/Src/stm32f0xx_hal_gpio.c ****       if (tmp == (GPIO_GET_INDEX(GPIOx) << (4u * (position & 0x03u)))) {
 633              		.loc 1 320 41 is_stmt 0 view .LVU235
 634 006e 0326     		movs	r6, #3
 635 0070 1E40     		ands	r6, r3
 320:Drivers/STM32F0xx_HAL_Driver/Src/stm32f0xx_hal_gpio.c ****       if (tmp == (GPIO_GET_INDEX(GPIOx) << (4u * (position & 0x03u)))) {
 636              		.loc 1 320 29 view .LVU236
 637 0072 B100     		lsls	r1, r6, #2
 320:Drivers/STM32F0xx_HAL_Driver/Src/stm32f0xx_hal_gpio.c ****       if (tmp == (GPIO_GET_INDEX(GPIOx) << (4u * (position & 0x03u)))) {
ARM GAS  /tmp/ccl9Kcp0.s 			page 20


 638              		.loc 1 320 22 view .LVU237
 639 0074 0F26     		movs	r6, #15
 640 0076 8E40     		lsls	r6, r6, r1
 320:Drivers/STM32F0xx_HAL_Driver/Src/stm32f0xx_hal_gpio.c ****       if (tmp == (GPIO_GET_INDEX(GPIOx) << (4u * (position & 0x03u)))) {
 641              		.loc 1 320 11 view .LVU238
 642 0078 3540     		ands	r5, r6
 643              	.LVL58:
 321:Drivers/STM32F0xx_HAL_Driver/Src/stm32f0xx_hal_gpio.c ****         /* Clear EXTI line configuration */
 644              		.loc 1 321 7 is_stmt 1 view .LVU239
 321:Drivers/STM32F0xx_HAL_Driver/Src/stm32f0xx_hal_gpio.c ****         /* Clear EXTI line configuration */
 645              		.loc 1 321 19 is_stmt 0 view .LVU240
 646 007a 9024     		movs	r4, #144
 647 007c E405     		lsls	r4, r4, #23
 648 007e A042     		cmp	r0, r4
 649 0080 C6D0     		beq	.L33
 321:Drivers/STM32F0xx_HAL_Driver/Src/stm32f0xx_hal_gpio.c ****         /* Clear EXTI line configuration */
 650              		.loc 1 321 19 discriminator 1 view .LVU241
 651 0082 154C     		ldr	r4, .L40+4
 652 0084 A042     		cmp	r0, r4
 653 0086 07D0     		beq	.L34
 321:Drivers/STM32F0xx_HAL_Driver/Src/stm32f0xx_hal_gpio.c ****         /* Clear EXTI line configuration */
 654              		.loc 1 321 19 discriminator 3 view .LVU242
 655 0088 144C     		ldr	r4, .L40+8
 656 008a A042     		cmp	r0, r4
 657 008c 06D0     		beq	.L35
 321:Drivers/STM32F0xx_HAL_Driver/Src/stm32f0xx_hal_gpio.c ****         /* Clear EXTI line configuration */
 658              		.loc 1 321 19 discriminator 5 view .LVU243
 659 008e 144C     		ldr	r4, .L40+12
 660 0090 A042     		cmp	r0, r4
 661 0092 BBD0     		beq	.L39
 321:Drivers/STM32F0xx_HAL_Driver/Src/stm32f0xx_hal_gpio.c ****         /* Clear EXTI line configuration */
 662              		.loc 1 321 19 discriminator 8 view .LVU244
 663 0094 0524     		movs	r4, #5
 664 0096 BCE7     		b	.L30
 665              	.L34:
 321:Drivers/STM32F0xx_HAL_Driver/Src/stm32f0xx_hal_gpio.c ****         /* Clear EXTI line configuration */
 666              		.loc 1 321 19 discriminator 4 view .LVU245
 667 0098 0124     		movs	r4, #1
 668 009a BAE7     		b	.L30
 669              	.L35:
 321:Drivers/STM32F0xx_HAL_Driver/Src/stm32f0xx_hal_gpio.c ****         /* Clear EXTI line configuration */
 670              		.loc 1 321 19 discriminator 6 view .LVU246
 671 009c 0224     		movs	r4, #2
 672 009e B8E7     		b	.L30
 673              	.L37:
 323:Drivers/STM32F0xx_HAL_Driver/Src/stm32f0xx_hal_gpio.c ****         EXTI->EMR &= ~((uint32_t)iocurrent);
 674              		.loc 1 323 9 is_stmt 1 view .LVU247
 323:Drivers/STM32F0xx_HAL_Driver/Src/stm32f0xx_hal_gpio.c ****         EXTI->EMR &= ~((uint32_t)iocurrent);
 675              		.loc 1 323 13 is_stmt 0 view .LVU248
 676 00a0 1049     		ldr	r1, .L40+16
 677 00a2 0D68     		ldr	r5, [r1]
 678              	.LVL59:
 323:Drivers/STM32F0xx_HAL_Driver/Src/stm32f0xx_hal_gpio.c ****         EXTI->EMR &= ~((uint32_t)iocurrent);
 679              		.loc 1 323 19 view .LVU249
 680 00a4 6446     		mov	r4, ip
 681 00a6 A543     		bics	r5, r4
 682 00a8 0D60     		str	r5, [r1]
ARM GAS  /tmp/ccl9Kcp0.s 			page 21


 324:Drivers/STM32F0xx_HAL_Driver/Src/stm32f0xx_hal_gpio.c **** 
 683              		.loc 1 324 9 is_stmt 1 view .LVU250
 324:Drivers/STM32F0xx_HAL_Driver/Src/stm32f0xx_hal_gpio.c **** 
 684              		.loc 1 324 13 is_stmt 0 view .LVU251
 685 00aa 4D68     		ldr	r5, [r1, #4]
 324:Drivers/STM32F0xx_HAL_Driver/Src/stm32f0xx_hal_gpio.c **** 
 686              		.loc 1 324 19 view .LVU252
 687 00ac A543     		bics	r5, r4
 688 00ae 4D60     		str	r5, [r1, #4]
 327:Drivers/STM32F0xx_HAL_Driver/Src/stm32f0xx_hal_gpio.c ****         EXTI->RTSR &= ~((uint32_t)iocurrent);
 689              		.loc 1 327 9 is_stmt 1 view .LVU253
 327:Drivers/STM32F0xx_HAL_Driver/Src/stm32f0xx_hal_gpio.c ****         EXTI->RTSR &= ~((uint32_t)iocurrent);
 690              		.loc 1 327 13 is_stmt 0 view .LVU254
 691 00b0 CD68     		ldr	r5, [r1, #12]
 327:Drivers/STM32F0xx_HAL_Driver/Src/stm32f0xx_hal_gpio.c ****         EXTI->RTSR &= ~((uint32_t)iocurrent);
 692              		.loc 1 327 20 view .LVU255
 693 00b2 A543     		bics	r5, r4
 694 00b4 CD60     		str	r5, [r1, #12]
 328:Drivers/STM32F0xx_HAL_Driver/Src/stm32f0xx_hal_gpio.c **** 
 695              		.loc 1 328 9 is_stmt 1 view .LVU256
 328:Drivers/STM32F0xx_HAL_Driver/Src/stm32f0xx_hal_gpio.c **** 
 696              		.loc 1 328 13 is_stmt 0 view .LVU257
 697 00b6 8D68     		ldr	r5, [r1, #8]
 328:Drivers/STM32F0xx_HAL_Driver/Src/stm32f0xx_hal_gpio.c **** 
 698              		.loc 1 328 20 view .LVU258
 699 00b8 A543     		bics	r5, r4
 700 00ba 8D60     		str	r5, [r1, #8]
 331:Drivers/STM32F0xx_HAL_Driver/Src/stm32f0xx_hal_gpio.c ****         SYSCFG->EXTICR[position >> 2u] &= ~tmp;
 701              		.loc 1 331 9 is_stmt 1 view .LVU259
 702              	.LVL60:
 332:Drivers/STM32F0xx_HAL_Driver/Src/stm32f0xx_hal_gpio.c ****       }
 703              		.loc 1 332 9 view .LVU260
 332:Drivers/STM32F0xx_HAL_Driver/Src/stm32f0xx_hal_gpio.c ****       }
 704              		.loc 1 332 23 is_stmt 0 view .LVU261
 705 00bc 0549     		ldr	r1, .L40
 706 00be 8C46     		mov	ip, r1
 707              	.LVL61:
 332:Drivers/STM32F0xx_HAL_Driver/Src/stm32f0xx_hal_gpio.c ****       }
 708              		.loc 1 332 23 view .LVU262
 709 00c0 0237     		adds	r7, r7, #2
 710 00c2 B900     		lsls	r1, r7, #2
 711 00c4 6446     		mov	r4, ip
 712              	.LVL62:
 332:Drivers/STM32F0xx_HAL_Driver/Src/stm32f0xx_hal_gpio.c ****       }
 713              		.loc 1 332 23 view .LVU263
 714 00c6 0D59     		ldr	r5, [r1, r4]
 332:Drivers/STM32F0xx_HAL_Driver/Src/stm32f0xx_hal_gpio.c ****       }
 715              		.loc 1 332 40 view .LVU264
 716 00c8 B543     		bics	r5, r6
 717 00ca 0D51     		str	r5, [r1, r4]
 718 00cc A4E7     		b	.L31
 719              	.LVL63:
 720              	.L38:
 354:Drivers/STM32F0xx_HAL_Driver/Src/stm32f0xx_hal_gpio.c ****   }
 355:Drivers/STM32F0xx_HAL_Driver/Src/stm32f0xx_hal_gpio.c **** }
 721              		.loc 1 355 1 view .LVU265
 722              		@ sp needed
ARM GAS  /tmp/ccl9Kcp0.s 			page 22


 723              	.LVL64:
 724              		.loc 1 355 1 view .LVU266
 725 00ce 80BC     		pop	{r7}
 726 00d0 B846     		mov	r8, r7
 727 00d2 F0BD     		pop	{r4, r5, r6, r7, pc}
 728              	.L41:
 729              		.align	2
 730              	.L40:
 731 00d4 00000140 		.word	1073807360
 732 00d8 00040048 		.word	1207960576
 733 00dc 00080048 		.word	1207961600
 734 00e0 000C0048 		.word	1207962624
 735 00e4 00040140 		.word	1073808384
 736              		.cfi_endproc
 737              	.LFE41:
 739              		.section	.text.HAL_GPIO_ReadPin,"ax",%progbits
 740              		.align	1
 741              		.global	HAL_GPIO_ReadPin
 742              		.syntax unified
 743              		.code	16
 744              		.thumb_func
 746              	HAL_GPIO_ReadPin:
 747              	.LVL65:
 748              	.LFB42:
 356:Drivers/STM32F0xx_HAL_Driver/Src/stm32f0xx_hal_gpio.c **** 
 357:Drivers/STM32F0xx_HAL_Driver/Src/stm32f0xx_hal_gpio.c **** /**
 358:Drivers/STM32F0xx_HAL_Driver/Src/stm32f0xx_hal_gpio.c ****  * @}
 359:Drivers/STM32F0xx_HAL_Driver/Src/stm32f0xx_hal_gpio.c ****  */
 360:Drivers/STM32F0xx_HAL_Driver/Src/stm32f0xx_hal_gpio.c **** 
 361:Drivers/STM32F0xx_HAL_Driver/Src/stm32f0xx_hal_gpio.c **** /** @defgroup GPIO_Exported_Functions_Group2 IO operation functions
 362:Drivers/STM32F0xx_HAL_Driver/Src/stm32f0xx_hal_gpio.c ****  *  @brief GPIO Read, Write, Toggle, Lock and EXTI management functions.
 363:Drivers/STM32F0xx_HAL_Driver/Src/stm32f0xx_hal_gpio.c ****  *
 364:Drivers/STM32F0xx_HAL_Driver/Src/stm32f0xx_hal_gpio.c **** @verbatim
 365:Drivers/STM32F0xx_HAL_Driver/Src/stm32f0xx_hal_gpio.c ****  ===============================================================================
 366:Drivers/STM32F0xx_HAL_Driver/Src/stm32f0xx_hal_gpio.c ****                        ##### IO operation functions #####
 367:Drivers/STM32F0xx_HAL_Driver/Src/stm32f0xx_hal_gpio.c ****  ===============================================================================
 368:Drivers/STM32F0xx_HAL_Driver/Src/stm32f0xx_hal_gpio.c **** 
 369:Drivers/STM32F0xx_HAL_Driver/Src/stm32f0xx_hal_gpio.c **** @endverbatim
 370:Drivers/STM32F0xx_HAL_Driver/Src/stm32f0xx_hal_gpio.c ****   * @{
 371:Drivers/STM32F0xx_HAL_Driver/Src/stm32f0xx_hal_gpio.c ****   */
 372:Drivers/STM32F0xx_HAL_Driver/Src/stm32f0xx_hal_gpio.c **** 
 373:Drivers/STM32F0xx_HAL_Driver/Src/stm32f0xx_hal_gpio.c **** /**
 374:Drivers/STM32F0xx_HAL_Driver/Src/stm32f0xx_hal_gpio.c ****  * @brief  Read the specified input port pin.
 375:Drivers/STM32F0xx_HAL_Driver/Src/stm32f0xx_hal_gpio.c ****  * @param  GPIOx where x can be (A..F) to select the GPIO peripheral for STM32F0
 376:Drivers/STM32F0xx_HAL_Driver/Src/stm32f0xx_hal_gpio.c ****  * family
 377:Drivers/STM32F0xx_HAL_Driver/Src/stm32f0xx_hal_gpio.c ****  * @param  GPIO_Pin specifies the port bit to read.
 378:Drivers/STM32F0xx_HAL_Driver/Src/stm32f0xx_hal_gpio.c ****  *         This parameter can be GPIO_PIN_x where x can be (0..15).
 379:Drivers/STM32F0xx_HAL_Driver/Src/stm32f0xx_hal_gpio.c ****  * @retval The input port pin value.
 380:Drivers/STM32F0xx_HAL_Driver/Src/stm32f0xx_hal_gpio.c ****  */
 381:Drivers/STM32F0xx_HAL_Driver/Src/stm32f0xx_hal_gpio.c **** GPIO_PinState HAL_GPIO_ReadPin(GPIO_TypeDef *GPIOx, uint16_t GPIO_Pin) {
 749              		.loc 1 381 72 is_stmt 1 view -0
 750              		.cfi_startproc
 751              		@ args = 0, pretend = 0, frame = 0
 752              		@ frame_needed = 0, uses_anonymous_args = 0
 753              		@ link register save eliminated.
 382:Drivers/STM32F0xx_HAL_Driver/Src/stm32f0xx_hal_gpio.c ****   GPIO_PinState bitstatus;
 754              		.loc 1 382 3 view .LVU268
ARM GAS  /tmp/ccl9Kcp0.s 			page 23


 383:Drivers/STM32F0xx_HAL_Driver/Src/stm32f0xx_hal_gpio.c **** 
 384:Drivers/STM32F0xx_HAL_Driver/Src/stm32f0xx_hal_gpio.c ****   /* Check the parameters */
 385:Drivers/STM32F0xx_HAL_Driver/Src/stm32f0xx_hal_gpio.c ****   assert_param(IS_GPIO_PIN(GPIO_Pin));
 755              		.loc 1 385 3 view .LVU269
 386:Drivers/STM32F0xx_HAL_Driver/Src/stm32f0xx_hal_gpio.c **** 
 387:Drivers/STM32F0xx_HAL_Driver/Src/stm32f0xx_hal_gpio.c ****   if ((GPIOx->IDR & GPIO_Pin) != (uint32_t)GPIO_PIN_RESET) {
 756              		.loc 1 387 3 view .LVU270
 757              		.loc 1 387 13 is_stmt 0 view .LVU271
 758 0000 0369     		ldr	r3, [r0, #16]
 759              		.loc 1 387 6 view .LVU272
 760 0002 0B42     		tst	r3, r1
 761 0004 01D0     		beq	.L44
 388:Drivers/STM32F0xx_HAL_Driver/Src/stm32f0xx_hal_gpio.c ****     bitstatus = GPIO_PIN_SET;
 762              		.loc 1 388 15 view .LVU273
 763 0006 0120     		movs	r0, #1
 764              	.LVL66:
 765              	.L43:
 389:Drivers/STM32F0xx_HAL_Driver/Src/stm32f0xx_hal_gpio.c ****   } else {
 390:Drivers/STM32F0xx_HAL_Driver/Src/stm32f0xx_hal_gpio.c ****     bitstatus = GPIO_PIN_RESET;
 391:Drivers/STM32F0xx_HAL_Driver/Src/stm32f0xx_hal_gpio.c ****   }
 392:Drivers/STM32F0xx_HAL_Driver/Src/stm32f0xx_hal_gpio.c ****   return bitstatus;
 766              		.loc 1 392 3 is_stmt 1 view .LVU274
 393:Drivers/STM32F0xx_HAL_Driver/Src/stm32f0xx_hal_gpio.c **** }
 767              		.loc 1 393 1 is_stmt 0 view .LVU275
 768              		@ sp needed
 769 0008 7047     		bx	lr
 770              	.LVL67:
 771              	.L44:
 390:Drivers/STM32F0xx_HAL_Driver/Src/stm32f0xx_hal_gpio.c ****   }
 772              		.loc 1 390 15 view .LVU276
 773 000a 0020     		movs	r0, #0
 774              	.LVL68:
 390:Drivers/STM32F0xx_HAL_Driver/Src/stm32f0xx_hal_gpio.c ****   }
 775              		.loc 1 390 15 view .LVU277
 776 000c FCE7     		b	.L43
 777              		.cfi_endproc
 778              	.LFE42:
 780              		.section	.text.HAL_GPIO_WritePin,"ax",%progbits
 781              		.align	1
 782              		.global	HAL_GPIO_WritePin
 783              		.syntax unified
 784              		.code	16
 785              		.thumb_func
 787              	HAL_GPIO_WritePin:
 788              	.LVL69:
 789              	.LFB43:
 394:Drivers/STM32F0xx_HAL_Driver/Src/stm32f0xx_hal_gpio.c **** 
 395:Drivers/STM32F0xx_HAL_Driver/Src/stm32f0xx_hal_gpio.c **** /**
 396:Drivers/STM32F0xx_HAL_Driver/Src/stm32f0xx_hal_gpio.c ****  * @brief  Set or clear the selected data port bit.
 397:Drivers/STM32F0xx_HAL_Driver/Src/stm32f0xx_hal_gpio.c ****  * @note   This function uses GPIOx_BSRR and GPIOx_BRR registers to allow atomic
 398:Drivers/STM32F0xx_HAL_Driver/Src/stm32f0xx_hal_gpio.c ****  * read/modify accesses. In this way, there is no risk of an IRQ occurring
 399:Drivers/STM32F0xx_HAL_Driver/Src/stm32f0xx_hal_gpio.c ****  * between the read and the modify access.
 400:Drivers/STM32F0xx_HAL_Driver/Src/stm32f0xx_hal_gpio.c ****  *
 401:Drivers/STM32F0xx_HAL_Driver/Src/stm32f0xx_hal_gpio.c ****  * @param  GPIOx where x can be (A..H) to select the GPIO peripheral for STM32F0
 402:Drivers/STM32F0xx_HAL_Driver/Src/stm32f0xx_hal_gpio.c ****  * family
 403:Drivers/STM32F0xx_HAL_Driver/Src/stm32f0xx_hal_gpio.c ****  * @param  GPIO_Pin specifies the port bit to be written.
 404:Drivers/STM32F0xx_HAL_Driver/Src/stm32f0xx_hal_gpio.c ****  *          This parameter can be one of GPIO_PIN_x where x can be (0..15).
ARM GAS  /tmp/ccl9Kcp0.s 			page 24


 405:Drivers/STM32F0xx_HAL_Driver/Src/stm32f0xx_hal_gpio.c ****  * @param  PinState specifies the value to be written to the selected bit.
 406:Drivers/STM32F0xx_HAL_Driver/Src/stm32f0xx_hal_gpio.c ****  *          This parameter can be one of the GPIO_PinState enum values:
 407:Drivers/STM32F0xx_HAL_Driver/Src/stm32f0xx_hal_gpio.c ****  *            @arg GPIO_PIN_RESET: to clear the port pin
 408:Drivers/STM32F0xx_HAL_Driver/Src/stm32f0xx_hal_gpio.c ****  *            @arg GPIO_PIN_SET: to set the port pin
 409:Drivers/STM32F0xx_HAL_Driver/Src/stm32f0xx_hal_gpio.c ****  * @retval None
 410:Drivers/STM32F0xx_HAL_Driver/Src/stm32f0xx_hal_gpio.c ****  */
 411:Drivers/STM32F0xx_HAL_Driver/Src/stm32f0xx_hal_gpio.c **** void HAL_GPIO_WritePin(GPIO_TypeDef *GPIOx, uint16_t GPIO_Pin,
 412:Drivers/STM32F0xx_HAL_Driver/Src/stm32f0xx_hal_gpio.c ****                        GPIO_PinState PinState) {
 790              		.loc 1 412 48 is_stmt 1 view -0
 791              		.cfi_startproc
 792              		@ args = 0, pretend = 0, frame = 0
 793              		@ frame_needed = 0, uses_anonymous_args = 0
 794              		@ link register save eliminated.
 413:Drivers/STM32F0xx_HAL_Driver/Src/stm32f0xx_hal_gpio.c ****   /* Check the parameters */
 414:Drivers/STM32F0xx_HAL_Driver/Src/stm32f0xx_hal_gpio.c ****   assert_param(IS_GPIO_PIN(GPIO_Pin));
 795              		.loc 1 414 3 view .LVU279
 415:Drivers/STM32F0xx_HAL_Driver/Src/stm32f0xx_hal_gpio.c ****   assert_param(IS_GPIO_PIN_ACTION(PinState));
 796              		.loc 1 415 3 view .LVU280
 416:Drivers/STM32F0xx_HAL_Driver/Src/stm32f0xx_hal_gpio.c **** 
 417:Drivers/STM32F0xx_HAL_Driver/Src/stm32f0xx_hal_gpio.c ****   if (PinState != GPIO_PIN_RESET) {
 797              		.loc 1 417 3 view .LVU281
 798              		.loc 1 417 6 is_stmt 0 view .LVU282
 799 0000 002A     		cmp	r2, #0
 800 0002 01D0     		beq	.L46
 418:Drivers/STM32F0xx_HAL_Driver/Src/stm32f0xx_hal_gpio.c ****     GPIOx->BSRR = (uint32_t)GPIO_Pin;
 801              		.loc 1 418 5 is_stmt 1 view .LVU283
 802              		.loc 1 418 17 is_stmt 0 view .LVU284
 803 0004 8161     		str	r1, [r0, #24]
 804              	.L45:
 419:Drivers/STM32F0xx_HAL_Driver/Src/stm32f0xx_hal_gpio.c ****   } else {
 420:Drivers/STM32F0xx_HAL_Driver/Src/stm32f0xx_hal_gpio.c ****     GPIOx->BRR = (uint32_t)GPIO_Pin;
 421:Drivers/STM32F0xx_HAL_Driver/Src/stm32f0xx_hal_gpio.c ****   }
 422:Drivers/STM32F0xx_HAL_Driver/Src/stm32f0xx_hal_gpio.c **** }
 805              		.loc 1 422 1 view .LVU285
 806              		@ sp needed
 807 0006 7047     		bx	lr
 808              	.L46:
 420:Drivers/STM32F0xx_HAL_Driver/Src/stm32f0xx_hal_gpio.c ****   }
 809              		.loc 1 420 5 is_stmt 1 view .LVU286
 420:Drivers/STM32F0xx_HAL_Driver/Src/stm32f0xx_hal_gpio.c ****   }
 810              		.loc 1 420 16 is_stmt 0 view .LVU287
 811 0008 8162     		str	r1, [r0, #40]
 812              		.loc 1 422 1 view .LVU288
 813 000a FCE7     		b	.L45
 814              		.cfi_endproc
 815              	.LFE43:
 817              		.section	.text.HAL_GPIO_TogglePin,"ax",%progbits
 818              		.align	1
 819              		.global	HAL_GPIO_TogglePin
 820              		.syntax unified
 821              		.code	16
 822              		.thumb_func
 824              	HAL_GPIO_TogglePin:
 825              	.LVL70:
 826              	.LFB44:
 423:Drivers/STM32F0xx_HAL_Driver/Src/stm32f0xx_hal_gpio.c **** 
 424:Drivers/STM32F0xx_HAL_Driver/Src/stm32f0xx_hal_gpio.c **** /**
ARM GAS  /tmp/ccl9Kcp0.s 			page 25


 425:Drivers/STM32F0xx_HAL_Driver/Src/stm32f0xx_hal_gpio.c ****  * @brief  Toggle the specified GPIO pin.
 426:Drivers/STM32F0xx_HAL_Driver/Src/stm32f0xx_hal_gpio.c ****  * @param  GPIOx where x can be (A..F) to select the GPIO peripheral for STM32F0
 427:Drivers/STM32F0xx_HAL_Driver/Src/stm32f0xx_hal_gpio.c ****  * family
 428:Drivers/STM32F0xx_HAL_Driver/Src/stm32f0xx_hal_gpio.c ****  * @param  GPIO_Pin specifies the pin to be toggled.
 429:Drivers/STM32F0xx_HAL_Driver/Src/stm32f0xx_hal_gpio.c ****  * @retval None
 430:Drivers/STM32F0xx_HAL_Driver/Src/stm32f0xx_hal_gpio.c ****  */
 431:Drivers/STM32F0xx_HAL_Driver/Src/stm32f0xx_hal_gpio.c **** void HAL_GPIO_TogglePin(GPIO_TypeDef *GPIOx, uint16_t GPIO_Pin) {
 827              		.loc 1 431 65 is_stmt 1 view -0
 828              		.cfi_startproc
 829              		@ args = 0, pretend = 0, frame = 0
 830              		@ frame_needed = 0, uses_anonymous_args = 0
 831              		@ link register save eliminated.
 432:Drivers/STM32F0xx_HAL_Driver/Src/stm32f0xx_hal_gpio.c ****   uint32_t odr;
 832              		.loc 1 432 3 view .LVU290
 433:Drivers/STM32F0xx_HAL_Driver/Src/stm32f0xx_hal_gpio.c **** 
 434:Drivers/STM32F0xx_HAL_Driver/Src/stm32f0xx_hal_gpio.c ****   /* Check the parameters */
 435:Drivers/STM32F0xx_HAL_Driver/Src/stm32f0xx_hal_gpio.c ****   assert_param(IS_GPIO_PIN(GPIO_Pin));
 833              		.loc 1 435 3 view .LVU291
 436:Drivers/STM32F0xx_HAL_Driver/Src/stm32f0xx_hal_gpio.c **** 
 437:Drivers/STM32F0xx_HAL_Driver/Src/stm32f0xx_hal_gpio.c ****   /* get current Output Data Register value */
 438:Drivers/STM32F0xx_HAL_Driver/Src/stm32f0xx_hal_gpio.c ****   odr = GPIOx->ODR;
 834              		.loc 1 438 3 view .LVU292
 835              		.loc 1 438 7 is_stmt 0 view .LVU293
 836 0000 4269     		ldr	r2, [r0, #20]
 837              	.LVL71:
 439:Drivers/STM32F0xx_HAL_Driver/Src/stm32f0xx_hal_gpio.c **** 
 440:Drivers/STM32F0xx_HAL_Driver/Src/stm32f0xx_hal_gpio.c ****   /* Set selected pins that were at low level, and reset ones that were high */
 441:Drivers/STM32F0xx_HAL_Driver/Src/stm32f0xx_hal_gpio.c ****   GPIOx->BSRR = ((odr & GPIO_Pin) << GPIO_NUMBER) | (~odr & GPIO_Pin);
 838              		.loc 1 441 3 is_stmt 1 view .LVU294
 839              		.loc 1 441 23 is_stmt 0 view .LVU295
 840 0002 1300     		movs	r3, r2
 841 0004 0B40     		ands	r3, r1
 842              		.loc 1 441 35 view .LVU296
 843 0006 1B04     		lsls	r3, r3, #16
 844              		.loc 1 441 59 view .LVU297
 845 0008 9143     		bics	r1, r2
 846              	.LVL72:
 847              		.loc 1 441 51 view .LVU298
 848 000a 0B43     		orrs	r3, r1
 849              		.loc 1 441 15 view .LVU299
 850 000c 8361     		str	r3, [r0, #24]
 442:Drivers/STM32F0xx_HAL_Driver/Src/stm32f0xx_hal_gpio.c **** }
 851              		.loc 1 442 1 view .LVU300
 852              		@ sp needed
 853 000e 7047     		bx	lr
 854              		.cfi_endproc
 855              	.LFE44:
 857              		.section	.text.HAL_GPIO_LockPin,"ax",%progbits
 858              		.align	1
 859              		.global	HAL_GPIO_LockPin
 860              		.syntax unified
 861              		.code	16
 862              		.thumb_func
 864              	HAL_GPIO_LockPin:
 865              	.LVL73:
 866              	.LFB45:
 443:Drivers/STM32F0xx_HAL_Driver/Src/stm32f0xx_hal_gpio.c **** 
ARM GAS  /tmp/ccl9Kcp0.s 			page 26


 444:Drivers/STM32F0xx_HAL_Driver/Src/stm32f0xx_hal_gpio.c **** /**
 445:Drivers/STM32F0xx_HAL_Driver/Src/stm32f0xx_hal_gpio.c ****  * @brief  Locks GPIO Pins configuration registers.
 446:Drivers/STM32F0xx_HAL_Driver/Src/stm32f0xx_hal_gpio.c ****  * @note   The locked registers are GPIOx_MODER, GPIOx_OTYPER, GPIOx_OSPEEDR,
 447:Drivers/STM32F0xx_HAL_Driver/Src/stm32f0xx_hal_gpio.c ****  *         GPIOx_PUPDR, GPIOx_AFRL and GPIOx_AFRH.
 448:Drivers/STM32F0xx_HAL_Driver/Src/stm32f0xx_hal_gpio.c ****  * @note   The configuration of the locked GPIO pins can no longer be modified
 449:Drivers/STM32F0xx_HAL_Driver/Src/stm32f0xx_hal_gpio.c ****  *         until the next reset.
 450:Drivers/STM32F0xx_HAL_Driver/Src/stm32f0xx_hal_gpio.c ****  * @param  GPIOx where x can be (A..F) to select the GPIO peripheral for STM32F0
 451:Drivers/STM32F0xx_HAL_Driver/Src/stm32f0xx_hal_gpio.c ****  * family
 452:Drivers/STM32F0xx_HAL_Driver/Src/stm32f0xx_hal_gpio.c ****  * @param  GPIO_Pin specifies the port bits to be locked.
 453:Drivers/STM32F0xx_HAL_Driver/Src/stm32f0xx_hal_gpio.c ****  *         This parameter can be any combination of GPIO_PIN_x where x can be
 454:Drivers/STM32F0xx_HAL_Driver/Src/stm32f0xx_hal_gpio.c ****  * (0..15).
 455:Drivers/STM32F0xx_HAL_Driver/Src/stm32f0xx_hal_gpio.c ****  * @retval None
 456:Drivers/STM32F0xx_HAL_Driver/Src/stm32f0xx_hal_gpio.c ****  */
 457:Drivers/STM32F0xx_HAL_Driver/Src/stm32f0xx_hal_gpio.c **** HAL_StatusTypeDef HAL_GPIO_LockPin(GPIO_TypeDef *GPIOx, uint16_t GPIO_Pin) {
 867              		.loc 1 457 76 is_stmt 1 view -0
 868              		.cfi_startproc
 869              		@ args = 0, pretend = 0, frame = 8
 870              		@ frame_needed = 0, uses_anonymous_args = 0
 871              		@ link register save eliminated.
 872              		.loc 1 457 76 is_stmt 0 view .LVU302
 873 0000 82B0     		sub	sp, sp, #8
 874              	.LCFI4:
 875              		.cfi_def_cfa_offset 8
 458:Drivers/STM32F0xx_HAL_Driver/Src/stm32f0xx_hal_gpio.c ****   __IO uint32_t tmp = GPIO_LCKR_LCKK;
 876              		.loc 1 458 3 is_stmt 1 view .LVU303
 877              		.loc 1 458 17 is_stmt 0 view .LVU304
 878 0002 8022     		movs	r2, #128
 879 0004 5202     		lsls	r2, r2, #9
 880 0006 0192     		str	r2, [sp, #4]
 459:Drivers/STM32F0xx_HAL_Driver/Src/stm32f0xx_hal_gpio.c **** 
 460:Drivers/STM32F0xx_HAL_Driver/Src/stm32f0xx_hal_gpio.c ****   /* Check the parameters */
 461:Drivers/STM32F0xx_HAL_Driver/Src/stm32f0xx_hal_gpio.c ****   assert_param(IS_GPIO_LOCK_INSTANCE(GPIOx));
 881              		.loc 1 461 3 is_stmt 1 view .LVU305
 462:Drivers/STM32F0xx_HAL_Driver/Src/stm32f0xx_hal_gpio.c ****   assert_param(IS_GPIO_PIN(GPIO_Pin));
 882              		.loc 1 462 3 view .LVU306
 463:Drivers/STM32F0xx_HAL_Driver/Src/stm32f0xx_hal_gpio.c **** 
 464:Drivers/STM32F0xx_HAL_Driver/Src/stm32f0xx_hal_gpio.c ****   /* Apply lock key write sequence */
 465:Drivers/STM32F0xx_HAL_Driver/Src/stm32f0xx_hal_gpio.c ****   SET_BIT(tmp, GPIO_Pin);
 883              		.loc 1 465 3 view .LVU307
 884 0008 019B     		ldr	r3, [sp, #4]
 885 000a 0B43     		orrs	r3, r1
 886 000c 0193     		str	r3, [sp, #4]
 466:Drivers/STM32F0xx_HAL_Driver/Src/stm32f0xx_hal_gpio.c ****   /* Set LCKx bit(s): LCKK='1' + LCK[15-0] */
 467:Drivers/STM32F0xx_HAL_Driver/Src/stm32f0xx_hal_gpio.c ****   GPIOx->LCKR = tmp;
 887              		.loc 1 467 3 view .LVU308
 888              		.loc 1 467 15 is_stmt 0 view .LVU309
 889 000e 019B     		ldr	r3, [sp, #4]
 890 0010 C361     		str	r3, [r0, #28]
 468:Drivers/STM32F0xx_HAL_Driver/Src/stm32f0xx_hal_gpio.c ****   /* Reset LCKx bit(s): LCKK='0' + LCK[15-0] */
 469:Drivers/STM32F0xx_HAL_Driver/Src/stm32f0xx_hal_gpio.c ****   GPIOx->LCKR = GPIO_Pin;
 891              		.loc 1 469 3 is_stmt 1 view .LVU310
 892              		.loc 1 469 15 is_stmt 0 view .LVU311
 893 0012 C161     		str	r1, [r0, #28]
 470:Drivers/STM32F0xx_HAL_Driver/Src/stm32f0xx_hal_gpio.c ****   /* Set LCKx bit(s): LCKK='1' + LCK[15-0] */
 471:Drivers/STM32F0xx_HAL_Driver/Src/stm32f0xx_hal_gpio.c ****   GPIOx->LCKR = tmp;
 894              		.loc 1 471 3 is_stmt 1 view .LVU312
 895              		.loc 1 471 15 is_stmt 0 view .LVU313
ARM GAS  /tmp/ccl9Kcp0.s 			page 27


 896 0014 019B     		ldr	r3, [sp, #4]
 897 0016 C361     		str	r3, [r0, #28]
 472:Drivers/STM32F0xx_HAL_Driver/Src/stm32f0xx_hal_gpio.c ****   /* Read LCKK register. This read is mandatory to complete key lock sequence */
 473:Drivers/STM32F0xx_HAL_Driver/Src/stm32f0xx_hal_gpio.c ****   tmp = GPIOx->LCKR;
 898              		.loc 1 473 3 is_stmt 1 view .LVU314
 899              		.loc 1 473 14 is_stmt 0 view .LVU315
 900 0018 C369     		ldr	r3, [r0, #28]
 901              		.loc 1 473 7 view .LVU316
 902 001a 0193     		str	r3, [sp, #4]
 474:Drivers/STM32F0xx_HAL_Driver/Src/stm32f0xx_hal_gpio.c **** 
 475:Drivers/STM32F0xx_HAL_Driver/Src/stm32f0xx_hal_gpio.c ****   /* read again in order to confirm lock is active */
 476:Drivers/STM32F0xx_HAL_Driver/Src/stm32f0xx_hal_gpio.c ****   if ((GPIOx->LCKR & GPIO_LCKR_LCKK) != 0x00u) {
 903              		.loc 1 476 3 is_stmt 1 view .LVU317
 904              		.loc 1 476 13 is_stmt 0 view .LVU318
 905 001c C369     		ldr	r3, [r0, #28]
 906              		.loc 1 476 6 view .LVU319
 907 001e 1342     		tst	r3, r2
 908 0020 02D0     		beq	.L51
 477:Drivers/STM32F0xx_HAL_Driver/Src/stm32f0xx_hal_gpio.c ****     return HAL_OK;
 909              		.loc 1 477 12 view .LVU320
 910 0022 0020     		movs	r0, #0
 911              	.LVL74:
 912              	.L50:
 478:Drivers/STM32F0xx_HAL_Driver/Src/stm32f0xx_hal_gpio.c ****   } else {
 479:Drivers/STM32F0xx_HAL_Driver/Src/stm32f0xx_hal_gpio.c ****     return HAL_ERROR;
 480:Drivers/STM32F0xx_HAL_Driver/Src/stm32f0xx_hal_gpio.c ****   }
 481:Drivers/STM32F0xx_HAL_Driver/Src/stm32f0xx_hal_gpio.c **** }
 913              		.loc 1 481 1 view .LVU321
 914 0024 02B0     		add	sp, sp, #8
 915              		@ sp needed
 916 0026 7047     		bx	lr
 917              	.LVL75:
 918              	.L51:
 479:Drivers/STM32F0xx_HAL_Driver/Src/stm32f0xx_hal_gpio.c ****   }
 919              		.loc 1 479 12 view .LVU322
 920 0028 0120     		movs	r0, #1
 921              	.LVL76:
 479:Drivers/STM32F0xx_HAL_Driver/Src/stm32f0xx_hal_gpio.c ****   }
 922              		.loc 1 479 12 view .LVU323
 923 002a FBE7     		b	.L50
 924              		.cfi_endproc
 925              	.LFE45:
 927              		.section	.text.HAL_GPIO_EXTI_Callback,"ax",%progbits
 928              		.align	1
 929              		.weak	HAL_GPIO_EXTI_Callback
 930              		.syntax unified
 931              		.code	16
 932              		.thumb_func
 934              	HAL_GPIO_EXTI_Callback:
 935              	.LVL77:
 936              	.LFB47:
 482:Drivers/STM32F0xx_HAL_Driver/Src/stm32f0xx_hal_gpio.c **** 
 483:Drivers/STM32F0xx_HAL_Driver/Src/stm32f0xx_hal_gpio.c **** /**
 484:Drivers/STM32F0xx_HAL_Driver/Src/stm32f0xx_hal_gpio.c ****  * @brief  Handle EXTI interrupt request.
 485:Drivers/STM32F0xx_HAL_Driver/Src/stm32f0xx_hal_gpio.c ****  * @param  GPIO_Pin Specifies the port pin connected to corresponding EXTI line.
 486:Drivers/STM32F0xx_HAL_Driver/Src/stm32f0xx_hal_gpio.c ****  * @retval None
 487:Drivers/STM32F0xx_HAL_Driver/Src/stm32f0xx_hal_gpio.c ****  */
ARM GAS  /tmp/ccl9Kcp0.s 			page 28


 488:Drivers/STM32F0xx_HAL_Driver/Src/stm32f0xx_hal_gpio.c **** void HAL_GPIO_EXTI_IRQHandler(uint16_t GPIO_Pin) {
 489:Drivers/STM32F0xx_HAL_Driver/Src/stm32f0xx_hal_gpio.c ****   /* EXTI line interrupt detected */
 490:Drivers/STM32F0xx_HAL_Driver/Src/stm32f0xx_hal_gpio.c ****   if (__HAL_GPIO_EXTI_GET_IT(GPIO_Pin) != 0x00u) {
 491:Drivers/STM32F0xx_HAL_Driver/Src/stm32f0xx_hal_gpio.c ****     __HAL_GPIO_EXTI_CLEAR_IT(GPIO_Pin);
 492:Drivers/STM32F0xx_HAL_Driver/Src/stm32f0xx_hal_gpio.c ****     HAL_GPIO_EXTI_Callback(GPIO_Pin);
 493:Drivers/STM32F0xx_HAL_Driver/Src/stm32f0xx_hal_gpio.c ****   }
 494:Drivers/STM32F0xx_HAL_Driver/Src/stm32f0xx_hal_gpio.c **** }
 495:Drivers/STM32F0xx_HAL_Driver/Src/stm32f0xx_hal_gpio.c **** 
 496:Drivers/STM32F0xx_HAL_Driver/Src/stm32f0xx_hal_gpio.c **** /**
 497:Drivers/STM32F0xx_HAL_Driver/Src/stm32f0xx_hal_gpio.c ****  * @brief  EXTI line detection callback.
 498:Drivers/STM32F0xx_HAL_Driver/Src/stm32f0xx_hal_gpio.c ****  * @param  GPIO_Pin Specifies the port pin connected to corresponding EXTI line.
 499:Drivers/STM32F0xx_HAL_Driver/Src/stm32f0xx_hal_gpio.c ****  * @retval None
 500:Drivers/STM32F0xx_HAL_Driver/Src/stm32f0xx_hal_gpio.c ****  */
 501:Drivers/STM32F0xx_HAL_Driver/Src/stm32f0xx_hal_gpio.c **** __weak void HAL_GPIO_EXTI_Callback(uint16_t GPIO_Pin) {
 937              		.loc 1 501 55 is_stmt 1 view -0
 938              		.cfi_startproc
 939              		@ args = 0, pretend = 0, frame = 0
 940              		@ frame_needed = 0, uses_anonymous_args = 0
 941              		@ link register save eliminated.
 502:Drivers/STM32F0xx_HAL_Driver/Src/stm32f0xx_hal_gpio.c ****   /* Prevent unused argument(s) compilation warning */
 503:Drivers/STM32F0xx_HAL_Driver/Src/stm32f0xx_hal_gpio.c ****   UNUSED(GPIO_Pin);
 942              		.loc 1 503 3 view .LVU325
 504:Drivers/STM32F0xx_HAL_Driver/Src/stm32f0xx_hal_gpio.c **** 
 505:Drivers/STM32F0xx_HAL_Driver/Src/stm32f0xx_hal_gpio.c ****   /* NOTE: This function should not be modified, when the callback is needed,
 506:Drivers/STM32F0xx_HAL_Driver/Src/stm32f0xx_hal_gpio.c ****             the HAL_GPIO_EXTI_Callback could be implemented in the user file
 507:Drivers/STM32F0xx_HAL_Driver/Src/stm32f0xx_hal_gpio.c ****    */
 508:Drivers/STM32F0xx_HAL_Driver/Src/stm32f0xx_hal_gpio.c **** }
 943              		.loc 1 508 1 is_stmt 0 view .LVU326
 944              		@ sp needed
 945 0000 7047     		bx	lr
 946              		.cfi_endproc
 947              	.LFE47:
 949              		.section	.text.HAL_GPIO_EXTI_IRQHandler,"ax",%progbits
 950              		.align	1
 951              		.global	HAL_GPIO_EXTI_IRQHandler
 952              		.syntax unified
 953              		.code	16
 954              		.thumb_func
 956              	HAL_GPIO_EXTI_IRQHandler:
 957              	.LVL78:
 958              	.LFB46:
 488:Drivers/STM32F0xx_HAL_Driver/Src/stm32f0xx_hal_gpio.c ****   /* EXTI line interrupt detected */
 959              		.loc 1 488 50 is_stmt 1 view -0
 960              		.cfi_startproc
 961              		@ args = 0, pretend = 0, frame = 0
 962              		@ frame_needed = 0, uses_anonymous_args = 0
 488:Drivers/STM32F0xx_HAL_Driver/Src/stm32f0xx_hal_gpio.c ****   /* EXTI line interrupt detected */
 963              		.loc 1 488 50 is_stmt 0 view .LVU328
 964 0000 10B5     		push	{r4, lr}
 965              	.LCFI5:
 966              		.cfi_def_cfa_offset 8
 967              		.cfi_offset 4, -8
 968              		.cfi_offset 14, -4
 490:Drivers/STM32F0xx_HAL_Driver/Src/stm32f0xx_hal_gpio.c ****     __HAL_GPIO_EXTI_CLEAR_IT(GPIO_Pin);
 969              		.loc 1 490 3 is_stmt 1 view .LVU329
 490:Drivers/STM32F0xx_HAL_Driver/Src/stm32f0xx_hal_gpio.c ****     __HAL_GPIO_EXTI_CLEAR_IT(GPIO_Pin);
 970              		.loc 1 490 7 is_stmt 0 view .LVU330
ARM GAS  /tmp/ccl9Kcp0.s 			page 29


 971 0002 054B     		ldr	r3, .L56
 972 0004 5B69     		ldr	r3, [r3, #20]
 490:Drivers/STM32F0xx_HAL_Driver/Src/stm32f0xx_hal_gpio.c ****     __HAL_GPIO_EXTI_CLEAR_IT(GPIO_Pin);
 973              		.loc 1 490 6 view .LVU331
 974 0006 1842     		tst	r0, r3
 975 0008 00D1     		bne	.L55
 976              	.LVL79:
 977              	.L53:
 494:Drivers/STM32F0xx_HAL_Driver/Src/stm32f0xx_hal_gpio.c **** 
 978              		.loc 1 494 1 view .LVU332
 979              		@ sp needed
 980 000a 10BD     		pop	{r4, pc}
 981              	.LVL80:
 982              	.L55:
 491:Drivers/STM32F0xx_HAL_Driver/Src/stm32f0xx_hal_gpio.c ****     HAL_GPIO_EXTI_Callback(GPIO_Pin);
 983              		.loc 1 491 5 is_stmt 1 view .LVU333
 984 000c 024B     		ldr	r3, .L56
 985 000e 5861     		str	r0, [r3, #20]
 492:Drivers/STM32F0xx_HAL_Driver/Src/stm32f0xx_hal_gpio.c ****   }
 986              		.loc 1 492 5 view .LVU334
 987 0010 FFF7FEFF 		bl	HAL_GPIO_EXTI_Callback
 988              	.LVL81:
 494:Drivers/STM32F0xx_HAL_Driver/Src/stm32f0xx_hal_gpio.c **** 
 989              		.loc 1 494 1 is_stmt 0 view .LVU335
 990 0014 F9E7     		b	.L53
 991              	.L57:
 992 0016 C046     		.align	2
 993              	.L56:
 994 0018 00040140 		.word	1073808384
 995              		.cfi_endproc
 996              	.LFE46:
 998              		.text
 999              	.Letext0:
 1000              		.file 2 "/usr/arm-none-eabi/include/machine/_default_types.h"
 1001              		.file 3 "/usr/arm-none-eabi/include/sys/_stdint.h"
 1002              		.file 4 "Drivers/CMSIS/Device/ST/STM32F0xx/Include/stm32f030x8.h"
 1003              		.file 5 "Drivers/STM32F0xx_HAL_Driver/Inc/stm32f0xx_hal_def.h"
 1004              		.file 6 "Drivers/STM32F0xx_HAL_Driver/Inc/stm32f0xx_hal_gpio.h"
ARM GAS  /tmp/ccl9Kcp0.s 			page 30


DEFINED SYMBOLS
                            *ABS*:00000000 stm32f0xx_hal_gpio.c
     /tmp/ccl9Kcp0.s:19     .text.HAL_GPIO_Init:00000000 $t
     /tmp/ccl9Kcp0.s:25     .text.HAL_GPIO_Init:00000000 HAL_GPIO_Init
     /tmp/ccl9Kcp0.s:480    .text.HAL_GPIO_Init:00000174 $d
     /tmp/ccl9Kcp0.s:490    .text.HAL_GPIO_DeInit:00000000 $t
     /tmp/ccl9Kcp0.s:496    .text.HAL_GPIO_DeInit:00000000 HAL_GPIO_DeInit
     /tmp/ccl9Kcp0.s:731    .text.HAL_GPIO_DeInit:000000d4 $d
     /tmp/ccl9Kcp0.s:740    .text.HAL_GPIO_ReadPin:00000000 $t
     /tmp/ccl9Kcp0.s:746    .text.HAL_GPIO_ReadPin:00000000 HAL_GPIO_ReadPin
     /tmp/ccl9Kcp0.s:781    .text.HAL_GPIO_WritePin:00000000 $t
     /tmp/ccl9Kcp0.s:787    .text.HAL_GPIO_WritePin:00000000 HAL_GPIO_WritePin
     /tmp/ccl9Kcp0.s:818    .text.HAL_GPIO_TogglePin:00000000 $t
     /tmp/ccl9Kcp0.s:824    .text.HAL_GPIO_TogglePin:00000000 HAL_GPIO_TogglePin
     /tmp/ccl9Kcp0.s:858    .text.HAL_GPIO_LockPin:00000000 $t
     /tmp/ccl9Kcp0.s:864    .text.HAL_GPIO_LockPin:00000000 HAL_GPIO_LockPin
     /tmp/ccl9Kcp0.s:928    .text.HAL_GPIO_EXTI_Callback:00000000 $t
     /tmp/ccl9Kcp0.s:934    .text.HAL_GPIO_EXTI_Callback:00000000 HAL_GPIO_EXTI_Callback
     /tmp/ccl9Kcp0.s:950    .text.HAL_GPIO_EXTI_IRQHandler:00000000 $t
     /tmp/ccl9Kcp0.s:956    .text.HAL_GPIO_EXTI_IRQHandler:00000000 HAL_GPIO_EXTI_IRQHandler
     /tmp/ccl9Kcp0.s:994    .text.HAL_GPIO_EXTI_IRQHandler:00000018 $d

NO UNDEFINED SYMBOLS
