ARM GAS  /tmp/ccTRwFIk.s 			page 1


   1              		.cpu cortex-m0
   2              		.arch armv6s-m
   3              		.fpu softvfp
   4              		.eabi_attribute 20, 1
   5              		.eabi_attribute 21, 1
   6              		.eabi_attribute 23, 3
   7              		.eabi_attribute 24, 1
   8              		.eabi_attribute 25, 1
   9              		.eabi_attribute 26, 1
  10              		.eabi_attribute 30, 1
  11              		.eabi_attribute 34, 0
  12              		.eabi_attribute 18, 4
  13              		.file	"stm32f0xx_hal_uart_ex.c"
  14              		.text
  15              	.Ltext0:
  16              		.cfi_sections	.debug_frame
  17              		.file 1 "Drivers/STM32F0xx_HAL_Driver/Src/stm32f0xx_hal_uart_ex.c"
  18              		.section	.text.HAL_RS485Ex_Init,"ax",%progbits
  19              		.align	1
  20              		.global	HAL_RS485Ex_Init
  21              		.syntax unified
  22              		.code	16
  23              		.thumb_func
  25              	HAL_RS485Ex_Init:
  26              	.LVL0:
  27              	.LFB40:
   1:Drivers/STM32F0xx_HAL_Driver/Src/stm32f0xx_hal_uart_ex.c **** /**
   2:Drivers/STM32F0xx_HAL_Driver/Src/stm32f0xx_hal_uart_ex.c ****   ******************************************************************************
   3:Drivers/STM32F0xx_HAL_Driver/Src/stm32f0xx_hal_uart_ex.c ****   * @file    stm32f0xx_hal_uart_ex.c
   4:Drivers/STM32F0xx_HAL_Driver/Src/stm32f0xx_hal_uart_ex.c ****   * @author  MCD Application Team
   5:Drivers/STM32F0xx_HAL_Driver/Src/stm32f0xx_hal_uart_ex.c ****   * @brief   Extended UART HAL module driver.
   6:Drivers/STM32F0xx_HAL_Driver/Src/stm32f0xx_hal_uart_ex.c ****   *          This file provides firmware functions to manage the following extended
   7:Drivers/STM32F0xx_HAL_Driver/Src/stm32f0xx_hal_uart_ex.c ****   *          functionalities of the Universal Asynchronous Receiver Transmitter Peripheral (UART).
   8:Drivers/STM32F0xx_HAL_Driver/Src/stm32f0xx_hal_uart_ex.c ****   *           + Initialization and de-initialization functions
   9:Drivers/STM32F0xx_HAL_Driver/Src/stm32f0xx_hal_uart_ex.c ****   *           + Peripheral Control functions
  10:Drivers/STM32F0xx_HAL_Driver/Src/stm32f0xx_hal_uart_ex.c ****   *
  11:Drivers/STM32F0xx_HAL_Driver/Src/stm32f0xx_hal_uart_ex.c ****   *
  12:Drivers/STM32F0xx_HAL_Driver/Src/stm32f0xx_hal_uart_ex.c ****   ******************************************************************************
  13:Drivers/STM32F0xx_HAL_Driver/Src/stm32f0xx_hal_uart_ex.c ****   * @attention
  14:Drivers/STM32F0xx_HAL_Driver/Src/stm32f0xx_hal_uart_ex.c ****   *
  15:Drivers/STM32F0xx_HAL_Driver/Src/stm32f0xx_hal_uart_ex.c ****   * Copyright (c) 2016 STMicroelectronics.
  16:Drivers/STM32F0xx_HAL_Driver/Src/stm32f0xx_hal_uart_ex.c ****   * All rights reserved.
  17:Drivers/STM32F0xx_HAL_Driver/Src/stm32f0xx_hal_uart_ex.c ****   *
  18:Drivers/STM32F0xx_HAL_Driver/Src/stm32f0xx_hal_uart_ex.c ****   * This software is licensed under terms that can be found in the LICENSE file
  19:Drivers/STM32F0xx_HAL_Driver/Src/stm32f0xx_hal_uart_ex.c ****   * in the root directory of this software component.
  20:Drivers/STM32F0xx_HAL_Driver/Src/stm32f0xx_hal_uart_ex.c ****   * If no LICENSE file comes with this software, it is provided AS-IS.
  21:Drivers/STM32F0xx_HAL_Driver/Src/stm32f0xx_hal_uart_ex.c ****   *
  22:Drivers/STM32F0xx_HAL_Driver/Src/stm32f0xx_hal_uart_ex.c ****   ******************************************************************************
  23:Drivers/STM32F0xx_HAL_Driver/Src/stm32f0xx_hal_uart_ex.c ****   @verbatim
  24:Drivers/STM32F0xx_HAL_Driver/Src/stm32f0xx_hal_uart_ex.c ****   ==============================================================================
  25:Drivers/STM32F0xx_HAL_Driver/Src/stm32f0xx_hal_uart_ex.c ****                ##### UART peripheral extended features  #####
  26:Drivers/STM32F0xx_HAL_Driver/Src/stm32f0xx_hal_uart_ex.c ****   ==============================================================================
  27:Drivers/STM32F0xx_HAL_Driver/Src/stm32f0xx_hal_uart_ex.c **** 
  28:Drivers/STM32F0xx_HAL_Driver/Src/stm32f0xx_hal_uart_ex.c ****     (#) Declare a UART_HandleTypeDef handle structure.
  29:Drivers/STM32F0xx_HAL_Driver/Src/stm32f0xx_hal_uart_ex.c **** 
  30:Drivers/STM32F0xx_HAL_Driver/Src/stm32f0xx_hal_uart_ex.c ****     (#) For the UART RS485 Driver Enable mode, initialize the UART registers
  31:Drivers/STM32F0xx_HAL_Driver/Src/stm32f0xx_hal_uart_ex.c ****         by calling the HAL_RS485Ex_Init() API.
ARM GAS  /tmp/ccTRwFIk.s 			page 2


  32:Drivers/STM32F0xx_HAL_Driver/Src/stm32f0xx_hal_uart_ex.c **** 
  33:Drivers/STM32F0xx_HAL_Driver/Src/stm32f0xx_hal_uart_ex.c ****   @endverbatim
  34:Drivers/STM32F0xx_HAL_Driver/Src/stm32f0xx_hal_uart_ex.c ****   ******************************************************************************
  35:Drivers/STM32F0xx_HAL_Driver/Src/stm32f0xx_hal_uart_ex.c ****   */
  36:Drivers/STM32F0xx_HAL_Driver/Src/stm32f0xx_hal_uart_ex.c **** 
  37:Drivers/STM32F0xx_HAL_Driver/Src/stm32f0xx_hal_uart_ex.c **** /* Includes ------------------------------------------------------------------*/
  38:Drivers/STM32F0xx_HAL_Driver/Src/stm32f0xx_hal_uart_ex.c **** #include "stm32f0xx_hal.h"
  39:Drivers/STM32F0xx_HAL_Driver/Src/stm32f0xx_hal_uart_ex.c **** 
  40:Drivers/STM32F0xx_HAL_Driver/Src/stm32f0xx_hal_uart_ex.c **** /** @addtogroup STM32F0xx_HAL_Driver
  41:Drivers/STM32F0xx_HAL_Driver/Src/stm32f0xx_hal_uart_ex.c ****   * @{
  42:Drivers/STM32F0xx_HAL_Driver/Src/stm32f0xx_hal_uart_ex.c ****   */
  43:Drivers/STM32F0xx_HAL_Driver/Src/stm32f0xx_hal_uart_ex.c **** 
  44:Drivers/STM32F0xx_HAL_Driver/Src/stm32f0xx_hal_uart_ex.c **** /** @defgroup UARTEx UARTEx
  45:Drivers/STM32F0xx_HAL_Driver/Src/stm32f0xx_hal_uart_ex.c ****   * @brief UART Extended HAL module driver
  46:Drivers/STM32F0xx_HAL_Driver/Src/stm32f0xx_hal_uart_ex.c ****   * @{
  47:Drivers/STM32F0xx_HAL_Driver/Src/stm32f0xx_hal_uart_ex.c ****   */
  48:Drivers/STM32F0xx_HAL_Driver/Src/stm32f0xx_hal_uart_ex.c **** 
  49:Drivers/STM32F0xx_HAL_Driver/Src/stm32f0xx_hal_uart_ex.c **** #ifdef HAL_UART_MODULE_ENABLED
  50:Drivers/STM32F0xx_HAL_Driver/Src/stm32f0xx_hal_uart_ex.c **** 
  51:Drivers/STM32F0xx_HAL_Driver/Src/stm32f0xx_hal_uart_ex.c **** /* Private typedef -----------------------------------------------------------*/
  52:Drivers/STM32F0xx_HAL_Driver/Src/stm32f0xx_hal_uart_ex.c **** /* Private define ------------------------------------------------------------*/
  53:Drivers/STM32F0xx_HAL_Driver/Src/stm32f0xx_hal_uart_ex.c **** 
  54:Drivers/STM32F0xx_HAL_Driver/Src/stm32f0xx_hal_uart_ex.c **** /* Private macros ------------------------------------------------------------*/
  55:Drivers/STM32F0xx_HAL_Driver/Src/stm32f0xx_hal_uart_ex.c **** /* Private variables ---------------------------------------------------------*/
  56:Drivers/STM32F0xx_HAL_Driver/Src/stm32f0xx_hal_uart_ex.c **** /* Private function prototypes -----------------------------------------------*/
  57:Drivers/STM32F0xx_HAL_Driver/Src/stm32f0xx_hal_uart_ex.c **** /** @defgroup UARTEx_Private_Functions UARTEx Private Functions
  58:Drivers/STM32F0xx_HAL_Driver/Src/stm32f0xx_hal_uart_ex.c ****   * @{
  59:Drivers/STM32F0xx_HAL_Driver/Src/stm32f0xx_hal_uart_ex.c ****   */
  60:Drivers/STM32F0xx_HAL_Driver/Src/stm32f0xx_hal_uart_ex.c **** #if defined(USART_CR1_UESM)
  61:Drivers/STM32F0xx_HAL_Driver/Src/stm32f0xx_hal_uart_ex.c **** static void UARTEx_Wakeup_AddressConfig(UART_HandleTypeDef *huart, UART_WakeUpTypeDef WakeUpSelecti
  62:Drivers/STM32F0xx_HAL_Driver/Src/stm32f0xx_hal_uart_ex.c **** #endif /* USART_CR1_UESM */
  63:Drivers/STM32F0xx_HAL_Driver/Src/stm32f0xx_hal_uart_ex.c **** /**
  64:Drivers/STM32F0xx_HAL_Driver/Src/stm32f0xx_hal_uart_ex.c ****   * @}
  65:Drivers/STM32F0xx_HAL_Driver/Src/stm32f0xx_hal_uart_ex.c ****   */
  66:Drivers/STM32F0xx_HAL_Driver/Src/stm32f0xx_hal_uart_ex.c **** 
  67:Drivers/STM32F0xx_HAL_Driver/Src/stm32f0xx_hal_uart_ex.c **** /* Exported functions --------------------------------------------------------*/
  68:Drivers/STM32F0xx_HAL_Driver/Src/stm32f0xx_hal_uart_ex.c **** 
  69:Drivers/STM32F0xx_HAL_Driver/Src/stm32f0xx_hal_uart_ex.c **** /** @defgroup UARTEx_Exported_Functions  UARTEx Exported Functions
  70:Drivers/STM32F0xx_HAL_Driver/Src/stm32f0xx_hal_uart_ex.c ****   * @{
  71:Drivers/STM32F0xx_HAL_Driver/Src/stm32f0xx_hal_uart_ex.c ****   */
  72:Drivers/STM32F0xx_HAL_Driver/Src/stm32f0xx_hal_uart_ex.c **** 
  73:Drivers/STM32F0xx_HAL_Driver/Src/stm32f0xx_hal_uart_ex.c **** /** @defgroup UARTEx_Exported_Functions_Group1 Initialization and de-initialization functions
  74:Drivers/STM32F0xx_HAL_Driver/Src/stm32f0xx_hal_uart_ex.c ****   * @brief    Extended Initialization and Configuration Functions
  75:Drivers/STM32F0xx_HAL_Driver/Src/stm32f0xx_hal_uart_ex.c ****   *
  76:Drivers/STM32F0xx_HAL_Driver/Src/stm32f0xx_hal_uart_ex.c **** @verbatim
  77:Drivers/STM32F0xx_HAL_Driver/Src/stm32f0xx_hal_uart_ex.c **** ===============================================================================
  78:Drivers/STM32F0xx_HAL_Driver/Src/stm32f0xx_hal_uart_ex.c ****             ##### Initialization and Configuration functions #####
  79:Drivers/STM32F0xx_HAL_Driver/Src/stm32f0xx_hal_uart_ex.c ****  ===============================================================================
  80:Drivers/STM32F0xx_HAL_Driver/Src/stm32f0xx_hal_uart_ex.c ****     [..]
  81:Drivers/STM32F0xx_HAL_Driver/Src/stm32f0xx_hal_uart_ex.c ****     This subsection provides a set of functions allowing to initialize the USARTx or the UARTy
  82:Drivers/STM32F0xx_HAL_Driver/Src/stm32f0xx_hal_uart_ex.c ****     in asynchronous mode.
  83:Drivers/STM32F0xx_HAL_Driver/Src/stm32f0xx_hal_uart_ex.c ****       (+) For the asynchronous mode the parameters below can be configured:
  84:Drivers/STM32F0xx_HAL_Driver/Src/stm32f0xx_hal_uart_ex.c ****         (++) Baud Rate
  85:Drivers/STM32F0xx_HAL_Driver/Src/stm32f0xx_hal_uart_ex.c ****         (++) Word Length
  86:Drivers/STM32F0xx_HAL_Driver/Src/stm32f0xx_hal_uart_ex.c ****         (++) Stop Bit
  87:Drivers/STM32F0xx_HAL_Driver/Src/stm32f0xx_hal_uart_ex.c ****         (++) Parity: If the parity is enabled, then the MSB bit of the data written
  88:Drivers/STM32F0xx_HAL_Driver/Src/stm32f0xx_hal_uart_ex.c ****              in the data register is transmitted but is changed by the parity bit.
ARM GAS  /tmp/ccTRwFIk.s 			page 3


  89:Drivers/STM32F0xx_HAL_Driver/Src/stm32f0xx_hal_uart_ex.c ****         (++) Hardware flow control
  90:Drivers/STM32F0xx_HAL_Driver/Src/stm32f0xx_hal_uart_ex.c ****         (++) Receiver/transmitter modes
  91:Drivers/STM32F0xx_HAL_Driver/Src/stm32f0xx_hal_uart_ex.c ****         (++) Over Sampling Method
  92:Drivers/STM32F0xx_HAL_Driver/Src/stm32f0xx_hal_uart_ex.c ****         (++) One-Bit Sampling Method
  93:Drivers/STM32F0xx_HAL_Driver/Src/stm32f0xx_hal_uart_ex.c ****       (+) For the asynchronous mode, the following advanced features can be configured as well:
  94:Drivers/STM32F0xx_HAL_Driver/Src/stm32f0xx_hal_uart_ex.c ****         (++) TX and/or RX pin level inversion
  95:Drivers/STM32F0xx_HAL_Driver/Src/stm32f0xx_hal_uart_ex.c ****         (++) data logical level inversion
  96:Drivers/STM32F0xx_HAL_Driver/Src/stm32f0xx_hal_uart_ex.c ****         (++) RX and TX pins swap
  97:Drivers/STM32F0xx_HAL_Driver/Src/stm32f0xx_hal_uart_ex.c ****         (++) RX overrun detection disabling
  98:Drivers/STM32F0xx_HAL_Driver/Src/stm32f0xx_hal_uart_ex.c ****         (++) DMA disabling on RX error
  99:Drivers/STM32F0xx_HAL_Driver/Src/stm32f0xx_hal_uart_ex.c ****         (++) MSB first on communication line
 100:Drivers/STM32F0xx_HAL_Driver/Src/stm32f0xx_hal_uart_ex.c ****         (++) auto Baud rate detection
 101:Drivers/STM32F0xx_HAL_Driver/Src/stm32f0xx_hal_uart_ex.c ****     [..]
 102:Drivers/STM32F0xx_HAL_Driver/Src/stm32f0xx_hal_uart_ex.c ****     The HAL_RS485Ex_Init() API follows the UART RS485 mode configuration
 103:Drivers/STM32F0xx_HAL_Driver/Src/stm32f0xx_hal_uart_ex.c ****      procedures (details for the procedures are available in reference manual).
 104:Drivers/STM32F0xx_HAL_Driver/Src/stm32f0xx_hal_uart_ex.c **** 
 105:Drivers/STM32F0xx_HAL_Driver/Src/stm32f0xx_hal_uart_ex.c **** @endverbatim
 106:Drivers/STM32F0xx_HAL_Driver/Src/stm32f0xx_hal_uart_ex.c **** 
 107:Drivers/STM32F0xx_HAL_Driver/Src/stm32f0xx_hal_uart_ex.c ****   Depending on the frame length defined by the M1 and M0 bits (7-bit,
 108:Drivers/STM32F0xx_HAL_Driver/Src/stm32f0xx_hal_uart_ex.c ****   8-bit or 9-bit), the possible UART formats are listed in the
 109:Drivers/STM32F0xx_HAL_Driver/Src/stm32f0xx_hal_uart_ex.c ****   following table.
 110:Drivers/STM32F0xx_HAL_Driver/Src/stm32f0xx_hal_uart_ex.c **** 
 111:Drivers/STM32F0xx_HAL_Driver/Src/stm32f0xx_hal_uart_ex.c ****     Table 1. UART frame format.
 112:Drivers/STM32F0xx_HAL_Driver/Src/stm32f0xx_hal_uart_ex.c ****     +-----------------------------------------------------------------------+
 113:Drivers/STM32F0xx_HAL_Driver/Src/stm32f0xx_hal_uart_ex.c ****     |  M1 bit |  M0 bit |  PCE bit  |             UART frame                |
 114:Drivers/STM32F0xx_HAL_Driver/Src/stm32f0xx_hal_uart_ex.c ****     |---------|---------|-----------|---------------------------------------|
 115:Drivers/STM32F0xx_HAL_Driver/Src/stm32f0xx_hal_uart_ex.c ****     |    0    |    0    |    0      |    | SB |    8 bit data   | STB |     |
 116:Drivers/STM32F0xx_HAL_Driver/Src/stm32f0xx_hal_uart_ex.c ****     |---------|---------|-----------|---------------------------------------|
 117:Drivers/STM32F0xx_HAL_Driver/Src/stm32f0xx_hal_uart_ex.c ****     |    0    |    0    |    1      |    | SB | 7 bit data | PB | STB |     |
 118:Drivers/STM32F0xx_HAL_Driver/Src/stm32f0xx_hal_uart_ex.c ****     |---------|---------|-----------|---------------------------------------|
 119:Drivers/STM32F0xx_HAL_Driver/Src/stm32f0xx_hal_uart_ex.c ****     |    0    |    1    |    0      |    | SB |    9 bit data   | STB |     |
 120:Drivers/STM32F0xx_HAL_Driver/Src/stm32f0xx_hal_uart_ex.c ****     |---------|---------|-----------|---------------------------------------|
 121:Drivers/STM32F0xx_HAL_Driver/Src/stm32f0xx_hal_uart_ex.c ****     |    0    |    1    |    1      |    | SB | 8 bit data | PB | STB |     |
 122:Drivers/STM32F0xx_HAL_Driver/Src/stm32f0xx_hal_uart_ex.c ****     |---------|---------|-----------|---------------------------------------|
 123:Drivers/STM32F0xx_HAL_Driver/Src/stm32f0xx_hal_uart_ex.c ****     |    1    |    0    |    0      |    | SB |    7 bit data   | STB |     |
 124:Drivers/STM32F0xx_HAL_Driver/Src/stm32f0xx_hal_uart_ex.c ****     |---------|---------|-----------|---------------------------------------|
 125:Drivers/STM32F0xx_HAL_Driver/Src/stm32f0xx_hal_uart_ex.c ****     |    1    |    0    |    1      |    | SB | 6 bit data | PB | STB |     |
 126:Drivers/STM32F0xx_HAL_Driver/Src/stm32f0xx_hal_uart_ex.c ****     +-----------------------------------------------------------------------+
 127:Drivers/STM32F0xx_HAL_Driver/Src/stm32f0xx_hal_uart_ex.c **** 
 128:Drivers/STM32F0xx_HAL_Driver/Src/stm32f0xx_hal_uart_ex.c ****   * @{
 129:Drivers/STM32F0xx_HAL_Driver/Src/stm32f0xx_hal_uart_ex.c ****   */
 130:Drivers/STM32F0xx_HAL_Driver/Src/stm32f0xx_hal_uart_ex.c **** 
 131:Drivers/STM32F0xx_HAL_Driver/Src/stm32f0xx_hal_uart_ex.c **** /**
 132:Drivers/STM32F0xx_HAL_Driver/Src/stm32f0xx_hal_uart_ex.c ****   * @brief Initialize the RS485 Driver enable feature according to the specified
 133:Drivers/STM32F0xx_HAL_Driver/Src/stm32f0xx_hal_uart_ex.c ****   *         parameters in the UART_InitTypeDef and creates the associated handle.
 134:Drivers/STM32F0xx_HAL_Driver/Src/stm32f0xx_hal_uart_ex.c ****   * @param huart            UART handle.
 135:Drivers/STM32F0xx_HAL_Driver/Src/stm32f0xx_hal_uart_ex.c ****   * @param Polarity         Select the driver enable polarity.
 136:Drivers/STM32F0xx_HAL_Driver/Src/stm32f0xx_hal_uart_ex.c ****   *          This parameter can be one of the following values:
 137:Drivers/STM32F0xx_HAL_Driver/Src/stm32f0xx_hal_uart_ex.c ****   *          @arg @ref UART_DE_POLARITY_HIGH DE signal is active high
 138:Drivers/STM32F0xx_HAL_Driver/Src/stm32f0xx_hal_uart_ex.c ****   *          @arg @ref UART_DE_POLARITY_LOW  DE signal is active low
 139:Drivers/STM32F0xx_HAL_Driver/Src/stm32f0xx_hal_uart_ex.c ****   * @param AssertionTime    Driver Enable assertion time:
 140:Drivers/STM32F0xx_HAL_Driver/Src/stm32f0xx_hal_uart_ex.c ****   *       5-bit value defining the time between the activation of the DE (Driver Enable)
 141:Drivers/STM32F0xx_HAL_Driver/Src/stm32f0xx_hal_uart_ex.c ****   *       signal and the beginning of the start bit. It is expressed in sample time
 142:Drivers/STM32F0xx_HAL_Driver/Src/stm32f0xx_hal_uart_ex.c ****   *       units (1/8 or 1/16 bit time, depending on the oversampling rate)
 143:Drivers/STM32F0xx_HAL_Driver/Src/stm32f0xx_hal_uart_ex.c ****   * @param DeassertionTime  Driver Enable deassertion time:
 144:Drivers/STM32F0xx_HAL_Driver/Src/stm32f0xx_hal_uart_ex.c ****   *       5-bit value defining the time between the end of the last stop bit, in a
 145:Drivers/STM32F0xx_HAL_Driver/Src/stm32f0xx_hal_uart_ex.c ****   *       transmitted message, and the de-activation of the DE (Driver Enable) signal.
ARM GAS  /tmp/ccTRwFIk.s 			page 4


 146:Drivers/STM32F0xx_HAL_Driver/Src/stm32f0xx_hal_uart_ex.c ****   *       It is expressed in sample time units (1/8 or 1/16 bit time, depending on the
 147:Drivers/STM32F0xx_HAL_Driver/Src/stm32f0xx_hal_uart_ex.c ****   *       oversampling rate).
 148:Drivers/STM32F0xx_HAL_Driver/Src/stm32f0xx_hal_uart_ex.c ****   * @retval HAL status
 149:Drivers/STM32F0xx_HAL_Driver/Src/stm32f0xx_hal_uart_ex.c ****   */
 150:Drivers/STM32F0xx_HAL_Driver/Src/stm32f0xx_hal_uart_ex.c **** HAL_StatusTypeDef HAL_RS485Ex_Init(UART_HandleTypeDef *huart, uint32_t Polarity, uint32_t Assertion
 151:Drivers/STM32F0xx_HAL_Driver/Src/stm32f0xx_hal_uart_ex.c ****                                    uint32_t DeassertionTime)
 152:Drivers/STM32F0xx_HAL_Driver/Src/stm32f0xx_hal_uart_ex.c **** {
  28              		.loc 1 152 1 view -0
  29              		.cfi_startproc
  30              		@ args = 0, pretend = 0, frame = 0
  31              		@ frame_needed = 0, uses_anonymous_args = 0
  32              		.loc 1 152 1 is_stmt 0 view .LVU1
  33 0000 F8B5     		push	{r3, r4, r5, r6, r7, lr}
  34              	.LCFI0:
  35              		.cfi_def_cfa_offset 24
  36              		.cfi_offset 3, -24
  37              		.cfi_offset 4, -20
  38              		.cfi_offset 5, -16
  39              		.cfi_offset 6, -12
  40              		.cfi_offset 7, -8
  41              		.cfi_offset 14, -4
  42 0002 0400     		movs	r4, r0
  43 0004 0D00     		movs	r5, r1
  44 0006 1600     		movs	r6, r2
  45 0008 1F00     		movs	r7, r3
 153:Drivers/STM32F0xx_HAL_Driver/Src/stm32f0xx_hal_uart_ex.c ****   uint32_t temp;
  46              		.loc 1 153 3 is_stmt 1 view .LVU2
 154:Drivers/STM32F0xx_HAL_Driver/Src/stm32f0xx_hal_uart_ex.c **** 
 155:Drivers/STM32F0xx_HAL_Driver/Src/stm32f0xx_hal_uart_ex.c ****   /* Check the UART handle allocation */
 156:Drivers/STM32F0xx_HAL_Driver/Src/stm32f0xx_hal_uart_ex.c ****   if (huart == NULL)
  47              		.loc 1 156 3 view .LVU3
  48              		.loc 1 156 6 is_stmt 0 view .LVU4
  49 000a 0028     		cmp	r0, #0
  50 000c 39D0     		beq	.L5
 157:Drivers/STM32F0xx_HAL_Driver/Src/stm32f0xx_hal_uart_ex.c ****   {
 158:Drivers/STM32F0xx_HAL_Driver/Src/stm32f0xx_hal_uart_ex.c ****     return HAL_ERROR;
 159:Drivers/STM32F0xx_HAL_Driver/Src/stm32f0xx_hal_uart_ex.c ****   }
 160:Drivers/STM32F0xx_HAL_Driver/Src/stm32f0xx_hal_uart_ex.c ****   /* Check the Driver Enable UART instance */
 161:Drivers/STM32F0xx_HAL_Driver/Src/stm32f0xx_hal_uart_ex.c ****   assert_param(IS_UART_DRIVER_ENABLE_INSTANCE(huart->Instance));
  51              		.loc 1 161 3 is_stmt 1 view .LVU5
 162:Drivers/STM32F0xx_HAL_Driver/Src/stm32f0xx_hal_uart_ex.c **** 
 163:Drivers/STM32F0xx_HAL_Driver/Src/stm32f0xx_hal_uart_ex.c ****   /* Check the Driver Enable polarity */
 164:Drivers/STM32F0xx_HAL_Driver/Src/stm32f0xx_hal_uart_ex.c ****   assert_param(IS_UART_DE_POLARITY(Polarity));
  52              		.loc 1 164 3 view .LVU6
 165:Drivers/STM32F0xx_HAL_Driver/Src/stm32f0xx_hal_uart_ex.c **** 
 166:Drivers/STM32F0xx_HAL_Driver/Src/stm32f0xx_hal_uart_ex.c ****   /* Check the Driver Enable assertion time */
 167:Drivers/STM32F0xx_HAL_Driver/Src/stm32f0xx_hal_uart_ex.c ****   assert_param(IS_UART_ASSERTIONTIME(AssertionTime));
  53              		.loc 1 167 3 view .LVU7
 168:Drivers/STM32F0xx_HAL_Driver/Src/stm32f0xx_hal_uart_ex.c **** 
 169:Drivers/STM32F0xx_HAL_Driver/Src/stm32f0xx_hal_uart_ex.c ****   /* Check the Driver Enable deassertion time */
 170:Drivers/STM32F0xx_HAL_Driver/Src/stm32f0xx_hal_uart_ex.c ****   assert_param(IS_UART_DEASSERTIONTIME(DeassertionTime));
  54              		.loc 1 170 3 view .LVU8
 171:Drivers/STM32F0xx_HAL_Driver/Src/stm32f0xx_hal_uart_ex.c **** 
 172:Drivers/STM32F0xx_HAL_Driver/Src/stm32f0xx_hal_uart_ex.c ****   if (huart->gState == HAL_UART_STATE_RESET)
  55              		.loc 1 172 3 view .LVU9
  56              		.loc 1 172 12 is_stmt 0 view .LVU10
  57 000e C36F     		ldr	r3, [r0, #124]
ARM GAS  /tmp/ccTRwFIk.s 			page 5


  58              	.LVL1:
  59              		.loc 1 172 6 view .LVU11
  60 0010 002B     		cmp	r3, #0
  61 0012 2CD0     		beq	.L6
  62              	.LVL2:
  63              	.L3:
 173:Drivers/STM32F0xx_HAL_Driver/Src/stm32f0xx_hal_uart_ex.c ****   {
 174:Drivers/STM32F0xx_HAL_Driver/Src/stm32f0xx_hal_uart_ex.c ****     /* Allocate lock resource and initialize it */
 175:Drivers/STM32F0xx_HAL_Driver/Src/stm32f0xx_hal_uart_ex.c ****     huart->Lock = HAL_UNLOCKED;
 176:Drivers/STM32F0xx_HAL_Driver/Src/stm32f0xx_hal_uart_ex.c **** 
 177:Drivers/STM32F0xx_HAL_Driver/Src/stm32f0xx_hal_uart_ex.c **** #if (USE_HAL_UART_REGISTER_CALLBACKS == 1)
 178:Drivers/STM32F0xx_HAL_Driver/Src/stm32f0xx_hal_uart_ex.c ****     UART_InitCallbacksToDefault(huart);
 179:Drivers/STM32F0xx_HAL_Driver/Src/stm32f0xx_hal_uart_ex.c **** 
 180:Drivers/STM32F0xx_HAL_Driver/Src/stm32f0xx_hal_uart_ex.c ****     if (huart->MspInitCallback == NULL)
 181:Drivers/STM32F0xx_HAL_Driver/Src/stm32f0xx_hal_uart_ex.c ****     {
 182:Drivers/STM32F0xx_HAL_Driver/Src/stm32f0xx_hal_uart_ex.c ****       huart->MspInitCallback = HAL_UART_MspInit;
 183:Drivers/STM32F0xx_HAL_Driver/Src/stm32f0xx_hal_uart_ex.c ****     }
 184:Drivers/STM32F0xx_HAL_Driver/Src/stm32f0xx_hal_uart_ex.c **** 
 185:Drivers/STM32F0xx_HAL_Driver/Src/stm32f0xx_hal_uart_ex.c ****     /* Init the low level hardware */
 186:Drivers/STM32F0xx_HAL_Driver/Src/stm32f0xx_hal_uart_ex.c ****     huart->MspInitCallback(huart);
 187:Drivers/STM32F0xx_HAL_Driver/Src/stm32f0xx_hal_uart_ex.c **** #else
 188:Drivers/STM32F0xx_HAL_Driver/Src/stm32f0xx_hal_uart_ex.c ****     /* Init the low level hardware : GPIO, CLOCK, CORTEX */
 189:Drivers/STM32F0xx_HAL_Driver/Src/stm32f0xx_hal_uart_ex.c ****     HAL_UART_MspInit(huart);
 190:Drivers/STM32F0xx_HAL_Driver/Src/stm32f0xx_hal_uart_ex.c **** #endif /* (USE_HAL_UART_REGISTER_CALLBACKS) */
 191:Drivers/STM32F0xx_HAL_Driver/Src/stm32f0xx_hal_uart_ex.c ****   }
 192:Drivers/STM32F0xx_HAL_Driver/Src/stm32f0xx_hal_uart_ex.c **** 
 193:Drivers/STM32F0xx_HAL_Driver/Src/stm32f0xx_hal_uart_ex.c ****   huart->gState = HAL_UART_STATE_BUSY;
  64              		.loc 1 193 3 is_stmt 1 view .LVU12
  65              		.loc 1 193 17 is_stmt 0 view .LVU13
  66 0014 2423     		movs	r3, #36
  67 0016 E367     		str	r3, [r4, #124]
 194:Drivers/STM32F0xx_HAL_Driver/Src/stm32f0xx_hal_uart_ex.c **** 
 195:Drivers/STM32F0xx_HAL_Driver/Src/stm32f0xx_hal_uart_ex.c ****   /* Disable the Peripheral */
 196:Drivers/STM32F0xx_HAL_Driver/Src/stm32f0xx_hal_uart_ex.c ****   __HAL_UART_DISABLE(huart);
  68              		.loc 1 196 3 is_stmt 1 view .LVU14
  69 0018 2268     		ldr	r2, [r4]
  70 001a 1368     		ldr	r3, [r2]
  71 001c 0121     		movs	r1, #1
  72 001e 8B43     		bics	r3, r1
  73 0020 1360     		str	r3, [r2]
 197:Drivers/STM32F0xx_HAL_Driver/Src/stm32f0xx_hal_uart_ex.c **** 
 198:Drivers/STM32F0xx_HAL_Driver/Src/stm32f0xx_hal_uart_ex.c ****   /* Perform advanced settings configuration */
 199:Drivers/STM32F0xx_HAL_Driver/Src/stm32f0xx_hal_uart_ex.c ****   /* For some items, configuration requires to be done prior TE and RE bits are set */
 200:Drivers/STM32F0xx_HAL_Driver/Src/stm32f0xx_hal_uart_ex.c ****   if (huart->AdvancedInit.AdvFeatureInit != UART_ADVFEATURE_NO_INIT)
  74              		.loc 1 200 3 view .LVU15
  75              		.loc 1 200 26 is_stmt 0 view .LVU16
  76 0022 636A     		ldr	r3, [r4, #36]
  77              		.loc 1 200 6 view .LVU17
  78 0024 002B     		cmp	r3, #0
  79 0026 28D1     		bne	.L7
  80              	.L4:
 201:Drivers/STM32F0xx_HAL_Driver/Src/stm32f0xx_hal_uart_ex.c ****   {
 202:Drivers/STM32F0xx_HAL_Driver/Src/stm32f0xx_hal_uart_ex.c ****     UART_AdvFeatureConfig(huart);
 203:Drivers/STM32F0xx_HAL_Driver/Src/stm32f0xx_hal_uart_ex.c ****   }
 204:Drivers/STM32F0xx_HAL_Driver/Src/stm32f0xx_hal_uart_ex.c **** 
 205:Drivers/STM32F0xx_HAL_Driver/Src/stm32f0xx_hal_uart_ex.c ****   /* Set the UART Communication parameters */
 206:Drivers/STM32F0xx_HAL_Driver/Src/stm32f0xx_hal_uart_ex.c ****   if (UART_SetConfig(huart) == HAL_ERROR)
ARM GAS  /tmp/ccTRwFIk.s 			page 6


  81              		.loc 1 206 3 is_stmt 1 view .LVU18
  82              		.loc 1 206 7 is_stmt 0 view .LVU19
  83 0028 2000     		movs	r0, r4
  84 002a FFF7FEFF 		bl	UART_SetConfig
  85              	.LVL3:
  86              		.loc 1 206 6 discriminator 1 view .LVU20
  87 002e 0128     		cmp	r0, #1
  88 0030 1CD0     		beq	.L2
 207:Drivers/STM32F0xx_HAL_Driver/Src/stm32f0xx_hal_uart_ex.c ****   {
 208:Drivers/STM32F0xx_HAL_Driver/Src/stm32f0xx_hal_uart_ex.c ****     return HAL_ERROR;
 209:Drivers/STM32F0xx_HAL_Driver/Src/stm32f0xx_hal_uart_ex.c ****   }
 210:Drivers/STM32F0xx_HAL_Driver/Src/stm32f0xx_hal_uart_ex.c **** 
 211:Drivers/STM32F0xx_HAL_Driver/Src/stm32f0xx_hal_uart_ex.c ****   /* Enable the Driver Enable mode by setting the DEM bit in the CR3 register */
 212:Drivers/STM32F0xx_HAL_Driver/Src/stm32f0xx_hal_uart_ex.c ****   SET_BIT(huart->Instance->CR3, USART_CR3_DEM);
  89              		.loc 1 212 3 is_stmt 1 view .LVU21
  90 0032 2268     		ldr	r2, [r4]
  91 0034 9168     		ldr	r1, [r2, #8]
  92 0036 8023     		movs	r3, #128
  93 0038 DB01     		lsls	r3, r3, #7
  94 003a 0B43     		orrs	r3, r1
  95 003c 9360     		str	r3, [r2, #8]
 213:Drivers/STM32F0xx_HAL_Driver/Src/stm32f0xx_hal_uart_ex.c **** 
 214:Drivers/STM32F0xx_HAL_Driver/Src/stm32f0xx_hal_uart_ex.c ****   /* Set the Driver Enable polarity */
 215:Drivers/STM32F0xx_HAL_Driver/Src/stm32f0xx_hal_uart_ex.c ****   MODIFY_REG(huart->Instance->CR3, USART_CR3_DEP, Polarity);
  96              		.loc 1 215 3 view .LVU22
  97 003e 2268     		ldr	r2, [r4]
  98 0040 9368     		ldr	r3, [r2, #8]
  99 0042 1149     		ldr	r1, .L8
 100 0044 0B40     		ands	r3, r1
 101 0046 2B43     		orrs	r3, r5
 102 0048 9360     		str	r3, [r2, #8]
 216:Drivers/STM32F0xx_HAL_Driver/Src/stm32f0xx_hal_uart_ex.c **** 
 217:Drivers/STM32F0xx_HAL_Driver/Src/stm32f0xx_hal_uart_ex.c ****   /* Set the Driver Enable assertion and deassertion times */
 218:Drivers/STM32F0xx_HAL_Driver/Src/stm32f0xx_hal_uart_ex.c ****   temp = (AssertionTime << UART_CR1_DEAT_ADDRESS_LSB_POS);
 103              		.loc 1 218 3 view .LVU23
 104              		.loc 1 218 8 is_stmt 0 view .LVU24
 105 004a 7205     		lsls	r2, r6, #21
 106              	.LVL4:
 219:Drivers/STM32F0xx_HAL_Driver/Src/stm32f0xx_hal_uart_ex.c ****   temp |= (DeassertionTime << UART_CR1_DEDT_ADDRESS_LSB_POS);
 107              		.loc 1 219 3 is_stmt 1 view .LVU25
 108              		.loc 1 219 28 is_stmt 0 view .LVU26
 109 004c 3B04     		lsls	r3, r7, #16
 110              		.loc 1 219 8 view .LVU27
 111 004e 1343     		orrs	r3, r2
 112              	.LVL5:
 220:Drivers/STM32F0xx_HAL_Driver/Src/stm32f0xx_hal_uart_ex.c ****   MODIFY_REG(huart->Instance->CR1, (USART_CR1_DEDT | USART_CR1_DEAT), temp);
 113              		.loc 1 220 3 is_stmt 1 view .LVU28
 114 0050 2168     		ldr	r1, [r4]
 115 0052 0A68     		ldr	r2, [r1]
 116 0054 0D48     		ldr	r0, .L8+4
 117 0056 0240     		ands	r2, r0
 118 0058 1343     		orrs	r3, r2
 119              	.LVL6:
 120              		.loc 1 220 3 is_stmt 0 view .LVU29
 121 005a 0B60     		str	r3, [r1]
 221:Drivers/STM32F0xx_HAL_Driver/Src/stm32f0xx_hal_uart_ex.c **** 
 222:Drivers/STM32F0xx_HAL_Driver/Src/stm32f0xx_hal_uart_ex.c ****   /* Enable the Peripheral */
ARM GAS  /tmp/ccTRwFIk.s 			page 7


 223:Drivers/STM32F0xx_HAL_Driver/Src/stm32f0xx_hal_uart_ex.c ****   __HAL_UART_ENABLE(huart);
 122              		.loc 1 223 3 is_stmt 1 view .LVU30
 123 005c 2268     		ldr	r2, [r4]
 124 005e 1368     		ldr	r3, [r2]
 125 0060 0121     		movs	r1, #1
 126 0062 0B43     		orrs	r3, r1
 127 0064 1360     		str	r3, [r2]
 224:Drivers/STM32F0xx_HAL_Driver/Src/stm32f0xx_hal_uart_ex.c **** 
 225:Drivers/STM32F0xx_HAL_Driver/Src/stm32f0xx_hal_uart_ex.c ****   /* TEACK and/or REACK to check before moving huart->gState and huart->RxState to Ready */
 226:Drivers/STM32F0xx_HAL_Driver/Src/stm32f0xx_hal_uart_ex.c ****   return (UART_CheckIdleState(huart));
 128              		.loc 1 226 3 view .LVU31
 129              		.loc 1 226 11 is_stmt 0 view .LVU32
 130 0066 2000     		movs	r0, r4
 131 0068 FFF7FEFF 		bl	UART_CheckIdleState
 132              	.LVL7:
 133              	.L2:
 227:Drivers/STM32F0xx_HAL_Driver/Src/stm32f0xx_hal_uart_ex.c **** }
 134              		.loc 1 227 1 view .LVU33
 135              		@ sp needed
 136              	.LVL8:
 137              	.LVL9:
 138              	.LVL10:
 139              	.LVL11:
 140              		.loc 1 227 1 view .LVU34
 141 006c F8BD     		pop	{r3, r4, r5, r6, r7, pc}
 142              	.LVL12:
 143              	.L6:
 175:Drivers/STM32F0xx_HAL_Driver/Src/stm32f0xx_hal_uart_ex.c **** 
 144              		.loc 1 175 5 is_stmt 1 view .LVU35
 175:Drivers/STM32F0xx_HAL_Driver/Src/stm32f0xx_hal_uart_ex.c **** 
 145              		.loc 1 175 17 is_stmt 0 view .LVU36
 146 006e 7833     		adds	r3, r3, #120
 147 0070 0022     		movs	r2, #0
 148              	.LVL13:
 175:Drivers/STM32F0xx_HAL_Driver/Src/stm32f0xx_hal_uart_ex.c **** 
 149              		.loc 1 175 17 view .LVU37
 150 0072 C254     		strb	r2, [r0, r3]
 189:Drivers/STM32F0xx_HAL_Driver/Src/stm32f0xx_hal_uart_ex.c **** #endif /* (USE_HAL_UART_REGISTER_CALLBACKS) */
 151              		.loc 1 189 5 is_stmt 1 view .LVU38
 152 0074 FFF7FEFF 		bl	HAL_UART_MspInit
 153              	.LVL14:
 189:Drivers/STM32F0xx_HAL_Driver/Src/stm32f0xx_hal_uart_ex.c **** #endif /* (USE_HAL_UART_REGISTER_CALLBACKS) */
 154              		.loc 1 189 5 is_stmt 0 view .LVU39
 155 0078 CCE7     		b	.L3
 156              	.L7:
 202:Drivers/STM32F0xx_HAL_Driver/Src/stm32f0xx_hal_uart_ex.c ****   }
 157              		.loc 1 202 5 is_stmt 1 view .LVU40
 158 007a 2000     		movs	r0, r4
 159 007c FFF7FEFF 		bl	UART_AdvFeatureConfig
 160              	.LVL15:
 161 0080 D2E7     		b	.L4
 162              	.LVL16:
 163              	.L5:
 158:Drivers/STM32F0xx_HAL_Driver/Src/stm32f0xx_hal_uart_ex.c ****   }
 164              		.loc 1 158 12 is_stmt 0 view .LVU41
 165 0082 0120     		movs	r0, #1
 166              	.LVL17:
ARM GAS  /tmp/ccTRwFIk.s 			page 8


 158:Drivers/STM32F0xx_HAL_Driver/Src/stm32f0xx_hal_uart_ex.c ****   }
 167              		.loc 1 158 12 view .LVU42
 168 0084 F2E7     		b	.L2
 169              	.L9:
 170 0086 C046     		.align	2
 171              	.L8:
 172 0088 FF7FFFFF 		.word	-32769
 173 008c FFFF00FC 		.word	-67043329
 174              		.cfi_endproc
 175              	.LFE40:
 177              		.section	.text.HAL_MultiProcessorEx_AddressLength_Set,"ax",%progbits
 178              		.align	1
 179              		.global	HAL_MultiProcessorEx_AddressLength_Set
 180              		.syntax unified
 181              		.code	16
 182              		.thumb_func
 184              	HAL_MultiProcessorEx_AddressLength_Set:
 185              	.LVL18:
 186              	.LFB41:
 228:Drivers/STM32F0xx_HAL_Driver/Src/stm32f0xx_hal_uart_ex.c **** 
 229:Drivers/STM32F0xx_HAL_Driver/Src/stm32f0xx_hal_uart_ex.c **** /**
 230:Drivers/STM32F0xx_HAL_Driver/Src/stm32f0xx_hal_uart_ex.c ****   * @}
 231:Drivers/STM32F0xx_HAL_Driver/Src/stm32f0xx_hal_uart_ex.c ****   */
 232:Drivers/STM32F0xx_HAL_Driver/Src/stm32f0xx_hal_uart_ex.c **** 
 233:Drivers/STM32F0xx_HAL_Driver/Src/stm32f0xx_hal_uart_ex.c **** /** @defgroup UARTEx_Exported_Functions_Group2 IO operation functions
 234:Drivers/STM32F0xx_HAL_Driver/Src/stm32f0xx_hal_uart_ex.c ****   *  @brief Extended functions
 235:Drivers/STM32F0xx_HAL_Driver/Src/stm32f0xx_hal_uart_ex.c ****   *
 236:Drivers/STM32F0xx_HAL_Driver/Src/stm32f0xx_hal_uart_ex.c **** @verbatim
 237:Drivers/STM32F0xx_HAL_Driver/Src/stm32f0xx_hal_uart_ex.c ****  ===============================================================================
 238:Drivers/STM32F0xx_HAL_Driver/Src/stm32f0xx_hal_uart_ex.c ****                       ##### IO operation functions #####
 239:Drivers/STM32F0xx_HAL_Driver/Src/stm32f0xx_hal_uart_ex.c ****  ===============================================================================
 240:Drivers/STM32F0xx_HAL_Driver/Src/stm32f0xx_hal_uart_ex.c ****     This subsection provides a set of Wakeup and FIFO mode related callback functions.
 241:Drivers/STM32F0xx_HAL_Driver/Src/stm32f0xx_hal_uart_ex.c **** 
 242:Drivers/STM32F0xx_HAL_Driver/Src/stm32f0xx_hal_uart_ex.c **** #if defined(USART_CR1_UESM)
 243:Drivers/STM32F0xx_HAL_Driver/Src/stm32f0xx_hal_uart_ex.c **** #if defined(USART_CR3_WUFIE)
 244:Drivers/STM32F0xx_HAL_Driver/Src/stm32f0xx_hal_uart_ex.c ****     (#) Wakeup from Stop mode Callback:
 245:Drivers/STM32F0xx_HAL_Driver/Src/stm32f0xx_hal_uart_ex.c ****         (+) HAL_UARTEx_WakeupCallback()
 246:Drivers/STM32F0xx_HAL_Driver/Src/stm32f0xx_hal_uart_ex.c **** 
 247:Drivers/STM32F0xx_HAL_Driver/Src/stm32f0xx_hal_uart_ex.c **** #endif
 248:Drivers/STM32F0xx_HAL_Driver/Src/stm32f0xx_hal_uart_ex.c **** #endif
 249:Drivers/STM32F0xx_HAL_Driver/Src/stm32f0xx_hal_uart_ex.c **** @endverbatim
 250:Drivers/STM32F0xx_HAL_Driver/Src/stm32f0xx_hal_uart_ex.c ****   * @{
 251:Drivers/STM32F0xx_HAL_Driver/Src/stm32f0xx_hal_uart_ex.c ****   */
 252:Drivers/STM32F0xx_HAL_Driver/Src/stm32f0xx_hal_uart_ex.c **** 
 253:Drivers/STM32F0xx_HAL_Driver/Src/stm32f0xx_hal_uart_ex.c **** #if defined(USART_CR1_UESM)
 254:Drivers/STM32F0xx_HAL_Driver/Src/stm32f0xx_hal_uart_ex.c **** #if defined(USART_CR3_WUFIE)
 255:Drivers/STM32F0xx_HAL_Driver/Src/stm32f0xx_hal_uart_ex.c **** /**
 256:Drivers/STM32F0xx_HAL_Driver/Src/stm32f0xx_hal_uart_ex.c ****   * @brief UART wakeup from Stop mode callback.
 257:Drivers/STM32F0xx_HAL_Driver/Src/stm32f0xx_hal_uart_ex.c ****   * @param huart UART handle.
 258:Drivers/STM32F0xx_HAL_Driver/Src/stm32f0xx_hal_uart_ex.c ****   * @retval None
 259:Drivers/STM32F0xx_HAL_Driver/Src/stm32f0xx_hal_uart_ex.c ****   */
 260:Drivers/STM32F0xx_HAL_Driver/Src/stm32f0xx_hal_uart_ex.c **** __weak void HAL_UARTEx_WakeupCallback(UART_HandleTypeDef *huart)
 261:Drivers/STM32F0xx_HAL_Driver/Src/stm32f0xx_hal_uart_ex.c **** {
 262:Drivers/STM32F0xx_HAL_Driver/Src/stm32f0xx_hal_uart_ex.c ****   /* Prevent unused argument(s) compilation warning */
 263:Drivers/STM32F0xx_HAL_Driver/Src/stm32f0xx_hal_uart_ex.c ****   UNUSED(huart);
 264:Drivers/STM32F0xx_HAL_Driver/Src/stm32f0xx_hal_uart_ex.c **** 
 265:Drivers/STM32F0xx_HAL_Driver/Src/stm32f0xx_hal_uart_ex.c ****   /* NOTE : This function should not be modified, when the callback is needed,
ARM GAS  /tmp/ccTRwFIk.s 			page 9


 266:Drivers/STM32F0xx_HAL_Driver/Src/stm32f0xx_hal_uart_ex.c ****             the HAL_UARTEx_WakeupCallback can be implemented in the user file.
 267:Drivers/STM32F0xx_HAL_Driver/Src/stm32f0xx_hal_uart_ex.c ****    */
 268:Drivers/STM32F0xx_HAL_Driver/Src/stm32f0xx_hal_uart_ex.c **** }
 269:Drivers/STM32F0xx_HAL_Driver/Src/stm32f0xx_hal_uart_ex.c **** 
 270:Drivers/STM32F0xx_HAL_Driver/Src/stm32f0xx_hal_uart_ex.c **** #endif /* USART_CR3_WUFIE */
 271:Drivers/STM32F0xx_HAL_Driver/Src/stm32f0xx_hal_uart_ex.c **** #endif /* USART_CR1_UESM */
 272:Drivers/STM32F0xx_HAL_Driver/Src/stm32f0xx_hal_uart_ex.c **** 
 273:Drivers/STM32F0xx_HAL_Driver/Src/stm32f0xx_hal_uart_ex.c **** /**
 274:Drivers/STM32F0xx_HAL_Driver/Src/stm32f0xx_hal_uart_ex.c ****   * @}
 275:Drivers/STM32F0xx_HAL_Driver/Src/stm32f0xx_hal_uart_ex.c ****   */
 276:Drivers/STM32F0xx_HAL_Driver/Src/stm32f0xx_hal_uart_ex.c **** 
 277:Drivers/STM32F0xx_HAL_Driver/Src/stm32f0xx_hal_uart_ex.c **** /** @defgroup UARTEx_Exported_Functions_Group3 Peripheral Control functions
 278:Drivers/STM32F0xx_HAL_Driver/Src/stm32f0xx_hal_uart_ex.c ****   * @brief    Extended Peripheral Control functions
 279:Drivers/STM32F0xx_HAL_Driver/Src/stm32f0xx_hal_uart_ex.c ****   *
 280:Drivers/STM32F0xx_HAL_Driver/Src/stm32f0xx_hal_uart_ex.c **** @verbatim
 281:Drivers/STM32F0xx_HAL_Driver/Src/stm32f0xx_hal_uart_ex.c ****  ===============================================================================
 282:Drivers/STM32F0xx_HAL_Driver/Src/stm32f0xx_hal_uart_ex.c ****                       ##### Peripheral Control functions #####
 283:Drivers/STM32F0xx_HAL_Driver/Src/stm32f0xx_hal_uart_ex.c ****  ===============================================================================
 284:Drivers/STM32F0xx_HAL_Driver/Src/stm32f0xx_hal_uart_ex.c ****     [..] This section provides the following functions:
 285:Drivers/STM32F0xx_HAL_Driver/Src/stm32f0xx_hal_uart_ex.c ****      (+) HAL_MultiProcessorEx_AddressLength_Set() API optionally sets the UART node address
 286:Drivers/STM32F0xx_HAL_Driver/Src/stm32f0xx_hal_uart_ex.c ****          detection length to more than 4 bits for multiprocessor address mark wake up.
 287:Drivers/STM32F0xx_HAL_Driver/Src/stm32f0xx_hal_uart_ex.c **** #if defined(USART_CR1_UESM)
 288:Drivers/STM32F0xx_HAL_Driver/Src/stm32f0xx_hal_uart_ex.c ****      (+) HAL_UARTEx_StopModeWakeUpSourceConfig() API defines the wake-up from stop mode
 289:Drivers/STM32F0xx_HAL_Driver/Src/stm32f0xx_hal_uart_ex.c ****          trigger: address match, Start Bit detection or RXNE bit status.
 290:Drivers/STM32F0xx_HAL_Driver/Src/stm32f0xx_hal_uart_ex.c ****      (+) HAL_UARTEx_EnableStopMode() API enables the UART to wake up the MCU from stop mode
 291:Drivers/STM32F0xx_HAL_Driver/Src/stm32f0xx_hal_uart_ex.c ****      (+) HAL_UARTEx_DisableStopMode() API disables the above functionality
 292:Drivers/STM32F0xx_HAL_Driver/Src/stm32f0xx_hal_uart_ex.c **** #endif
 293:Drivers/STM32F0xx_HAL_Driver/Src/stm32f0xx_hal_uart_ex.c **** 
 294:Drivers/STM32F0xx_HAL_Driver/Src/stm32f0xx_hal_uart_ex.c ****     [..] This subsection also provides a set of additional functions providing enhanced reception
 295:Drivers/STM32F0xx_HAL_Driver/Src/stm32f0xx_hal_uart_ex.c ****     services to user. (For example, these functions allow application to handle use cases
 296:Drivers/STM32F0xx_HAL_Driver/Src/stm32f0xx_hal_uart_ex.c ****     where number of data to be received is unknown).
 297:Drivers/STM32F0xx_HAL_Driver/Src/stm32f0xx_hal_uart_ex.c **** 
 298:Drivers/STM32F0xx_HAL_Driver/Src/stm32f0xx_hal_uart_ex.c ****     (#) Compared to standard reception services which only consider number of received
 299:Drivers/STM32F0xx_HAL_Driver/Src/stm32f0xx_hal_uart_ex.c ****         data elements as reception completion criteria, these functions also consider additional ev
 300:Drivers/STM32F0xx_HAL_Driver/Src/stm32f0xx_hal_uart_ex.c ****         as triggers for updating reception status to caller :
 301:Drivers/STM32F0xx_HAL_Driver/Src/stm32f0xx_hal_uart_ex.c ****        (+) Detection of inactivity period (RX line has not been active for a given period).
 302:Drivers/STM32F0xx_HAL_Driver/Src/stm32f0xx_hal_uart_ex.c ****           (++) RX inactivity detected by IDLE event, i.e. RX line has been in idle state (normally 
 303:Drivers/STM32F0xx_HAL_Driver/Src/stm32f0xx_hal_uart_ex.c ****                for 1 frame time, after last received byte.
 304:Drivers/STM32F0xx_HAL_Driver/Src/stm32f0xx_hal_uart_ex.c ****           (++) RX inactivity detected by RTO, i.e. line has been in idle state
 305:Drivers/STM32F0xx_HAL_Driver/Src/stm32f0xx_hal_uart_ex.c ****                for a programmable time, after last received byte.
 306:Drivers/STM32F0xx_HAL_Driver/Src/stm32f0xx_hal_uart_ex.c ****        (+) Detection that a specific character has been received.
 307:Drivers/STM32F0xx_HAL_Driver/Src/stm32f0xx_hal_uart_ex.c **** 
 308:Drivers/STM32F0xx_HAL_Driver/Src/stm32f0xx_hal_uart_ex.c ****     (#) There are two mode of transfer:
 309:Drivers/STM32F0xx_HAL_Driver/Src/stm32f0xx_hal_uart_ex.c ****        (+) Blocking mode: The reception is performed in polling mode, until either expected number 
 310:Drivers/STM32F0xx_HAL_Driver/Src/stm32f0xx_hal_uart_ex.c ****            or till IDLE event occurs. Reception is handled only during function execution.
 311:Drivers/STM32F0xx_HAL_Driver/Src/stm32f0xx_hal_uart_ex.c ****            When function exits, no data reception could occur. HAL status and number of actually re
 312:Drivers/STM32F0xx_HAL_Driver/Src/stm32f0xx_hal_uart_ex.c ****            are returned by function after finishing transfer.
 313:Drivers/STM32F0xx_HAL_Driver/Src/stm32f0xx_hal_uart_ex.c ****        (+) Non-Blocking mode: The reception is performed using Interrupts or DMA.
 314:Drivers/STM32F0xx_HAL_Driver/Src/stm32f0xx_hal_uart_ex.c ****            These API's return the HAL status.
 315:Drivers/STM32F0xx_HAL_Driver/Src/stm32f0xx_hal_uart_ex.c ****            The end of the data processing will be indicated through the
 316:Drivers/STM32F0xx_HAL_Driver/Src/stm32f0xx_hal_uart_ex.c ****            dedicated UART IRQ when using Interrupt mode or the DMA IRQ when using DMA mode.
 317:Drivers/STM32F0xx_HAL_Driver/Src/stm32f0xx_hal_uart_ex.c ****            The HAL_UARTEx_RxEventCallback() user callback will be executed during Receive process
 318:Drivers/STM32F0xx_HAL_Driver/Src/stm32f0xx_hal_uart_ex.c ****            The HAL_UART_ErrorCallback()user callback will be executed when a reception error is det
 319:Drivers/STM32F0xx_HAL_Driver/Src/stm32f0xx_hal_uart_ex.c **** 
 320:Drivers/STM32F0xx_HAL_Driver/Src/stm32f0xx_hal_uart_ex.c ****     (#) Blocking mode API:
 321:Drivers/STM32F0xx_HAL_Driver/Src/stm32f0xx_hal_uart_ex.c ****         (+) HAL_UARTEx_ReceiveToIdle()
 322:Drivers/STM32F0xx_HAL_Driver/Src/stm32f0xx_hal_uart_ex.c **** 
ARM GAS  /tmp/ccTRwFIk.s 			page 10


 323:Drivers/STM32F0xx_HAL_Driver/Src/stm32f0xx_hal_uart_ex.c ****     (#) Non-Blocking mode API with Interrupt:
 324:Drivers/STM32F0xx_HAL_Driver/Src/stm32f0xx_hal_uart_ex.c ****         (+) HAL_UARTEx_ReceiveToIdle_IT()
 325:Drivers/STM32F0xx_HAL_Driver/Src/stm32f0xx_hal_uart_ex.c **** 
 326:Drivers/STM32F0xx_HAL_Driver/Src/stm32f0xx_hal_uart_ex.c ****     (#) Non-Blocking mode API with DMA:
 327:Drivers/STM32F0xx_HAL_Driver/Src/stm32f0xx_hal_uart_ex.c ****         (+) HAL_UARTEx_ReceiveToIdle_DMA()
 328:Drivers/STM32F0xx_HAL_Driver/Src/stm32f0xx_hal_uart_ex.c **** 
 329:Drivers/STM32F0xx_HAL_Driver/Src/stm32f0xx_hal_uart_ex.c **** @endverbatim
 330:Drivers/STM32F0xx_HAL_Driver/Src/stm32f0xx_hal_uart_ex.c ****   * @{
 331:Drivers/STM32F0xx_HAL_Driver/Src/stm32f0xx_hal_uart_ex.c ****   */
 332:Drivers/STM32F0xx_HAL_Driver/Src/stm32f0xx_hal_uart_ex.c **** 
 333:Drivers/STM32F0xx_HAL_Driver/Src/stm32f0xx_hal_uart_ex.c **** /**
 334:Drivers/STM32F0xx_HAL_Driver/Src/stm32f0xx_hal_uart_ex.c ****   * @brief By default in multiprocessor mode, when the wake up method is set
 335:Drivers/STM32F0xx_HAL_Driver/Src/stm32f0xx_hal_uart_ex.c ****   *        to address mark, the UART handles only 4-bit long addresses detection;
 336:Drivers/STM32F0xx_HAL_Driver/Src/stm32f0xx_hal_uart_ex.c ****   *        this API allows to enable longer addresses detection (6-, 7- or 8-bit
 337:Drivers/STM32F0xx_HAL_Driver/Src/stm32f0xx_hal_uart_ex.c ****   *        long).
 338:Drivers/STM32F0xx_HAL_Driver/Src/stm32f0xx_hal_uart_ex.c ****   * @note  Addresses detection lengths are: 6-bit address detection in 7-bit data mode,
 339:Drivers/STM32F0xx_HAL_Driver/Src/stm32f0xx_hal_uart_ex.c ****   *        7-bit address detection in 8-bit data mode, 8-bit address detection in 9-bit data mode.
 340:Drivers/STM32F0xx_HAL_Driver/Src/stm32f0xx_hal_uart_ex.c ****   * @param huart         UART handle.
 341:Drivers/STM32F0xx_HAL_Driver/Src/stm32f0xx_hal_uart_ex.c ****   * @param AddressLength This parameter can be one of the following values:
 342:Drivers/STM32F0xx_HAL_Driver/Src/stm32f0xx_hal_uart_ex.c ****   *          @arg @ref UART_ADDRESS_DETECT_4B 4-bit long address
 343:Drivers/STM32F0xx_HAL_Driver/Src/stm32f0xx_hal_uart_ex.c ****   *          @arg @ref UART_ADDRESS_DETECT_7B 6-, 7- or 8-bit long address
 344:Drivers/STM32F0xx_HAL_Driver/Src/stm32f0xx_hal_uart_ex.c ****   * @retval HAL status
 345:Drivers/STM32F0xx_HAL_Driver/Src/stm32f0xx_hal_uart_ex.c ****   */
 346:Drivers/STM32F0xx_HAL_Driver/Src/stm32f0xx_hal_uart_ex.c **** HAL_StatusTypeDef HAL_MultiProcessorEx_AddressLength_Set(UART_HandleTypeDef *huart, uint32_t Addres
 347:Drivers/STM32F0xx_HAL_Driver/Src/stm32f0xx_hal_uart_ex.c **** {
 187              		.loc 1 347 1 is_stmt 1 view -0
 188              		.cfi_startproc
 189              		@ args = 0, pretend = 0, frame = 0
 190              		@ frame_needed = 0, uses_anonymous_args = 0
 191              		.loc 1 347 1 is_stmt 0 view .LVU44
 192 0000 10B5     		push	{r4, lr}
 193              	.LCFI1:
 194              		.cfi_def_cfa_offset 8
 195              		.cfi_offset 4, -8
 196              		.cfi_offset 14, -4
 197 0002 0C00     		movs	r4, r1
 348:Drivers/STM32F0xx_HAL_Driver/Src/stm32f0xx_hal_uart_ex.c ****   /* Check the UART handle allocation */
 349:Drivers/STM32F0xx_HAL_Driver/Src/stm32f0xx_hal_uart_ex.c ****   if (huart == NULL)
 198              		.loc 1 349 3 is_stmt 1 view .LVU45
 199              		.loc 1 349 6 is_stmt 0 view .LVU46
 200 0004 0028     		cmp	r0, #0
 201 0006 15D0     		beq	.L12
 350:Drivers/STM32F0xx_HAL_Driver/Src/stm32f0xx_hal_uart_ex.c ****   {
 351:Drivers/STM32F0xx_HAL_Driver/Src/stm32f0xx_hal_uart_ex.c ****     return HAL_ERROR;
 352:Drivers/STM32F0xx_HAL_Driver/Src/stm32f0xx_hal_uart_ex.c ****   }
 353:Drivers/STM32F0xx_HAL_Driver/Src/stm32f0xx_hal_uart_ex.c **** 
 354:Drivers/STM32F0xx_HAL_Driver/Src/stm32f0xx_hal_uart_ex.c ****   /* Check the address length parameter */
 355:Drivers/STM32F0xx_HAL_Driver/Src/stm32f0xx_hal_uart_ex.c ****   assert_param(IS_UART_ADDRESSLENGTH_DETECT(AddressLength));
 202              		.loc 1 355 3 is_stmt 1 view .LVU47
 356:Drivers/STM32F0xx_HAL_Driver/Src/stm32f0xx_hal_uart_ex.c **** 
 357:Drivers/STM32F0xx_HAL_Driver/Src/stm32f0xx_hal_uart_ex.c ****   huart->gState = HAL_UART_STATE_BUSY;
 203              		.loc 1 357 3 view .LVU48
 204              		.loc 1 357 17 is_stmt 0 view .LVU49
 205 0008 2422     		movs	r2, #36
 206 000a C267     		str	r2, [r0, #124]
 358:Drivers/STM32F0xx_HAL_Driver/Src/stm32f0xx_hal_uart_ex.c **** 
 359:Drivers/STM32F0xx_HAL_Driver/Src/stm32f0xx_hal_uart_ex.c ****   /* Disable the Peripheral */
ARM GAS  /tmp/ccTRwFIk.s 			page 11


 360:Drivers/STM32F0xx_HAL_Driver/Src/stm32f0xx_hal_uart_ex.c ****   __HAL_UART_DISABLE(huart);
 207              		.loc 1 360 3 is_stmt 1 view .LVU50
 208 000c 0168     		ldr	r1, [r0]
 209              	.LVL19:
 210              		.loc 1 360 3 is_stmt 0 view .LVU51
 211 000e 0A68     		ldr	r2, [r1]
 212 0010 0123     		movs	r3, #1
 213 0012 9C46     		mov	ip, r3
 214 0014 9A43     		bics	r2, r3
 215 0016 0A60     		str	r2, [r1]
 361:Drivers/STM32F0xx_HAL_Driver/Src/stm32f0xx_hal_uart_ex.c **** 
 362:Drivers/STM32F0xx_HAL_Driver/Src/stm32f0xx_hal_uart_ex.c ****   /* Set the address length */
 363:Drivers/STM32F0xx_HAL_Driver/Src/stm32f0xx_hal_uart_ex.c ****   MODIFY_REG(huart->Instance->CR2, USART_CR2_ADDM7, AddressLength);
 216              		.loc 1 363 3 is_stmt 1 view .LVU52
 217 0018 0268     		ldr	r2, [r0]
 218 001a 5168     		ldr	r1, [r2, #4]
 219 001c 0F33     		adds	r3, r3, #15
 220 001e 9943     		bics	r1, r3
 221 0020 2143     		orrs	r1, r4
 222 0022 5160     		str	r1, [r2, #4]
 364:Drivers/STM32F0xx_HAL_Driver/Src/stm32f0xx_hal_uart_ex.c **** 
 365:Drivers/STM32F0xx_HAL_Driver/Src/stm32f0xx_hal_uart_ex.c ****   /* Enable the Peripheral */
 366:Drivers/STM32F0xx_HAL_Driver/Src/stm32f0xx_hal_uart_ex.c ****   __HAL_UART_ENABLE(huart);
 223              		.loc 1 366 3 view .LVU53
 224 0024 0268     		ldr	r2, [r0]
 225 0026 1368     		ldr	r3, [r2]
 226 0028 6146     		mov	r1, ip
 227 002a 0B43     		orrs	r3, r1
 228 002c 1360     		str	r3, [r2]
 367:Drivers/STM32F0xx_HAL_Driver/Src/stm32f0xx_hal_uart_ex.c **** 
 368:Drivers/STM32F0xx_HAL_Driver/Src/stm32f0xx_hal_uart_ex.c ****   /* TEACK and/or REACK to check before moving huart->gState to Ready */
 369:Drivers/STM32F0xx_HAL_Driver/Src/stm32f0xx_hal_uart_ex.c ****   return (UART_CheckIdleState(huart));
 229              		.loc 1 369 3 view .LVU54
 230              		.loc 1 369 11 is_stmt 0 view .LVU55
 231 002e FFF7FEFF 		bl	UART_CheckIdleState
 232              	.LVL20:
 233              	.L11:
 370:Drivers/STM32F0xx_HAL_Driver/Src/stm32f0xx_hal_uart_ex.c **** }
 234              		.loc 1 370 1 view .LVU56
 235              		@ sp needed
 236              	.LVL21:
 237              		.loc 1 370 1 view .LVU57
 238 0032 10BD     		pop	{r4, pc}
 239              	.LVL22:
 240              	.L12:
 351:Drivers/STM32F0xx_HAL_Driver/Src/stm32f0xx_hal_uart_ex.c ****   }
 241              		.loc 1 351 12 view .LVU58
 242 0034 0120     		movs	r0, #1
 243              	.LVL23:
 351:Drivers/STM32F0xx_HAL_Driver/Src/stm32f0xx_hal_uart_ex.c ****   }
 244              		.loc 1 351 12 view .LVU59
 245 0036 FCE7     		b	.L11
 246              		.cfi_endproc
 247              	.LFE41:
 249              		.section	.text.HAL_UARTEx_ReceiveToIdle,"ax",%progbits
 250              		.align	1
 251              		.global	HAL_UARTEx_ReceiveToIdle
ARM GAS  /tmp/ccTRwFIk.s 			page 12


 252              		.syntax unified
 253              		.code	16
 254              		.thumb_func
 256              	HAL_UARTEx_ReceiveToIdle:
 257              	.LVL24:
 258              	.LFB42:
 371:Drivers/STM32F0xx_HAL_Driver/Src/stm32f0xx_hal_uart_ex.c **** 
 372:Drivers/STM32F0xx_HAL_Driver/Src/stm32f0xx_hal_uart_ex.c **** #if defined(USART_CR1_UESM)
 373:Drivers/STM32F0xx_HAL_Driver/Src/stm32f0xx_hal_uart_ex.c **** /**
 374:Drivers/STM32F0xx_HAL_Driver/Src/stm32f0xx_hal_uart_ex.c ****   * @brief Set Wakeup from Stop mode interrupt flag selection.
 375:Drivers/STM32F0xx_HAL_Driver/Src/stm32f0xx_hal_uart_ex.c ****   * @note It is the application responsibility to enable the interrupt used as
 376:Drivers/STM32F0xx_HAL_Driver/Src/stm32f0xx_hal_uart_ex.c ****   *       usart_wkup interrupt source before entering low-power mode.
 377:Drivers/STM32F0xx_HAL_Driver/Src/stm32f0xx_hal_uart_ex.c ****   * @param huart           UART handle.
 378:Drivers/STM32F0xx_HAL_Driver/Src/stm32f0xx_hal_uart_ex.c ****   * @param WakeUpSelection Address match, Start Bit detection or RXNE/RXFNE bit status.
 379:Drivers/STM32F0xx_HAL_Driver/Src/stm32f0xx_hal_uart_ex.c ****   *          This parameter can be one of the following values:
 380:Drivers/STM32F0xx_HAL_Driver/Src/stm32f0xx_hal_uart_ex.c ****   *          @arg @ref UART_WAKEUP_ON_ADDRESS
 381:Drivers/STM32F0xx_HAL_Driver/Src/stm32f0xx_hal_uart_ex.c ****   *          @arg @ref UART_WAKEUP_ON_STARTBIT
 382:Drivers/STM32F0xx_HAL_Driver/Src/stm32f0xx_hal_uart_ex.c ****   *          @arg @ref UART_WAKEUP_ON_READDATA_NONEMPTY
 383:Drivers/STM32F0xx_HAL_Driver/Src/stm32f0xx_hal_uart_ex.c ****   * @retval HAL status
 384:Drivers/STM32F0xx_HAL_Driver/Src/stm32f0xx_hal_uart_ex.c ****   */
 385:Drivers/STM32F0xx_HAL_Driver/Src/stm32f0xx_hal_uart_ex.c **** HAL_StatusTypeDef HAL_UARTEx_StopModeWakeUpSourceConfig(UART_HandleTypeDef *huart, UART_WakeUpTypeD
 386:Drivers/STM32F0xx_HAL_Driver/Src/stm32f0xx_hal_uart_ex.c **** {
 387:Drivers/STM32F0xx_HAL_Driver/Src/stm32f0xx_hal_uart_ex.c ****   HAL_StatusTypeDef status = HAL_OK;
 388:Drivers/STM32F0xx_HAL_Driver/Src/stm32f0xx_hal_uart_ex.c ****   uint32_t tickstart;
 389:Drivers/STM32F0xx_HAL_Driver/Src/stm32f0xx_hal_uart_ex.c **** 
 390:Drivers/STM32F0xx_HAL_Driver/Src/stm32f0xx_hal_uart_ex.c ****   /* check the wake-up from stop mode UART instance */
 391:Drivers/STM32F0xx_HAL_Driver/Src/stm32f0xx_hal_uart_ex.c ****   assert_param(IS_UART_WAKEUP_FROMSTOP_INSTANCE(huart->Instance));
 392:Drivers/STM32F0xx_HAL_Driver/Src/stm32f0xx_hal_uart_ex.c ****   /* check the wake-up selection parameter */
 393:Drivers/STM32F0xx_HAL_Driver/Src/stm32f0xx_hal_uart_ex.c ****   assert_param(IS_UART_WAKEUP_SELECTION(WakeUpSelection.WakeUpEvent));
 394:Drivers/STM32F0xx_HAL_Driver/Src/stm32f0xx_hal_uart_ex.c **** 
 395:Drivers/STM32F0xx_HAL_Driver/Src/stm32f0xx_hal_uart_ex.c ****   /* Process Locked */
 396:Drivers/STM32F0xx_HAL_Driver/Src/stm32f0xx_hal_uart_ex.c ****   __HAL_LOCK(huart);
 397:Drivers/STM32F0xx_HAL_Driver/Src/stm32f0xx_hal_uart_ex.c **** 
 398:Drivers/STM32F0xx_HAL_Driver/Src/stm32f0xx_hal_uart_ex.c ****   huart->gState = HAL_UART_STATE_BUSY;
 399:Drivers/STM32F0xx_HAL_Driver/Src/stm32f0xx_hal_uart_ex.c **** 
 400:Drivers/STM32F0xx_HAL_Driver/Src/stm32f0xx_hal_uart_ex.c ****   /* Disable the Peripheral */
 401:Drivers/STM32F0xx_HAL_Driver/Src/stm32f0xx_hal_uart_ex.c ****   __HAL_UART_DISABLE(huart);
 402:Drivers/STM32F0xx_HAL_Driver/Src/stm32f0xx_hal_uart_ex.c **** 
 403:Drivers/STM32F0xx_HAL_Driver/Src/stm32f0xx_hal_uart_ex.c **** #if defined(USART_CR3_WUS)
 404:Drivers/STM32F0xx_HAL_Driver/Src/stm32f0xx_hal_uart_ex.c ****   /* Set the wake-up selection scheme */
 405:Drivers/STM32F0xx_HAL_Driver/Src/stm32f0xx_hal_uart_ex.c ****   MODIFY_REG(huart->Instance->CR3, USART_CR3_WUS, WakeUpSelection.WakeUpEvent);
 406:Drivers/STM32F0xx_HAL_Driver/Src/stm32f0xx_hal_uart_ex.c **** #endif /* USART_CR3_WUS */
 407:Drivers/STM32F0xx_HAL_Driver/Src/stm32f0xx_hal_uart_ex.c **** 
 408:Drivers/STM32F0xx_HAL_Driver/Src/stm32f0xx_hal_uart_ex.c ****   if (WakeUpSelection.WakeUpEvent == UART_WAKEUP_ON_ADDRESS)
 409:Drivers/STM32F0xx_HAL_Driver/Src/stm32f0xx_hal_uart_ex.c ****   {
 410:Drivers/STM32F0xx_HAL_Driver/Src/stm32f0xx_hal_uart_ex.c ****     UARTEx_Wakeup_AddressConfig(huart, WakeUpSelection);
 411:Drivers/STM32F0xx_HAL_Driver/Src/stm32f0xx_hal_uart_ex.c ****   }
 412:Drivers/STM32F0xx_HAL_Driver/Src/stm32f0xx_hal_uart_ex.c **** 
 413:Drivers/STM32F0xx_HAL_Driver/Src/stm32f0xx_hal_uart_ex.c ****   /* Enable the Peripheral */
 414:Drivers/STM32F0xx_HAL_Driver/Src/stm32f0xx_hal_uart_ex.c ****   __HAL_UART_ENABLE(huart);
 415:Drivers/STM32F0xx_HAL_Driver/Src/stm32f0xx_hal_uart_ex.c **** 
 416:Drivers/STM32F0xx_HAL_Driver/Src/stm32f0xx_hal_uart_ex.c ****   /* Init tickstart for timeout management */
 417:Drivers/STM32F0xx_HAL_Driver/Src/stm32f0xx_hal_uart_ex.c ****   tickstart = HAL_GetTick();
 418:Drivers/STM32F0xx_HAL_Driver/Src/stm32f0xx_hal_uart_ex.c **** 
 419:Drivers/STM32F0xx_HAL_Driver/Src/stm32f0xx_hal_uart_ex.c ****   /* Wait until REACK flag is set */
 420:Drivers/STM32F0xx_HAL_Driver/Src/stm32f0xx_hal_uart_ex.c ****   if (UART_WaitOnFlagUntilTimeout(huart, USART_ISR_REACK, RESET, tickstart, HAL_UART_TIMEOUT_VALUE)
 421:Drivers/STM32F0xx_HAL_Driver/Src/stm32f0xx_hal_uart_ex.c ****   {
ARM GAS  /tmp/ccTRwFIk.s 			page 13


 422:Drivers/STM32F0xx_HAL_Driver/Src/stm32f0xx_hal_uart_ex.c ****     status = HAL_TIMEOUT;
 423:Drivers/STM32F0xx_HAL_Driver/Src/stm32f0xx_hal_uart_ex.c ****   }
 424:Drivers/STM32F0xx_HAL_Driver/Src/stm32f0xx_hal_uart_ex.c ****   else
 425:Drivers/STM32F0xx_HAL_Driver/Src/stm32f0xx_hal_uart_ex.c ****   {
 426:Drivers/STM32F0xx_HAL_Driver/Src/stm32f0xx_hal_uart_ex.c ****     /* Initialize the UART State */
 427:Drivers/STM32F0xx_HAL_Driver/Src/stm32f0xx_hal_uart_ex.c ****     huart->gState = HAL_UART_STATE_READY;
 428:Drivers/STM32F0xx_HAL_Driver/Src/stm32f0xx_hal_uart_ex.c ****   }
 429:Drivers/STM32F0xx_HAL_Driver/Src/stm32f0xx_hal_uart_ex.c **** 
 430:Drivers/STM32F0xx_HAL_Driver/Src/stm32f0xx_hal_uart_ex.c ****   /* Process Unlocked */
 431:Drivers/STM32F0xx_HAL_Driver/Src/stm32f0xx_hal_uart_ex.c ****   __HAL_UNLOCK(huart);
 432:Drivers/STM32F0xx_HAL_Driver/Src/stm32f0xx_hal_uart_ex.c **** 
 433:Drivers/STM32F0xx_HAL_Driver/Src/stm32f0xx_hal_uart_ex.c ****   return status;
 434:Drivers/STM32F0xx_HAL_Driver/Src/stm32f0xx_hal_uart_ex.c **** }
 435:Drivers/STM32F0xx_HAL_Driver/Src/stm32f0xx_hal_uart_ex.c **** 
 436:Drivers/STM32F0xx_HAL_Driver/Src/stm32f0xx_hal_uart_ex.c **** /**
 437:Drivers/STM32F0xx_HAL_Driver/Src/stm32f0xx_hal_uart_ex.c ****   * @brief Enable UART Stop Mode.
 438:Drivers/STM32F0xx_HAL_Driver/Src/stm32f0xx_hal_uart_ex.c ****   * @note The UART is able to wake up the MCU from Stop 1 mode as long as UART clock is HSI or LSE.
 439:Drivers/STM32F0xx_HAL_Driver/Src/stm32f0xx_hal_uart_ex.c ****   * @param huart UART handle.
 440:Drivers/STM32F0xx_HAL_Driver/Src/stm32f0xx_hal_uart_ex.c ****   * @retval HAL status
 441:Drivers/STM32F0xx_HAL_Driver/Src/stm32f0xx_hal_uart_ex.c ****   */
 442:Drivers/STM32F0xx_HAL_Driver/Src/stm32f0xx_hal_uart_ex.c **** HAL_StatusTypeDef HAL_UARTEx_EnableStopMode(UART_HandleTypeDef *huart)
 443:Drivers/STM32F0xx_HAL_Driver/Src/stm32f0xx_hal_uart_ex.c **** {
 444:Drivers/STM32F0xx_HAL_Driver/Src/stm32f0xx_hal_uart_ex.c ****   /* Process Locked */
 445:Drivers/STM32F0xx_HAL_Driver/Src/stm32f0xx_hal_uart_ex.c ****   __HAL_LOCK(huart);
 446:Drivers/STM32F0xx_HAL_Driver/Src/stm32f0xx_hal_uart_ex.c **** 
 447:Drivers/STM32F0xx_HAL_Driver/Src/stm32f0xx_hal_uart_ex.c ****   /* Set UESM bit */
 448:Drivers/STM32F0xx_HAL_Driver/Src/stm32f0xx_hal_uart_ex.c ****   ATOMIC_SET_BIT(huart->Instance->CR1, USART_CR1_UESM);
 449:Drivers/STM32F0xx_HAL_Driver/Src/stm32f0xx_hal_uart_ex.c **** 
 450:Drivers/STM32F0xx_HAL_Driver/Src/stm32f0xx_hal_uart_ex.c ****   /* Process Unlocked */
 451:Drivers/STM32F0xx_HAL_Driver/Src/stm32f0xx_hal_uart_ex.c ****   __HAL_UNLOCK(huart);
 452:Drivers/STM32F0xx_HAL_Driver/Src/stm32f0xx_hal_uart_ex.c **** 
 453:Drivers/STM32F0xx_HAL_Driver/Src/stm32f0xx_hal_uart_ex.c ****   return HAL_OK;
 454:Drivers/STM32F0xx_HAL_Driver/Src/stm32f0xx_hal_uart_ex.c **** }
 455:Drivers/STM32F0xx_HAL_Driver/Src/stm32f0xx_hal_uart_ex.c **** 
 456:Drivers/STM32F0xx_HAL_Driver/Src/stm32f0xx_hal_uart_ex.c **** /**
 457:Drivers/STM32F0xx_HAL_Driver/Src/stm32f0xx_hal_uart_ex.c ****   * @brief Disable UART Stop Mode.
 458:Drivers/STM32F0xx_HAL_Driver/Src/stm32f0xx_hal_uart_ex.c ****   * @param huart UART handle.
 459:Drivers/STM32F0xx_HAL_Driver/Src/stm32f0xx_hal_uart_ex.c ****   * @retval HAL status
 460:Drivers/STM32F0xx_HAL_Driver/Src/stm32f0xx_hal_uart_ex.c ****   */
 461:Drivers/STM32F0xx_HAL_Driver/Src/stm32f0xx_hal_uart_ex.c **** HAL_StatusTypeDef HAL_UARTEx_DisableStopMode(UART_HandleTypeDef *huart)
 462:Drivers/STM32F0xx_HAL_Driver/Src/stm32f0xx_hal_uart_ex.c **** {
 463:Drivers/STM32F0xx_HAL_Driver/Src/stm32f0xx_hal_uart_ex.c ****   /* Process Locked */
 464:Drivers/STM32F0xx_HAL_Driver/Src/stm32f0xx_hal_uart_ex.c ****   __HAL_LOCK(huart);
 465:Drivers/STM32F0xx_HAL_Driver/Src/stm32f0xx_hal_uart_ex.c **** 
 466:Drivers/STM32F0xx_HAL_Driver/Src/stm32f0xx_hal_uart_ex.c ****   /* Clear UESM bit */
 467:Drivers/STM32F0xx_HAL_Driver/Src/stm32f0xx_hal_uart_ex.c ****   ATOMIC_CLEAR_BIT(huart->Instance->CR1, USART_CR1_UESM);
 468:Drivers/STM32F0xx_HAL_Driver/Src/stm32f0xx_hal_uart_ex.c **** 
 469:Drivers/STM32F0xx_HAL_Driver/Src/stm32f0xx_hal_uart_ex.c ****   /* Process Unlocked */
 470:Drivers/STM32F0xx_HAL_Driver/Src/stm32f0xx_hal_uart_ex.c ****   __HAL_UNLOCK(huart);
 471:Drivers/STM32F0xx_HAL_Driver/Src/stm32f0xx_hal_uart_ex.c **** 
 472:Drivers/STM32F0xx_HAL_Driver/Src/stm32f0xx_hal_uart_ex.c ****   return HAL_OK;
 473:Drivers/STM32F0xx_HAL_Driver/Src/stm32f0xx_hal_uart_ex.c **** }
 474:Drivers/STM32F0xx_HAL_Driver/Src/stm32f0xx_hal_uart_ex.c **** 
 475:Drivers/STM32F0xx_HAL_Driver/Src/stm32f0xx_hal_uart_ex.c **** #endif /* USART_CR1_UESM */
 476:Drivers/STM32F0xx_HAL_Driver/Src/stm32f0xx_hal_uart_ex.c **** /**
 477:Drivers/STM32F0xx_HAL_Driver/Src/stm32f0xx_hal_uart_ex.c ****   * @brief Receive an amount of data in blocking mode till either the expected number of data
 478:Drivers/STM32F0xx_HAL_Driver/Src/stm32f0xx_hal_uart_ex.c ****   *        is received or an IDLE event occurs.
ARM GAS  /tmp/ccTRwFIk.s 			page 14


 479:Drivers/STM32F0xx_HAL_Driver/Src/stm32f0xx_hal_uart_ex.c ****   * @note  HAL_OK is returned if reception is completed (expected number of data has been received)
 480:Drivers/STM32F0xx_HAL_Driver/Src/stm32f0xx_hal_uart_ex.c ****   *        or if reception is stopped after IDLE event (less than the expected number of data has b
 481:Drivers/STM32F0xx_HAL_Driver/Src/stm32f0xx_hal_uart_ex.c ****   *        In this case, RxLen output parameter indicates number of data available in reception buf
 482:Drivers/STM32F0xx_HAL_Driver/Src/stm32f0xx_hal_uart_ex.c ****   * @note  When UART parity is not enabled (PCE = 0), and Word Length is configured to 9 bits (M1-M
 483:Drivers/STM32F0xx_HAL_Driver/Src/stm32f0xx_hal_uart_ex.c ****   *        the received data is handled as a set of uint16_t. In this case, Size must indicate the 
 484:Drivers/STM32F0xx_HAL_Driver/Src/stm32f0xx_hal_uart_ex.c ****   *        of uint16_t available through pData.
 485:Drivers/STM32F0xx_HAL_Driver/Src/stm32f0xx_hal_uart_ex.c ****   * @note   When UART parity is not enabled (PCE = 0), and Word Length is configured to 9 bits (M1-
 486:Drivers/STM32F0xx_HAL_Driver/Src/stm32f0xx_hal_uart_ex.c ****   *         address of user data buffer for storing data to be received, should be aligned on a hal
 487:Drivers/STM32F0xx_HAL_Driver/Src/stm32f0xx_hal_uart_ex.c ****   *         (16 bits) (as received data will be handled using uint16_t pointer cast). Depending on 
 488:Drivers/STM32F0xx_HAL_Driver/Src/stm32f0xx_hal_uart_ex.c ****   *         use of specific alignment compilation directives or pragmas might be required to ensure
 489:Drivers/STM32F0xx_HAL_Driver/Src/stm32f0xx_hal_uart_ex.c ****   *         alignment for pData.
 490:Drivers/STM32F0xx_HAL_Driver/Src/stm32f0xx_hal_uart_ex.c ****   * @param huart   UART handle.
 491:Drivers/STM32F0xx_HAL_Driver/Src/stm32f0xx_hal_uart_ex.c ****   * @param pData   Pointer to data buffer (uint8_t or uint16_t data elements).
 492:Drivers/STM32F0xx_HAL_Driver/Src/stm32f0xx_hal_uart_ex.c ****   * @param Size    Amount of data elements (uint8_t or uint16_t) to be received.
 493:Drivers/STM32F0xx_HAL_Driver/Src/stm32f0xx_hal_uart_ex.c ****   * @param RxLen   Number of data elements finally received
 494:Drivers/STM32F0xx_HAL_Driver/Src/stm32f0xx_hal_uart_ex.c ****   *                (could be lower than Size, in case reception ends on IDLE event)
 495:Drivers/STM32F0xx_HAL_Driver/Src/stm32f0xx_hal_uart_ex.c ****   * @param Timeout Timeout duration expressed in ms (covers the whole reception sequence).
 496:Drivers/STM32F0xx_HAL_Driver/Src/stm32f0xx_hal_uart_ex.c ****   * @retval HAL status
 497:Drivers/STM32F0xx_HAL_Driver/Src/stm32f0xx_hal_uart_ex.c ****   */
 498:Drivers/STM32F0xx_HAL_Driver/Src/stm32f0xx_hal_uart_ex.c **** HAL_StatusTypeDef HAL_UARTEx_ReceiveToIdle(UART_HandleTypeDef *huart, uint8_t *pData, uint16_t Size
 499:Drivers/STM32F0xx_HAL_Driver/Src/stm32f0xx_hal_uart_ex.c ****                                            uint32_t Timeout)
 500:Drivers/STM32F0xx_HAL_Driver/Src/stm32f0xx_hal_uart_ex.c **** {
 259              		.loc 1 500 1 is_stmt 1 view -0
 260              		.cfi_startproc
 261              		@ args = 4, pretend = 0, frame = 8
 262              		@ frame_needed = 0, uses_anonymous_args = 0
 263              		.loc 1 500 1 is_stmt 0 view .LVU61
 264 0000 F0B5     		push	{r4, r5, r6, r7, lr}
 265              	.LCFI2:
 266              		.cfi_def_cfa_offset 20
 267              		.cfi_offset 4, -20
 268              		.cfi_offset 5, -16
 269              		.cfi_offset 6, -12
 270              		.cfi_offset 7, -8
 271              		.cfi_offset 14, -4
 272 0002 CE46     		mov	lr, r9
 273 0004 4746     		mov	r7, r8
 274 0006 80B5     		push	{r7, lr}
 275              	.LCFI3:
 276              		.cfi_def_cfa_offset 28
 277              		.cfi_offset 8, -28
 278              		.cfi_offset 9, -24
 279 0008 83B0     		sub	sp, sp, #12
 280              	.LCFI4:
 281              		.cfi_def_cfa_offset 40
 282 000a 0400     		movs	r4, r0
 283 000c 0D00     		movs	r5, r1
 284 000e 9146     		mov	r9, r2
 285 0010 1E00     		movs	r6, r3
 286 0012 0A9F     		ldr	r7, [sp, #40]
 501:Drivers/STM32F0xx_HAL_Driver/Src/stm32f0xx_hal_uart_ex.c ****   uint8_t  *pdata8bits;
 287              		.loc 1 501 3 is_stmt 1 view .LVU62
 502:Drivers/STM32F0xx_HAL_Driver/Src/stm32f0xx_hal_uart_ex.c ****   uint16_t *pdata16bits;
 288              		.loc 1 502 3 view .LVU63
 503:Drivers/STM32F0xx_HAL_Driver/Src/stm32f0xx_hal_uart_ex.c ****   uint16_t uhMask;
 289              		.loc 1 503 3 view .LVU64
 504:Drivers/STM32F0xx_HAL_Driver/Src/stm32f0xx_hal_uart_ex.c ****   uint32_t tickstart;
ARM GAS  /tmp/ccTRwFIk.s 			page 15


 290              		.loc 1 504 3 view .LVU65
 505:Drivers/STM32F0xx_HAL_Driver/Src/stm32f0xx_hal_uart_ex.c **** 
 506:Drivers/STM32F0xx_HAL_Driver/Src/stm32f0xx_hal_uart_ex.c ****   /* Check that a Rx process is not already ongoing */
 507:Drivers/STM32F0xx_HAL_Driver/Src/stm32f0xx_hal_uart_ex.c ****   if (huart->RxState == HAL_UART_STATE_READY)
 291              		.loc 1 507 3 view .LVU66
 292              		.loc 1 507 12 is_stmt 0 view .LVU67
 293 0014 8023     		movs	r3, #128
 294              	.LVL25:
 295              		.loc 1 507 12 view .LVU68
 296 0016 C358     		ldr	r3, [r0, r3]
 297              		.loc 1 507 6 view .LVU69
 298 0018 202B     		cmp	r3, #32
 299 001a 00D0     		beq	.LCB264
 300 001c A0E0     		b	.L30	@long jump
 301              	.LCB264:
 508:Drivers/STM32F0xx_HAL_Driver/Src/stm32f0xx_hal_uart_ex.c ****   {
 509:Drivers/STM32F0xx_HAL_Driver/Src/stm32f0xx_hal_uart_ex.c ****     if ((pData == NULL) || (Size == 0U))
 302              		.loc 1 509 5 is_stmt 1 view .LVU70
 303              		.loc 1 509 8 is_stmt 0 view .LVU71
 304 001e 0029     		cmp	r1, #0
 305 0020 00D1     		bne	.LCB267
 306 0022 A3E0     		b	.L31	@long jump
 307              	.LCB267:
 308              		.loc 1 509 25 discriminator 1 view .LVU72
 309 0024 002A     		cmp	r2, #0
 310 0026 00D1     		bne	.LCB269
 311 0028 A2E0     		b	.L32	@long jump
 312              	.LCB269:
 510:Drivers/STM32F0xx_HAL_Driver/Src/stm32f0xx_hal_uart_ex.c ****     {
 511:Drivers/STM32F0xx_HAL_Driver/Src/stm32f0xx_hal_uart_ex.c ****       return  HAL_ERROR;
 512:Drivers/STM32F0xx_HAL_Driver/Src/stm32f0xx_hal_uart_ex.c ****     }
 513:Drivers/STM32F0xx_HAL_Driver/Src/stm32f0xx_hal_uart_ex.c **** 
 514:Drivers/STM32F0xx_HAL_Driver/Src/stm32f0xx_hal_uart_ex.c ****     /* In case of 9bits/No Parity transfer, pData buffer provided as input parameter
 515:Drivers/STM32F0xx_HAL_Driver/Src/stm32f0xx_hal_uart_ex.c ****        should be aligned on a uint16_t frontier, as data to be received from RDR will be
 516:Drivers/STM32F0xx_HAL_Driver/Src/stm32f0xx_hal_uart_ex.c ****        handled through a uint16_t cast. */
 517:Drivers/STM32F0xx_HAL_Driver/Src/stm32f0xx_hal_uart_ex.c ****     if ((huart->Init.WordLength == UART_WORDLENGTH_9B) && (huart->Init.Parity == UART_PARITY_NONE))
 313              		.loc 1 517 5 is_stmt 1 view .LVU73
 314              		.loc 1 517 21 is_stmt 0 view .LVU74
 315 002a 8268     		ldr	r2, [r0, #8]
 316              	.LVL26:
 317              		.loc 1 517 8 view .LVU75
 318 002c 8023     		movs	r3, #128
 319 002e 5B01     		lsls	r3, r3, #5
 320 0030 9A42     		cmp	r2, r3
 321 0032 05D1     		bne	.L15
 322              		.loc 1 517 71 discriminator 1 view .LVU76
 323 0034 0369     		ldr	r3, [r0, #16]
 324              		.loc 1 517 56 discriminator 1 view .LVU77
 325 0036 002B     		cmp	r3, #0
 326 0038 02D1     		bne	.L15
 518:Drivers/STM32F0xx_HAL_Driver/Src/stm32f0xx_hal_uart_ex.c ****     {
 519:Drivers/STM32F0xx_HAL_Driver/Src/stm32f0xx_hal_uart_ex.c ****       if ((((uint32_t)pData) & 1U) != 0U)
 327              		.loc 1 519 7 is_stmt 1 view .LVU78
 328              		.loc 1 519 10 is_stmt 0 view .LVU79
 329 003a CB07     		lsls	r3, r1, #31
 330 003c 00D5     		bpl	.LCB284
 331 003e 99E0     		b	.L33	@long jump
ARM GAS  /tmp/ccTRwFIk.s 			page 16


 332              	.LCB284:
 333              	.L15:
 520:Drivers/STM32F0xx_HAL_Driver/Src/stm32f0xx_hal_uart_ex.c ****       {
 521:Drivers/STM32F0xx_HAL_Driver/Src/stm32f0xx_hal_uart_ex.c ****         return  HAL_ERROR;
 522:Drivers/STM32F0xx_HAL_Driver/Src/stm32f0xx_hal_uart_ex.c ****       }
 523:Drivers/STM32F0xx_HAL_Driver/Src/stm32f0xx_hal_uart_ex.c ****     }
 524:Drivers/STM32F0xx_HAL_Driver/Src/stm32f0xx_hal_uart_ex.c **** 
 525:Drivers/STM32F0xx_HAL_Driver/Src/stm32f0xx_hal_uart_ex.c ****     huart->ErrorCode = HAL_UART_ERROR_NONE;
 334              		.loc 1 525 5 is_stmt 1 view .LVU80
 335              		.loc 1 525 22 is_stmt 0 view .LVU81
 336 0040 0023     		movs	r3, #0
 337 0042 8422     		movs	r2, #132
 338 0044 A350     		str	r3, [r4, r2]
 526:Drivers/STM32F0xx_HAL_Driver/Src/stm32f0xx_hal_uart_ex.c ****     huart->RxState = HAL_UART_STATE_BUSY_RX;
 339              		.loc 1 526 5 is_stmt 1 view .LVU82
 340              		.loc 1 526 20 is_stmt 0 view .LVU83
 341 0046 043A     		subs	r2, r2, #4
 342 0048 2221     		movs	r1, #34
 343              	.LVL27:
 344              		.loc 1 526 20 view .LVU84
 345 004a A150     		str	r1, [r4, r2]
 527:Drivers/STM32F0xx_HAL_Driver/Src/stm32f0xx_hal_uart_ex.c ****     huart->ReceptionType = HAL_UART_RECEPTION_TOIDLE;
 346              		.loc 1 527 5 is_stmt 1 view .LVU85
 347              		.loc 1 527 26 is_stmt 0 view .LVU86
 348 004c 7F3A     		subs	r2, r2, #127
 349 004e 2266     		str	r2, [r4, #96]
 528:Drivers/STM32F0xx_HAL_Driver/Src/stm32f0xx_hal_uart_ex.c ****     huart->RxEventType = HAL_UART_RXEVENT_TC;
 350              		.loc 1 528 5 is_stmt 1 view .LVU87
 351              		.loc 1 528 24 is_stmt 0 view .LVU88
 352 0050 6366     		str	r3, [r4, #100]
 529:Drivers/STM32F0xx_HAL_Driver/Src/stm32f0xx_hal_uart_ex.c **** 
 530:Drivers/STM32F0xx_HAL_Driver/Src/stm32f0xx_hal_uart_ex.c ****     /* Init tickstart for timeout management */
 531:Drivers/STM32F0xx_HAL_Driver/Src/stm32f0xx_hal_uart_ex.c ****     tickstart = HAL_GetTick();
 353              		.loc 1 531 5 is_stmt 1 view .LVU89
 354              		.loc 1 531 17 is_stmt 0 view .LVU90
 355 0052 FFF7FEFF 		bl	HAL_GetTick
 356              	.LVL28:
 357              		.loc 1 531 17 view .LVU91
 358 0056 8046     		mov	r8, r0
 359              	.LVL29:
 532:Drivers/STM32F0xx_HAL_Driver/Src/stm32f0xx_hal_uart_ex.c **** 
 533:Drivers/STM32F0xx_HAL_Driver/Src/stm32f0xx_hal_uart_ex.c ****     huart->RxXferSize  = Size;
 360              		.loc 1 533 5 is_stmt 1 view .LVU92
 361              		.loc 1 533 24 is_stmt 0 view .LVU93
 362 0058 5823     		movs	r3, #88
 363 005a 4A46     		mov	r2, r9
 364 005c E252     		strh	r2, [r4, r3]
 534:Drivers/STM32F0xx_HAL_Driver/Src/stm32f0xx_hal_uart_ex.c ****     huart->RxXferCount = Size;
 365              		.loc 1 534 5 is_stmt 1 view .LVU94
 366              		.loc 1 534 24 is_stmt 0 view .LVU95
 367 005e 0233     		adds	r3, r3, #2
 368 0060 E252     		strh	r2, [r4, r3]
 535:Drivers/STM32F0xx_HAL_Driver/Src/stm32f0xx_hal_uart_ex.c **** 
 536:Drivers/STM32F0xx_HAL_Driver/Src/stm32f0xx_hal_uart_ex.c ****     /* Computation of UART mask to apply to RDR register */
 537:Drivers/STM32F0xx_HAL_Driver/Src/stm32f0xx_hal_uart_ex.c ****     UART_MASK_COMPUTATION(huart);
 369              		.loc 1 537 5 is_stmt 1 view .LVU96
 370              		.loc 1 537 5 view .LVU97
ARM GAS  /tmp/ccTRwFIk.s 			page 17


 371 0062 A368     		ldr	r3, [r4, #8]
 372 0064 8022     		movs	r2, #128
 373 0066 5201     		lsls	r2, r2, #5
 374 0068 9342     		cmp	r3, r2
 375 006a 08D0     		beq	.L39
 376              		.loc 1 537 5 discriminator 2 view .LVU98
 377 006c 002B     		cmp	r3, #0
 378 006e 15D1     		bne	.L19
 379              		.loc 1 537 5 discriminator 5 view .LVU99
 380 0070 2269     		ldr	r2, [r4, #16]
 381 0072 002A     		cmp	r2, #0
 382 0074 0ED1     		bne	.L20
 383              		.loc 1 537 5 discriminator 7 view .LVU100
 384 0076 5C32     		adds	r2, r2, #92
 385 0078 FF21     		movs	r1, #255
 386 007a A152     		strh	r1, [r4, r2]
 387 007c 11E0     		b	.L18
 388              	.L39:
 389              		.loc 1 537 5 discriminator 1 view .LVU101
 390 007e 2269     		ldr	r2, [r4, #16]
 391 0080 002A     		cmp	r2, #0
 392 0082 03D1     		bne	.L17
 393              		.loc 1 537 5 discriminator 3 view .LVU102
 394 0084 5C32     		adds	r2, r2, #92
 395 0086 3C49     		ldr	r1, .L45
 396 0088 A152     		strh	r1, [r4, r2]
 397 008a 0AE0     		b	.L18
 398              	.L17:
 399              		.loc 1 537 5 discriminator 4 view .LVU103
 400 008c 5C22     		movs	r2, #92
 401 008e FF21     		movs	r1, #255
 402 0090 A152     		strh	r1, [r4, r2]
 403 0092 06E0     		b	.L18
 404              	.L20:
 405              		.loc 1 537 5 discriminator 8 view .LVU104
 406 0094 5C22     		movs	r2, #92
 407 0096 7F21     		movs	r1, #127
 408 0098 A152     		strh	r1, [r4, r2]
 409 009a 02E0     		b	.L18
 410              	.L19:
 411              		.loc 1 537 5 discriminator 6 view .LVU105
 412 009c 5C22     		movs	r2, #92
 413 009e 0021     		movs	r1, #0
 414 00a0 A152     		strh	r1, [r4, r2]
 415              	.L18:
 416              		.loc 1 537 5 view .LVU106
 538:Drivers/STM32F0xx_HAL_Driver/Src/stm32f0xx_hal_uart_ex.c ****     uhMask = huart->Mask;
 417              		.loc 1 538 5 view .LVU107
 418              		.loc 1 538 12 is_stmt 0 view .LVU108
 419 00a2 5C22     		movs	r2, #92
 420 00a4 A25A     		ldrh	r2, [r4, r2]
 421 00a6 0192     		str	r2, [sp, #4]
 422              	.LVL30:
 539:Drivers/STM32F0xx_HAL_Driver/Src/stm32f0xx_hal_uart_ex.c **** 
 540:Drivers/STM32F0xx_HAL_Driver/Src/stm32f0xx_hal_uart_ex.c ****     /* In case of 9bits/No Parity transfer, pRxData needs to be handled as a uint16_t pointer */
 541:Drivers/STM32F0xx_HAL_Driver/Src/stm32f0xx_hal_uart_ex.c ****     if ((huart->Init.WordLength == UART_WORDLENGTH_9B) && (huart->Init.Parity == UART_PARITY_NONE))
 423              		.loc 1 541 5 is_stmt 1 view .LVU109
ARM GAS  /tmp/ccTRwFIk.s 			page 18


 424              		.loc 1 541 8 is_stmt 0 view .LVU110
 425 00a8 8022     		movs	r2, #128
 426 00aa 5201     		lsls	r2, r2, #5
 427 00ac 9342     		cmp	r3, r2
 428 00ae 04D0     		beq	.L40
 542:Drivers/STM32F0xx_HAL_Driver/Src/stm32f0xx_hal_uart_ex.c ****     {
 543:Drivers/STM32F0xx_HAL_Driver/Src/stm32f0xx_hal_uart_ex.c ****       pdata8bits  = NULL;
 544:Drivers/STM32F0xx_HAL_Driver/Src/stm32f0xx_hal_uart_ex.c ****       pdata16bits = (uint16_t *) pData;
 545:Drivers/STM32F0xx_HAL_Driver/Src/stm32f0xx_hal_uart_ex.c ****     }
 546:Drivers/STM32F0xx_HAL_Driver/Src/stm32f0xx_hal_uart_ex.c ****     else
 547:Drivers/STM32F0xx_HAL_Driver/Src/stm32f0xx_hal_uart_ex.c ****     {
 548:Drivers/STM32F0xx_HAL_Driver/Src/stm32f0xx_hal_uart_ex.c ****       pdata8bits  = pData;
 549:Drivers/STM32F0xx_HAL_Driver/Src/stm32f0xx_hal_uart_ex.c ****       pdata16bits = NULL;
 429              		.loc 1 549 19 view .LVU111
 430 00b0 0023     		movs	r3, #0
 431 00b2 9946     		mov	r9, r3
 432              	.LVL31:
 433              	.L21:
 550:Drivers/STM32F0xx_HAL_Driver/Src/stm32f0xx_hal_uart_ex.c ****     }
 551:Drivers/STM32F0xx_HAL_Driver/Src/stm32f0xx_hal_uart_ex.c **** 
 552:Drivers/STM32F0xx_HAL_Driver/Src/stm32f0xx_hal_uart_ex.c ****     /* Initialize output number of received elements */
 553:Drivers/STM32F0xx_HAL_Driver/Src/stm32f0xx_hal_uart_ex.c ****     *RxLen = 0U;
 434              		.loc 1 553 5 is_stmt 1 view .LVU112
 435              		.loc 1 553 12 is_stmt 0 view .LVU113
 436 00b4 0023     		movs	r3, #0
 437 00b6 3380     		strh	r3, [r6]
 554:Drivers/STM32F0xx_HAL_Driver/Src/stm32f0xx_hal_uart_ex.c **** 
 555:Drivers/STM32F0xx_HAL_Driver/Src/stm32f0xx_hal_uart_ex.c ****     /* as long as data have to be received */
 556:Drivers/STM32F0xx_HAL_Driver/Src/stm32f0xx_hal_uart_ex.c ****     while (huart->RxXferCount > 0U)
 438              		.loc 1 556 5 is_stmt 1 view .LVU114
 439              		.loc 1 556 11 is_stmt 0 view .LVU115
 440 00b8 20E0     		b	.L22
 441              	.LVL32:
 442              	.L40:
 541:Drivers/STM32F0xx_HAL_Driver/Src/stm32f0xx_hal_uart_ex.c ****     {
 443              		.loc 1 541 71 discriminator 1 view .LVU116
 444 00ba 2369     		ldr	r3, [r4, #16]
 541:Drivers/STM32F0xx_HAL_Driver/Src/stm32f0xx_hal_uart_ex.c ****     {
 445              		.loc 1 541 56 discriminator 1 view .LVU117
 446 00bc 002B     		cmp	r3, #0
 447 00be 02D0     		beq	.L35
 549:Drivers/STM32F0xx_HAL_Driver/Src/stm32f0xx_hal_uart_ex.c ****     }
 448              		.loc 1 549 19 view .LVU118
 449 00c0 0023     		movs	r3, #0
 450 00c2 9946     		mov	r9, r3
 451 00c4 F6E7     		b	.L21
 452              	.L35:
 544:Drivers/STM32F0xx_HAL_Driver/Src/stm32f0xx_hal_uart_ex.c ****     }
 453              		.loc 1 544 19 view .LVU119
 454 00c6 A946     		mov	r9, r5
 543:Drivers/STM32F0xx_HAL_Driver/Src/stm32f0xx_hal_uart_ex.c ****       pdata16bits = (uint16_t *) pData;
 455              		.loc 1 543 19 view .LVU120
 456 00c8 0025     		movs	r5, #0
 457              	.LVL33:
 543:Drivers/STM32F0xx_HAL_Driver/Src/stm32f0xx_hal_uart_ex.c ****       pdata16bits = (uint16_t *) pData;
 458              		.loc 1 543 19 view .LVU121
 459 00ca F3E7     		b	.L21
ARM GAS  /tmp/ccTRwFIk.s 			page 19


 460              	.LVL34:
 461              	.L43:
 557:Drivers/STM32F0xx_HAL_Driver/Src/stm32f0xx_hal_uart_ex.c ****     {
 558:Drivers/STM32F0xx_HAL_Driver/Src/stm32f0xx_hal_uart_ex.c ****       /* Check if IDLE flag is set */
 559:Drivers/STM32F0xx_HAL_Driver/Src/stm32f0xx_hal_uart_ex.c ****       if (__HAL_UART_GET_FLAG(huart, UART_FLAG_IDLE))
 560:Drivers/STM32F0xx_HAL_Driver/Src/stm32f0xx_hal_uart_ex.c ****       {
 561:Drivers/STM32F0xx_HAL_Driver/Src/stm32f0xx_hal_uart_ex.c ****         /* Clear IDLE flag in ISR */
 562:Drivers/STM32F0xx_HAL_Driver/Src/stm32f0xx_hal_uart_ex.c ****         __HAL_UART_CLEAR_FLAG(huart, UART_CLEAR_IDLEF);
 563:Drivers/STM32F0xx_HAL_Driver/Src/stm32f0xx_hal_uart_ex.c **** 
 564:Drivers/STM32F0xx_HAL_Driver/Src/stm32f0xx_hal_uart_ex.c ****         /* If Set, but no data ever received, clear flag without exiting loop */
 565:Drivers/STM32F0xx_HAL_Driver/Src/stm32f0xx_hal_uart_ex.c ****         /* If Set, and data has already been received, this means Idle Event is valid : End recepti
 566:Drivers/STM32F0xx_HAL_Driver/Src/stm32f0xx_hal_uart_ex.c ****         if (*RxLen > 0U)
 567:Drivers/STM32F0xx_HAL_Driver/Src/stm32f0xx_hal_uart_ex.c ****         {
 568:Drivers/STM32F0xx_HAL_Driver/Src/stm32f0xx_hal_uart_ex.c ****           huart->RxEventType = HAL_UART_RXEVENT_IDLE;
 462              		.loc 1 568 11 is_stmt 1 view .LVU122
 463              		.loc 1 568 30 is_stmt 0 view .LVU123
 464 00cc 0223     		movs	r3, #2
 465 00ce 6366     		str	r3, [r4, #100]
 569:Drivers/STM32F0xx_HAL_Driver/Src/stm32f0xx_hal_uart_ex.c ****           huart->RxState = HAL_UART_STATE_READY;
 466              		.loc 1 569 11 is_stmt 1 view .LVU124
 467              		.loc 1 569 26 is_stmt 0 view .LVU125
 468 00d0 7E33     		adds	r3, r3, #126
 469 00d2 1032     		adds	r2, r2, #16
 470 00d4 E250     		str	r2, [r4, r3]
 570:Drivers/STM32F0xx_HAL_Driver/Src/stm32f0xx_hal_uart_ex.c **** 
 571:Drivers/STM32F0xx_HAL_Driver/Src/stm32f0xx_hal_uart_ex.c ****           return HAL_OK;
 471              		.loc 1 571 11 is_stmt 1 view .LVU126
 472              		.loc 1 571 18 is_stmt 0 view .LVU127
 473 00d6 0020     		movs	r0, #0
 474 00d8 43E0     		b	.L14
 475              	.L44:
 572:Drivers/STM32F0xx_HAL_Driver/Src/stm32f0xx_hal_uart_ex.c ****         }
 573:Drivers/STM32F0xx_HAL_Driver/Src/stm32f0xx_hal_uart_ex.c ****       }
 574:Drivers/STM32F0xx_HAL_Driver/Src/stm32f0xx_hal_uart_ex.c **** 
 575:Drivers/STM32F0xx_HAL_Driver/Src/stm32f0xx_hal_uart_ex.c ****       /* Check if RXNE flag is set */
 576:Drivers/STM32F0xx_HAL_Driver/Src/stm32f0xx_hal_uart_ex.c ****       if (__HAL_UART_GET_FLAG(huart, UART_FLAG_RXNE))
 577:Drivers/STM32F0xx_HAL_Driver/Src/stm32f0xx_hal_uart_ex.c ****       {
 578:Drivers/STM32F0xx_HAL_Driver/Src/stm32f0xx_hal_uart_ex.c ****         if (pdata8bits == NULL)
 579:Drivers/STM32F0xx_HAL_Driver/Src/stm32f0xx_hal_uart_ex.c ****         {
 580:Drivers/STM32F0xx_HAL_Driver/Src/stm32f0xx_hal_uart_ex.c ****           *pdata16bits = (uint16_t)(huart->Instance->RDR & uhMask);
 476              		.loc 1 580 11 is_stmt 1 view .LVU128
 477              		.loc 1 580 52 is_stmt 0 view .LVU129
 478 00da 938C     		ldrh	r3, [r2, #36]
 479              		.loc 1 580 26 view .LVU130
 480 00dc 019A     		ldr	r2, [sp, #4]
 481 00de 1340     		ands	r3, r2
 482              		.loc 1 580 24 view .LVU131
 483 00e0 4A46     		mov	r2, r9
 484 00e2 1380     		strh	r3, [r2]
 581:Drivers/STM32F0xx_HAL_Driver/Src/stm32f0xx_hal_uart_ex.c ****           pdata16bits++;
 485              		.loc 1 581 11 is_stmt 1 view .LVU132
 486              		.loc 1 581 22 is_stmt 0 view .LVU133
 487 00e4 931C     		adds	r3, r2, #2
 488 00e6 9946     		mov	r9, r3
 489              	.LVL35:
 490              	.L26:
 582:Drivers/STM32F0xx_HAL_Driver/Src/stm32f0xx_hal_uart_ex.c ****         }
ARM GAS  /tmp/ccTRwFIk.s 			page 20


 583:Drivers/STM32F0xx_HAL_Driver/Src/stm32f0xx_hal_uart_ex.c ****         else
 584:Drivers/STM32F0xx_HAL_Driver/Src/stm32f0xx_hal_uart_ex.c ****         {
 585:Drivers/STM32F0xx_HAL_Driver/Src/stm32f0xx_hal_uart_ex.c ****           *pdata8bits = (uint8_t)(huart->Instance->RDR & (uint8_t)uhMask);
 586:Drivers/STM32F0xx_HAL_Driver/Src/stm32f0xx_hal_uart_ex.c ****           pdata8bits++;
 587:Drivers/STM32F0xx_HAL_Driver/Src/stm32f0xx_hal_uart_ex.c ****         }
 588:Drivers/STM32F0xx_HAL_Driver/Src/stm32f0xx_hal_uart_ex.c ****         /* Increment number of received elements */
 589:Drivers/STM32F0xx_HAL_Driver/Src/stm32f0xx_hal_uart_ex.c ****         *RxLen += 1U;
 491              		.loc 1 589 9 is_stmt 1 view .LVU134
 492 00e8 3388     		ldrh	r3, [r6]
 493              		.loc 1 589 16 is_stmt 0 view .LVU135
 494 00ea 0133     		adds	r3, r3, #1
 495 00ec 3380     		strh	r3, [r6]
 590:Drivers/STM32F0xx_HAL_Driver/Src/stm32f0xx_hal_uart_ex.c ****         huart->RxXferCount--;
 496              		.loc 1 590 9 is_stmt 1 view .LVU136
 497              		.loc 1 590 14 is_stmt 0 view .LVU137
 498 00ee 5A22     		movs	r2, #90
 499 00f0 A35A     		ldrh	r3, [r4, r2]
 500              		.loc 1 590 27 view .LVU138
 501 00f2 013B     		subs	r3, r3, #1
 502 00f4 9BB2     		uxth	r3, r3
 503 00f6 A352     		strh	r3, [r4, r2]
 504              	.L24:
 591:Drivers/STM32F0xx_HAL_Driver/Src/stm32f0xx_hal_uart_ex.c ****       }
 592:Drivers/STM32F0xx_HAL_Driver/Src/stm32f0xx_hal_uart_ex.c **** 
 593:Drivers/STM32F0xx_HAL_Driver/Src/stm32f0xx_hal_uart_ex.c ****       /* Check for the Timeout */
 594:Drivers/STM32F0xx_HAL_Driver/Src/stm32f0xx_hal_uart_ex.c ****       if (Timeout != HAL_MAX_DELAY)
 505              		.loc 1 594 7 is_stmt 1 view .LVU139
 506              		.loc 1 594 10 is_stmt 0 view .LVU140
 507 00f8 7B1C     		adds	r3, r7, #1
 508 00fa 19D1     		bne	.L41
 509              	.L22:
 556:Drivers/STM32F0xx_HAL_Driver/Src/stm32f0xx_hal_uart_ex.c ****     {
 510              		.loc 1 556 31 is_stmt 1 view .LVU141
 556:Drivers/STM32F0xx_HAL_Driver/Src/stm32f0xx_hal_uart_ex.c ****     {
 511              		.loc 1 556 17 is_stmt 0 view .LVU142
 512 00fc 5A23     		movs	r3, #90
 513 00fe E35A     		ldrh	r3, [r4, r3]
 556:Drivers/STM32F0xx_HAL_Driver/Src/stm32f0xx_hal_uart_ex.c ****     {
 514              		.loc 1 556 31 view .LVU143
 515 0100 002B     		cmp	r3, #0
 516 0102 22D0     		beq	.L42
 559:Drivers/STM32F0xx_HAL_Driver/Src/stm32f0xx_hal_uart_ex.c ****       {
 517              		.loc 1 559 7 is_stmt 1 view .LVU144
 559:Drivers/STM32F0xx_HAL_Driver/Src/stm32f0xx_hal_uart_ex.c ****       {
 518              		.loc 1 559 11 is_stmt 0 view .LVU145
 519 0104 2368     		ldr	r3, [r4]
 520 0106 DA69     		ldr	r2, [r3, #28]
 559:Drivers/STM32F0xx_HAL_Driver/Src/stm32f0xx_hal_uart_ex.c ****       {
 521              		.loc 1 559 10 view .LVU146
 522 0108 D206     		lsls	r2, r2, #27
 523 010a 04D5     		bpl	.L23
 562:Drivers/STM32F0xx_HAL_Driver/Src/stm32f0xx_hal_uart_ex.c **** 
 524              		.loc 1 562 9 is_stmt 1 view .LVU147
 525 010c 1022     		movs	r2, #16
 526 010e 1A62     		str	r2, [r3, #32]
 566:Drivers/STM32F0xx_HAL_Driver/Src/stm32f0xx_hal_uart_ex.c ****         {
 527              		.loc 1 566 9 view .LVU148
ARM GAS  /tmp/ccTRwFIk.s 			page 21


 566:Drivers/STM32F0xx_HAL_Driver/Src/stm32f0xx_hal_uart_ex.c ****         {
 528              		.loc 1 566 13 is_stmt 0 view .LVU149
 529 0110 3388     		ldrh	r3, [r6]
 566:Drivers/STM32F0xx_HAL_Driver/Src/stm32f0xx_hal_uart_ex.c ****         {
 530              		.loc 1 566 12 view .LVU150
 531 0112 002B     		cmp	r3, #0
 532 0114 DAD1     		bne	.L43
 533              	.L23:
 576:Drivers/STM32F0xx_HAL_Driver/Src/stm32f0xx_hal_uart_ex.c ****       {
 534              		.loc 1 576 7 is_stmt 1 view .LVU151
 576:Drivers/STM32F0xx_HAL_Driver/Src/stm32f0xx_hal_uart_ex.c ****       {
 535              		.loc 1 576 11 is_stmt 0 view .LVU152
 536 0116 2268     		ldr	r2, [r4]
 537 0118 D369     		ldr	r3, [r2, #28]
 576:Drivers/STM32F0xx_HAL_Driver/Src/stm32f0xx_hal_uart_ex.c ****       {
 538              		.loc 1 576 10 view .LVU153
 539 011a 9B06     		lsls	r3, r3, #26
 540 011c ECD5     		bpl	.L24
 578:Drivers/STM32F0xx_HAL_Driver/Src/stm32f0xx_hal_uart_ex.c ****         {
 541              		.loc 1 578 9 is_stmt 1 view .LVU154
 578:Drivers/STM32F0xx_HAL_Driver/Src/stm32f0xx_hal_uart_ex.c ****         {
 542              		.loc 1 578 12 is_stmt 0 view .LVU155
 543 011e 002D     		cmp	r5, #0
 544 0120 DBD0     		beq	.L44
 585:Drivers/STM32F0xx_HAL_Driver/Src/stm32f0xx_hal_uart_ex.c ****           pdata8bits++;
 545              		.loc 1 585 11 is_stmt 1 view .LVU156
 585:Drivers/STM32F0xx_HAL_Driver/Src/stm32f0xx_hal_uart_ex.c ****           pdata8bits++;
 546              		.loc 1 585 50 is_stmt 0 view .LVU157
 547 0122 938C     		ldrh	r3, [r2, #36]
 585:Drivers/STM32F0xx_HAL_Driver/Src/stm32f0xx_hal_uart_ex.c ****           pdata8bits++;
 548              		.loc 1 585 58 view .LVU158
 549 0124 6A46     		mov	r2, sp
 550 0126 1279     		ldrb	r2, [r2, #4]
 585:Drivers/STM32F0xx_HAL_Driver/Src/stm32f0xx_hal_uart_ex.c ****           pdata8bits++;
 551              		.loc 1 585 25 view .LVU159
 552 0128 1340     		ands	r3, r2
 585:Drivers/STM32F0xx_HAL_Driver/Src/stm32f0xx_hal_uart_ex.c ****           pdata8bits++;
 553              		.loc 1 585 23 view .LVU160
 554 012a 2B70     		strb	r3, [r5]
 586:Drivers/STM32F0xx_HAL_Driver/Src/stm32f0xx_hal_uart_ex.c ****         }
 555              		.loc 1 586 11 is_stmt 1 view .LVU161
 586:Drivers/STM32F0xx_HAL_Driver/Src/stm32f0xx_hal_uart_ex.c ****         }
 556              		.loc 1 586 21 is_stmt 0 view .LVU162
 557 012c 0135     		adds	r5, r5, #1
 558              	.LVL36:
 586:Drivers/STM32F0xx_HAL_Driver/Src/stm32f0xx_hal_uart_ex.c ****         }
 559              		.loc 1 586 21 view .LVU163
 560 012e DBE7     		b	.L26
 561              	.LVL37:
 562              	.L41:
 595:Drivers/STM32F0xx_HAL_Driver/Src/stm32f0xx_hal_uart_ex.c ****       {
 596:Drivers/STM32F0xx_HAL_Driver/Src/stm32f0xx_hal_uart_ex.c ****         if (((HAL_GetTick() - tickstart) > Timeout) || (Timeout == 0U))
 563              		.loc 1 596 9 is_stmt 1 view .LVU164
 564              		.loc 1 596 15 is_stmt 0 view .LVU165
 565 0130 FFF7FEFF 		bl	HAL_GetTick
 566              	.LVL38:
 567              		.loc 1 596 29 discriminator 1 view .LVU166
ARM GAS  /tmp/ccTRwFIk.s 			page 22


 568 0134 4346     		mov	r3, r8
 569 0136 C01A     		subs	r0, r0, r3
 570              		.loc 1 596 12 discriminator 1 view .LVU167
 571 0138 B842     		cmp	r0, r7
 572 013a 01D8     		bhi	.L28
 573              	.LVL39:
 574              		.loc 1 596 53 discriminator 2 view .LVU168
 575 013c 002F     		cmp	r7, #0
 576 013e DDD1     		bne	.L22
 577              	.L28:
 597:Drivers/STM32F0xx_HAL_Driver/Src/stm32f0xx_hal_uart_ex.c ****         {
 598:Drivers/STM32F0xx_HAL_Driver/Src/stm32f0xx_hal_uart_ex.c ****           huart->RxState = HAL_UART_STATE_READY;
 578              		.loc 1 598 11 is_stmt 1 view .LVU169
 579              		.loc 1 598 26 is_stmt 0 view .LVU170
 580 0140 8023     		movs	r3, #128
 581              	.LVL40:
 582              		.loc 1 598 26 view .LVU171
 583 0142 2022     		movs	r2, #32
 584 0144 E250     		str	r2, [r4, r3]
 599:Drivers/STM32F0xx_HAL_Driver/Src/stm32f0xx_hal_uart_ex.c **** 
 600:Drivers/STM32F0xx_HAL_Driver/Src/stm32f0xx_hal_uart_ex.c ****           return HAL_TIMEOUT;
 585              		.loc 1 600 11 is_stmt 1 view .LVU172
 586              		.loc 1 600 18 is_stmt 0 view .LVU173
 587 0146 0320     		movs	r0, #3
 588 0148 0BE0     		b	.L14
 589              	.L42:
 601:Drivers/STM32F0xx_HAL_Driver/Src/stm32f0xx_hal_uart_ex.c ****         }
 602:Drivers/STM32F0xx_HAL_Driver/Src/stm32f0xx_hal_uart_ex.c ****       }
 603:Drivers/STM32F0xx_HAL_Driver/Src/stm32f0xx_hal_uart_ex.c ****     }
 604:Drivers/STM32F0xx_HAL_Driver/Src/stm32f0xx_hal_uart_ex.c **** 
 605:Drivers/STM32F0xx_HAL_Driver/Src/stm32f0xx_hal_uart_ex.c ****     /* Set number of received elements in output parameter : RxLen */
 606:Drivers/STM32F0xx_HAL_Driver/Src/stm32f0xx_hal_uart_ex.c ****     *RxLen = huart->RxXferSize - huart->RxXferCount;
 590              		.loc 1 606 5 is_stmt 1 view .LVU174
 591              		.loc 1 606 19 is_stmt 0 view .LVU175
 592 014a 5833     		adds	r3, r3, #88
 593 014c E35A     		ldrh	r3, [r4, r3]
 594              		.loc 1 606 39 view .LVU176
 595 014e 5A22     		movs	r2, #90
 596 0150 A25A     		ldrh	r2, [r4, r2]
 597              		.loc 1 606 32 view .LVU177
 598 0152 9B1A     		subs	r3, r3, r2
 599              		.loc 1 606 12 view .LVU178
 600 0154 3380     		strh	r3, [r6]
 607:Drivers/STM32F0xx_HAL_Driver/Src/stm32f0xx_hal_uart_ex.c ****     /* At end of Rx process, restore huart->RxState to Ready */
 608:Drivers/STM32F0xx_HAL_Driver/Src/stm32f0xx_hal_uart_ex.c ****     huart->RxState = HAL_UART_STATE_READY;
 601              		.loc 1 608 5 is_stmt 1 view .LVU179
 602              		.loc 1 608 20 is_stmt 0 view .LVU180
 603 0156 8023     		movs	r3, #128
 604 0158 2022     		movs	r2, #32
 605 015a E250     		str	r2, [r4, r3]
 609:Drivers/STM32F0xx_HAL_Driver/Src/stm32f0xx_hal_uart_ex.c **** 
 610:Drivers/STM32F0xx_HAL_Driver/Src/stm32f0xx_hal_uart_ex.c ****     return HAL_OK;
 606              		.loc 1 610 5 is_stmt 1 view .LVU181
 607              		.loc 1 610 12 is_stmt 0 view .LVU182
 608 015c 0020     		movs	r0, #0
 609 015e 00E0     		b	.L14
 610              	.LVL41:
ARM GAS  /tmp/ccTRwFIk.s 			page 23


 611              	.L30:
 611:Drivers/STM32F0xx_HAL_Driver/Src/stm32f0xx_hal_uart_ex.c ****   }
 612:Drivers/STM32F0xx_HAL_Driver/Src/stm32f0xx_hal_uart_ex.c ****   else
 613:Drivers/STM32F0xx_HAL_Driver/Src/stm32f0xx_hal_uart_ex.c ****   {
 614:Drivers/STM32F0xx_HAL_Driver/Src/stm32f0xx_hal_uart_ex.c ****     return HAL_BUSY;
 612              		.loc 1 614 12 view .LVU183
 613 0160 0220     		movs	r0, #2
 614              	.LVL42:
 615              	.L14:
 615:Drivers/STM32F0xx_HAL_Driver/Src/stm32f0xx_hal_uart_ex.c ****   }
 616:Drivers/STM32F0xx_HAL_Driver/Src/stm32f0xx_hal_uart_ex.c **** }
 616              		.loc 1 616 1 view .LVU184
 617 0162 03B0     		add	sp, sp, #12
 618              		@ sp needed
 619              	.LVL43:
 620              	.LVL44:
 621              		.loc 1 616 1 view .LVU185
 622 0164 C0BC     		pop	{r6, r7}
 623 0166 B946     		mov	r9, r7
 624 0168 B046     		mov	r8, r6
 625 016a F0BD     		pop	{r4, r5, r6, r7, pc}
 626              	.LVL45:
 627              	.L31:
 511:Drivers/STM32F0xx_HAL_Driver/Src/stm32f0xx_hal_uart_ex.c ****     }
 628              		.loc 1 511 15 view .LVU186
 629 016c 0120     		movs	r0, #1
 630              	.LVL46:
 511:Drivers/STM32F0xx_HAL_Driver/Src/stm32f0xx_hal_uart_ex.c ****     }
 631              		.loc 1 511 15 view .LVU187
 632 016e F8E7     		b	.L14
 633              	.LVL47:
 634              	.L32:
 511:Drivers/STM32F0xx_HAL_Driver/Src/stm32f0xx_hal_uart_ex.c ****     }
 635              		.loc 1 511 15 view .LVU188
 636 0170 0120     		movs	r0, #1
 637              	.LVL48:
 511:Drivers/STM32F0xx_HAL_Driver/Src/stm32f0xx_hal_uart_ex.c ****     }
 638              		.loc 1 511 15 view .LVU189
 639 0172 F6E7     		b	.L14
 640              	.LVL49:
 641              	.L33:
 521:Drivers/STM32F0xx_HAL_Driver/Src/stm32f0xx_hal_uart_ex.c ****       }
 642              		.loc 1 521 17 view .LVU190
 643 0174 0120     		movs	r0, #1
 644              	.LVL50:
 521:Drivers/STM32F0xx_HAL_Driver/Src/stm32f0xx_hal_uart_ex.c ****       }
 645              		.loc 1 521 17 view .LVU191
 646 0176 F4E7     		b	.L14
 647              	.L46:
 648              		.align	2
 649              	.L45:
 650 0178 FF010000 		.word	511
 651              		.cfi_endproc
 652              	.LFE42:
 654              		.section	.text.HAL_UARTEx_ReceiveToIdle_IT,"ax",%progbits
 655              		.align	1
 656              		.global	HAL_UARTEx_ReceiveToIdle_IT
ARM GAS  /tmp/ccTRwFIk.s 			page 24


 657              		.syntax unified
 658              		.code	16
 659              		.thumb_func
 661              	HAL_UARTEx_ReceiveToIdle_IT:
 662              	.LVL51:
 663              	.LFB43:
 617:Drivers/STM32F0xx_HAL_Driver/Src/stm32f0xx_hal_uart_ex.c **** 
 618:Drivers/STM32F0xx_HAL_Driver/Src/stm32f0xx_hal_uart_ex.c **** /**
 619:Drivers/STM32F0xx_HAL_Driver/Src/stm32f0xx_hal_uart_ex.c ****   * @brief Receive an amount of data in interrupt mode till either the expected number of data
 620:Drivers/STM32F0xx_HAL_Driver/Src/stm32f0xx_hal_uart_ex.c ****   *        is received or an IDLE event occurs.
 621:Drivers/STM32F0xx_HAL_Driver/Src/stm32f0xx_hal_uart_ex.c ****   * @note  Reception is initiated by this function call. Further progress of reception is achieved 
 622:Drivers/STM32F0xx_HAL_Driver/Src/stm32f0xx_hal_uart_ex.c ****   *        to UART interrupts raised by RXNE and IDLE events. Callback is called at end of receptio
 623:Drivers/STM32F0xx_HAL_Driver/Src/stm32f0xx_hal_uart_ex.c ****   *        number of received data elements.
 624:Drivers/STM32F0xx_HAL_Driver/Src/stm32f0xx_hal_uart_ex.c ****   * @note  When UART parity is not enabled (PCE = 0), and Word Length is configured to 9 bits (M1-M
 625:Drivers/STM32F0xx_HAL_Driver/Src/stm32f0xx_hal_uart_ex.c ****   *        the received data is handled as a set of uint16_t. In this case, Size must indicate the 
 626:Drivers/STM32F0xx_HAL_Driver/Src/stm32f0xx_hal_uart_ex.c ****   *        of uint16_t available through pData.
 627:Drivers/STM32F0xx_HAL_Driver/Src/stm32f0xx_hal_uart_ex.c ****   * @note  When UART parity is not enabled (PCE = 0), and Word Length is configured to 9 bits (M1-M
 628:Drivers/STM32F0xx_HAL_Driver/Src/stm32f0xx_hal_uart_ex.c ****   *        address of user data buffer for storing data to be received, should be aligned on a half
 629:Drivers/STM32F0xx_HAL_Driver/Src/stm32f0xx_hal_uart_ex.c ****   *        (16 bits) (as received data will be handled using uint16_t pointer cast). Depending on c
 630:Drivers/STM32F0xx_HAL_Driver/Src/stm32f0xx_hal_uart_ex.c ****   *        use of specific alignment compilation directives or pragmas might be required
 631:Drivers/STM32F0xx_HAL_Driver/Src/stm32f0xx_hal_uart_ex.c ****   *        to ensure proper alignment for pData.
 632:Drivers/STM32F0xx_HAL_Driver/Src/stm32f0xx_hal_uart_ex.c ****   * @param huart UART handle.
 633:Drivers/STM32F0xx_HAL_Driver/Src/stm32f0xx_hal_uart_ex.c ****   * @param pData Pointer to data buffer (uint8_t or uint16_t data elements).
 634:Drivers/STM32F0xx_HAL_Driver/Src/stm32f0xx_hal_uart_ex.c ****   * @param Size  Amount of data elements (uint8_t or uint16_t) to be received.
 635:Drivers/STM32F0xx_HAL_Driver/Src/stm32f0xx_hal_uart_ex.c ****   * @retval HAL status
 636:Drivers/STM32F0xx_HAL_Driver/Src/stm32f0xx_hal_uart_ex.c ****   */
 637:Drivers/STM32F0xx_HAL_Driver/Src/stm32f0xx_hal_uart_ex.c **** HAL_StatusTypeDef HAL_UARTEx_ReceiveToIdle_IT(UART_HandleTypeDef *huart, uint8_t *pData, uint16_t S
 638:Drivers/STM32F0xx_HAL_Driver/Src/stm32f0xx_hal_uart_ex.c **** {
 664              		.loc 1 638 1 is_stmt 1 view -0
 665              		.cfi_startproc
 666              		@ args = 0, pretend = 0, frame = 0
 667              		@ frame_needed = 0, uses_anonymous_args = 0
 668              		.loc 1 638 1 is_stmt 0 view .LVU193
 669 0000 10B5     		push	{r4, lr}
 670              	.LCFI5:
 671              		.cfi_def_cfa_offset 8
 672              		.cfi_offset 4, -8
 673              		.cfi_offset 14, -4
 674 0002 0400     		movs	r4, r0
 639:Drivers/STM32F0xx_HAL_Driver/Src/stm32f0xx_hal_uart_ex.c ****   HAL_StatusTypeDef status = HAL_OK;
 675              		.loc 1 639 3 is_stmt 1 view .LVU194
 676              	.LVL52:
 640:Drivers/STM32F0xx_HAL_Driver/Src/stm32f0xx_hal_uart_ex.c **** 
 641:Drivers/STM32F0xx_HAL_Driver/Src/stm32f0xx_hal_uart_ex.c ****   /* Check that a Rx process is not already ongoing */
 642:Drivers/STM32F0xx_HAL_Driver/Src/stm32f0xx_hal_uart_ex.c ****   if (huart->RxState == HAL_UART_STATE_READY)
 677              		.loc 1 642 3 view .LVU195
 678              		.loc 1 642 12 is_stmt 0 view .LVU196
 679 0004 8023     		movs	r3, #128
 680 0006 C358     		ldr	r3, [r0, r3]
 681              		.loc 1 642 6 view .LVU197
 682 0008 202B     		cmp	r3, #32
 683 000a 29D1     		bne	.L51
 643:Drivers/STM32F0xx_HAL_Driver/Src/stm32f0xx_hal_uart_ex.c ****   {
 644:Drivers/STM32F0xx_HAL_Driver/Src/stm32f0xx_hal_uart_ex.c ****     if ((pData == NULL) || (Size == 0U))
 684              		.loc 1 644 5 is_stmt 1 view .LVU198
 685              		.loc 1 644 8 is_stmt 0 view .LVU199
 686 000c 0029     		cmp	r1, #0
ARM GAS  /tmp/ccTRwFIk.s 			page 25


 687 000e 29D0     		beq	.L52
 688              		.loc 1 644 25 discriminator 1 view .LVU200
 689 0010 002A     		cmp	r2, #0
 690 0012 29D0     		beq	.L53
 645:Drivers/STM32F0xx_HAL_Driver/Src/stm32f0xx_hal_uart_ex.c ****     {
 646:Drivers/STM32F0xx_HAL_Driver/Src/stm32f0xx_hal_uart_ex.c ****       return HAL_ERROR;
 647:Drivers/STM32F0xx_HAL_Driver/Src/stm32f0xx_hal_uart_ex.c ****     }
 648:Drivers/STM32F0xx_HAL_Driver/Src/stm32f0xx_hal_uart_ex.c **** 
 649:Drivers/STM32F0xx_HAL_Driver/Src/stm32f0xx_hal_uart_ex.c ****     /* In case of 9bits/No Parity transfer, pData buffer provided as input parameter
 650:Drivers/STM32F0xx_HAL_Driver/Src/stm32f0xx_hal_uart_ex.c ****        should be aligned on a uint16_t frontier, as data to be received from RDR will be
 651:Drivers/STM32F0xx_HAL_Driver/Src/stm32f0xx_hal_uart_ex.c ****        handled through a uint16_t cast. */
 652:Drivers/STM32F0xx_HAL_Driver/Src/stm32f0xx_hal_uart_ex.c ****     if ((huart->Init.WordLength == UART_WORDLENGTH_9B) && (huart->Init.Parity == UART_PARITY_NONE))
 691              		.loc 1 652 5 is_stmt 1 view .LVU201
 692              		.loc 1 652 21 is_stmt 0 view .LVU202
 693 0014 8068     		ldr	r0, [r0, #8]
 694              	.LVL53:
 695              		.loc 1 652 8 view .LVU203
 696 0016 8023     		movs	r3, #128
 697 0018 5B01     		lsls	r3, r3, #5
 698 001a 9842     		cmp	r0, r3
 699 001c 04D1     		bne	.L49
 700              		.loc 1 652 71 discriminator 1 view .LVU204
 701 001e 2369     		ldr	r3, [r4, #16]
 702              		.loc 1 652 56 discriminator 1 view .LVU205
 703 0020 002B     		cmp	r3, #0
 704 0022 01D1     		bne	.L49
 653:Drivers/STM32F0xx_HAL_Driver/Src/stm32f0xx_hal_uart_ex.c ****     {
 654:Drivers/STM32F0xx_HAL_Driver/Src/stm32f0xx_hal_uart_ex.c ****       if ((((uint32_t)pData) & 1U) != 0U)
 705              		.loc 1 654 7 is_stmt 1 view .LVU206
 706              		.loc 1 654 10 is_stmt 0 view .LVU207
 707 0024 CB07     		lsls	r3, r1, #31
 708 0026 21D4     		bmi	.L54
 709              	.L49:
 655:Drivers/STM32F0xx_HAL_Driver/Src/stm32f0xx_hal_uart_ex.c ****       {
 656:Drivers/STM32F0xx_HAL_Driver/Src/stm32f0xx_hal_uart_ex.c ****         return  HAL_ERROR;
 657:Drivers/STM32F0xx_HAL_Driver/Src/stm32f0xx_hal_uart_ex.c ****       }
 658:Drivers/STM32F0xx_HAL_Driver/Src/stm32f0xx_hal_uart_ex.c ****     }
 659:Drivers/STM32F0xx_HAL_Driver/Src/stm32f0xx_hal_uart_ex.c **** 
 660:Drivers/STM32F0xx_HAL_Driver/Src/stm32f0xx_hal_uart_ex.c ****     /* Set Reception type to reception till IDLE Event*/
 661:Drivers/STM32F0xx_HAL_Driver/Src/stm32f0xx_hal_uart_ex.c ****     huart->ReceptionType = HAL_UART_RECEPTION_TOIDLE;
 710              		.loc 1 661 5 is_stmt 1 view .LVU208
 711              		.loc 1 661 26 is_stmt 0 view .LVU209
 712 0028 0123     		movs	r3, #1
 713 002a 2366     		str	r3, [r4, #96]
 662:Drivers/STM32F0xx_HAL_Driver/Src/stm32f0xx_hal_uart_ex.c ****     huart->RxEventType = HAL_UART_RXEVENT_TC;
 714              		.loc 1 662 5 is_stmt 1 view .LVU210
 715              		.loc 1 662 24 is_stmt 0 view .LVU211
 716 002c 0023     		movs	r3, #0
 717 002e 6366     		str	r3, [r4, #100]
 663:Drivers/STM32F0xx_HAL_Driver/Src/stm32f0xx_hal_uart_ex.c **** 
 664:Drivers/STM32F0xx_HAL_Driver/Src/stm32f0xx_hal_uart_ex.c ****     (void)UART_Start_Receive_IT(huart, pData, Size);
 718              		.loc 1 664 5 is_stmt 1 view .LVU212
 719              		.loc 1 664 11 is_stmt 0 view .LVU213
 720 0030 2000     		movs	r0, r4
 721 0032 FFF7FEFF 		bl	UART_Start_Receive_IT
 722              	.LVL54:
 665:Drivers/STM32F0xx_HAL_Driver/Src/stm32f0xx_hal_uart_ex.c **** 
ARM GAS  /tmp/ccTRwFIk.s 			page 26


 666:Drivers/STM32F0xx_HAL_Driver/Src/stm32f0xx_hal_uart_ex.c ****     if (huart->ReceptionType == HAL_UART_RECEPTION_TOIDLE)
 723              		.loc 1 666 5 is_stmt 1 view .LVU214
 724              		.loc 1 666 14 is_stmt 0 view .LVU215
 725 0036 236E     		ldr	r3, [r4, #96]
 726              		.loc 1 666 8 view .LVU216
 727 0038 012B     		cmp	r3, #1
 728 003a 01D0     		beq	.L56
 667:Drivers/STM32F0xx_HAL_Driver/Src/stm32f0xx_hal_uart_ex.c ****     {
 668:Drivers/STM32F0xx_HAL_Driver/Src/stm32f0xx_hal_uart_ex.c ****       __HAL_UART_CLEAR_FLAG(huart, UART_CLEAR_IDLEF);
 669:Drivers/STM32F0xx_HAL_Driver/Src/stm32f0xx_hal_uart_ex.c ****       ATOMIC_SET_BIT(huart->Instance->CR1, USART_CR1_IDLEIE);
 670:Drivers/STM32F0xx_HAL_Driver/Src/stm32f0xx_hal_uart_ex.c ****     }
 671:Drivers/STM32F0xx_HAL_Driver/Src/stm32f0xx_hal_uart_ex.c ****     else
 672:Drivers/STM32F0xx_HAL_Driver/Src/stm32f0xx_hal_uart_ex.c ****     {
 673:Drivers/STM32F0xx_HAL_Driver/Src/stm32f0xx_hal_uart_ex.c ****       /* In case of errors already pending when reception is started,
 674:Drivers/STM32F0xx_HAL_Driver/Src/stm32f0xx_hal_uart_ex.c ****          Interrupts may have already been raised and lead to reception abortion.
 675:Drivers/STM32F0xx_HAL_Driver/Src/stm32f0xx_hal_uart_ex.c ****          (Overrun error for instance).
 676:Drivers/STM32F0xx_HAL_Driver/Src/stm32f0xx_hal_uart_ex.c ****          In such case Reception Type has been reset to HAL_UART_RECEPTION_STANDARD. */
 677:Drivers/STM32F0xx_HAL_Driver/Src/stm32f0xx_hal_uart_ex.c ****       status = HAL_ERROR;
 729              		.loc 1 677 14 view .LVU217
 730 003c 0120     		movs	r0, #1
 731              	.LVL55:
 678:Drivers/STM32F0xx_HAL_Driver/Src/stm32f0xx_hal_uart_ex.c ****     }
 679:Drivers/STM32F0xx_HAL_Driver/Src/stm32f0xx_hal_uart_ex.c **** 
 680:Drivers/STM32F0xx_HAL_Driver/Src/stm32f0xx_hal_uart_ex.c ****     return status;
 732              		.loc 1 680 5 is_stmt 1 view .LVU218
 733              		.loc 1 680 12 is_stmt 0 view .LVU219
 734 003e 10E0     		b	.L48
 735              	.LVL56:
 736              	.L56:
 668:Drivers/STM32F0xx_HAL_Driver/Src/stm32f0xx_hal_uart_ex.c ****       ATOMIC_SET_BIT(huart->Instance->CR1, USART_CR1_IDLEIE);
 737              		.loc 1 668 7 is_stmt 1 view .LVU220
 738 0040 2368     		ldr	r3, [r4]
 739 0042 1021     		movs	r1, #16
 740 0044 1962     		str	r1, [r3, #32]
 669:Drivers/STM32F0xx_HAL_Driver/Src/stm32f0xx_hal_uart_ex.c ****     }
 741              		.loc 1 669 7 view .LVU221
 742              	.LBB16:
 669:Drivers/STM32F0xx_HAL_Driver/Src/stm32f0xx_hal_uart_ex.c ****     }
 743              		.loc 1 669 7 view .LVU222
 669:Drivers/STM32F0xx_HAL_Driver/Src/stm32f0xx_hal_uart_ex.c ****     }
 744              		.loc 1 669 7 view .LVU223
 745              	.LBB17:
 746              	.LBI17:
 747              		.file 2 "Drivers/CMSIS/Include/cmsis_gcc.h"
   1:Drivers/CMSIS/Include/cmsis_gcc.h **** /**************************************************************************//**
   2:Drivers/CMSIS/Include/cmsis_gcc.h ****  * @file     cmsis_gcc.h
   3:Drivers/CMSIS/Include/cmsis_gcc.h ****  * @brief    CMSIS compiler GCC header file
   4:Drivers/CMSIS/Include/cmsis_gcc.h ****  * @version  V5.0.4
   5:Drivers/CMSIS/Include/cmsis_gcc.h ****  * @date     09. April 2018
   6:Drivers/CMSIS/Include/cmsis_gcc.h ****  ******************************************************************************/
   7:Drivers/CMSIS/Include/cmsis_gcc.h **** /*
   8:Drivers/CMSIS/Include/cmsis_gcc.h ****  * Copyright (c) 2009-2018 Arm Limited. All rights reserved.
   9:Drivers/CMSIS/Include/cmsis_gcc.h ****  *
  10:Drivers/CMSIS/Include/cmsis_gcc.h ****  * SPDX-License-Identifier: Apache-2.0
  11:Drivers/CMSIS/Include/cmsis_gcc.h ****  *
  12:Drivers/CMSIS/Include/cmsis_gcc.h ****  * Licensed under the Apache License, Version 2.0 (the License); you may
  13:Drivers/CMSIS/Include/cmsis_gcc.h ****  * not use this file except in compliance with the License.
ARM GAS  /tmp/ccTRwFIk.s 			page 27


  14:Drivers/CMSIS/Include/cmsis_gcc.h ****  * You may obtain a copy of the License at
  15:Drivers/CMSIS/Include/cmsis_gcc.h ****  *
  16:Drivers/CMSIS/Include/cmsis_gcc.h ****  * www.apache.org/licenses/LICENSE-2.0
  17:Drivers/CMSIS/Include/cmsis_gcc.h ****  *
  18:Drivers/CMSIS/Include/cmsis_gcc.h ****  * Unless required by applicable law or agreed to in writing, software
  19:Drivers/CMSIS/Include/cmsis_gcc.h ****  * distributed under the License is distributed on an AS IS BASIS, WITHOUT
  20:Drivers/CMSIS/Include/cmsis_gcc.h ****  * WARRANTIES OR CONDITIONS OF ANY KIND, either express or implied.
  21:Drivers/CMSIS/Include/cmsis_gcc.h ****  * See the License for the specific language governing permissions and
  22:Drivers/CMSIS/Include/cmsis_gcc.h ****  * limitations under the License.
  23:Drivers/CMSIS/Include/cmsis_gcc.h ****  */
  24:Drivers/CMSIS/Include/cmsis_gcc.h **** 
  25:Drivers/CMSIS/Include/cmsis_gcc.h **** #ifndef __CMSIS_GCC_H
  26:Drivers/CMSIS/Include/cmsis_gcc.h **** #define __CMSIS_GCC_H
  27:Drivers/CMSIS/Include/cmsis_gcc.h **** 
  28:Drivers/CMSIS/Include/cmsis_gcc.h **** /* ignore some GCC warnings */
  29:Drivers/CMSIS/Include/cmsis_gcc.h **** #pragma GCC diagnostic push
  30:Drivers/CMSIS/Include/cmsis_gcc.h **** #pragma GCC diagnostic ignored "-Wsign-conversion"
  31:Drivers/CMSIS/Include/cmsis_gcc.h **** #pragma GCC diagnostic ignored "-Wconversion"
  32:Drivers/CMSIS/Include/cmsis_gcc.h **** #pragma GCC diagnostic ignored "-Wunused-parameter"
  33:Drivers/CMSIS/Include/cmsis_gcc.h **** 
  34:Drivers/CMSIS/Include/cmsis_gcc.h **** /* Fallback for __has_builtin */
  35:Drivers/CMSIS/Include/cmsis_gcc.h **** #ifndef __has_builtin
  36:Drivers/CMSIS/Include/cmsis_gcc.h ****   #define __has_builtin(x) (0)
  37:Drivers/CMSIS/Include/cmsis_gcc.h **** #endif
  38:Drivers/CMSIS/Include/cmsis_gcc.h **** 
  39:Drivers/CMSIS/Include/cmsis_gcc.h **** /* CMSIS compiler specific defines */
  40:Drivers/CMSIS/Include/cmsis_gcc.h **** #ifndef   __ASM
  41:Drivers/CMSIS/Include/cmsis_gcc.h ****   #define __ASM                                  __asm
  42:Drivers/CMSIS/Include/cmsis_gcc.h **** #endif
  43:Drivers/CMSIS/Include/cmsis_gcc.h **** #ifndef   __INLINE
  44:Drivers/CMSIS/Include/cmsis_gcc.h ****   #define __INLINE                               inline
  45:Drivers/CMSIS/Include/cmsis_gcc.h **** #endif
  46:Drivers/CMSIS/Include/cmsis_gcc.h **** #ifndef   __STATIC_INLINE
  47:Drivers/CMSIS/Include/cmsis_gcc.h ****   #define __STATIC_INLINE                        static inline
  48:Drivers/CMSIS/Include/cmsis_gcc.h **** #endif
  49:Drivers/CMSIS/Include/cmsis_gcc.h **** #ifndef   __STATIC_FORCEINLINE                 
  50:Drivers/CMSIS/Include/cmsis_gcc.h ****   #define __STATIC_FORCEINLINE                   __attribute__((always_inline)) static inline
  51:Drivers/CMSIS/Include/cmsis_gcc.h **** #endif                                           
  52:Drivers/CMSIS/Include/cmsis_gcc.h **** #ifndef   __NO_RETURN
  53:Drivers/CMSIS/Include/cmsis_gcc.h ****   #define __NO_RETURN                            __attribute__((__noreturn__))
  54:Drivers/CMSIS/Include/cmsis_gcc.h **** #endif
  55:Drivers/CMSIS/Include/cmsis_gcc.h **** #ifndef   __USED
  56:Drivers/CMSIS/Include/cmsis_gcc.h ****   #define __USED                                 __attribute__((used))
  57:Drivers/CMSIS/Include/cmsis_gcc.h **** #endif
  58:Drivers/CMSIS/Include/cmsis_gcc.h **** #ifndef   __WEAK
  59:Drivers/CMSIS/Include/cmsis_gcc.h ****   #define __WEAK                                 __attribute__((weak))
  60:Drivers/CMSIS/Include/cmsis_gcc.h **** #endif
  61:Drivers/CMSIS/Include/cmsis_gcc.h **** #ifndef   __PACKED
  62:Drivers/CMSIS/Include/cmsis_gcc.h ****   #define __PACKED                               __attribute__((packed, aligned(1)))
  63:Drivers/CMSIS/Include/cmsis_gcc.h **** #endif
  64:Drivers/CMSIS/Include/cmsis_gcc.h **** #ifndef   __PACKED_STRUCT
  65:Drivers/CMSIS/Include/cmsis_gcc.h ****   #define __PACKED_STRUCT                        struct __attribute__((packed, aligned(1)))
  66:Drivers/CMSIS/Include/cmsis_gcc.h **** #endif
  67:Drivers/CMSIS/Include/cmsis_gcc.h **** #ifndef   __PACKED_UNION
  68:Drivers/CMSIS/Include/cmsis_gcc.h ****   #define __PACKED_UNION                         union __attribute__((packed, aligned(1)))
  69:Drivers/CMSIS/Include/cmsis_gcc.h **** #endif
  70:Drivers/CMSIS/Include/cmsis_gcc.h **** #ifndef   __UNALIGNED_UINT32        /* deprecated */
ARM GAS  /tmp/ccTRwFIk.s 			page 28


  71:Drivers/CMSIS/Include/cmsis_gcc.h ****   #pragma GCC diagnostic push
  72:Drivers/CMSIS/Include/cmsis_gcc.h ****   #pragma GCC diagnostic ignored "-Wpacked"
  73:Drivers/CMSIS/Include/cmsis_gcc.h ****   #pragma GCC diagnostic ignored "-Wattributes"
  74:Drivers/CMSIS/Include/cmsis_gcc.h ****   struct __attribute__((packed)) T_UINT32 { uint32_t v; };
  75:Drivers/CMSIS/Include/cmsis_gcc.h ****   #pragma GCC diagnostic pop
  76:Drivers/CMSIS/Include/cmsis_gcc.h ****   #define __UNALIGNED_UINT32(x)                  (((struct T_UINT32 *)(x))->v)
  77:Drivers/CMSIS/Include/cmsis_gcc.h **** #endif
  78:Drivers/CMSIS/Include/cmsis_gcc.h **** #ifndef   __UNALIGNED_UINT16_WRITE
  79:Drivers/CMSIS/Include/cmsis_gcc.h ****   #pragma GCC diagnostic push
  80:Drivers/CMSIS/Include/cmsis_gcc.h ****   #pragma GCC diagnostic ignored "-Wpacked"
  81:Drivers/CMSIS/Include/cmsis_gcc.h ****   #pragma GCC diagnostic ignored "-Wattributes"
  82:Drivers/CMSIS/Include/cmsis_gcc.h ****   __PACKED_STRUCT T_UINT16_WRITE { uint16_t v; };
  83:Drivers/CMSIS/Include/cmsis_gcc.h ****   #pragma GCC diagnostic pop
  84:Drivers/CMSIS/Include/cmsis_gcc.h ****   #define __UNALIGNED_UINT16_WRITE(addr, val)    (void)((((struct T_UINT16_WRITE *)(void *)(addr))-
  85:Drivers/CMSIS/Include/cmsis_gcc.h **** #endif
  86:Drivers/CMSIS/Include/cmsis_gcc.h **** #ifndef   __UNALIGNED_UINT16_READ
  87:Drivers/CMSIS/Include/cmsis_gcc.h ****   #pragma GCC diagnostic push
  88:Drivers/CMSIS/Include/cmsis_gcc.h ****   #pragma GCC diagnostic ignored "-Wpacked"
  89:Drivers/CMSIS/Include/cmsis_gcc.h ****   #pragma GCC diagnostic ignored "-Wattributes"
  90:Drivers/CMSIS/Include/cmsis_gcc.h ****   __PACKED_STRUCT T_UINT16_READ { uint16_t v; };
  91:Drivers/CMSIS/Include/cmsis_gcc.h ****   #pragma GCC diagnostic pop
  92:Drivers/CMSIS/Include/cmsis_gcc.h ****   #define __UNALIGNED_UINT16_READ(addr)          (((const struct T_UINT16_READ *)(const void *)(add
  93:Drivers/CMSIS/Include/cmsis_gcc.h **** #endif
  94:Drivers/CMSIS/Include/cmsis_gcc.h **** #ifndef   __UNALIGNED_UINT32_WRITE
  95:Drivers/CMSIS/Include/cmsis_gcc.h ****   #pragma GCC diagnostic push
  96:Drivers/CMSIS/Include/cmsis_gcc.h ****   #pragma GCC diagnostic ignored "-Wpacked"
  97:Drivers/CMSIS/Include/cmsis_gcc.h ****   #pragma GCC diagnostic ignored "-Wattributes"
  98:Drivers/CMSIS/Include/cmsis_gcc.h ****   __PACKED_STRUCT T_UINT32_WRITE { uint32_t v; };
  99:Drivers/CMSIS/Include/cmsis_gcc.h ****   #pragma GCC diagnostic pop
 100:Drivers/CMSIS/Include/cmsis_gcc.h ****   #define __UNALIGNED_UINT32_WRITE(addr, val)    (void)((((struct T_UINT32_WRITE *)(void *)(addr))-
 101:Drivers/CMSIS/Include/cmsis_gcc.h **** #endif
 102:Drivers/CMSIS/Include/cmsis_gcc.h **** #ifndef   __UNALIGNED_UINT32_READ
 103:Drivers/CMSIS/Include/cmsis_gcc.h ****   #pragma GCC diagnostic push
 104:Drivers/CMSIS/Include/cmsis_gcc.h ****   #pragma GCC diagnostic ignored "-Wpacked"
 105:Drivers/CMSIS/Include/cmsis_gcc.h ****   #pragma GCC diagnostic ignored "-Wattributes"
 106:Drivers/CMSIS/Include/cmsis_gcc.h ****   __PACKED_STRUCT T_UINT32_READ { uint32_t v; };
 107:Drivers/CMSIS/Include/cmsis_gcc.h ****   #pragma GCC diagnostic pop
 108:Drivers/CMSIS/Include/cmsis_gcc.h ****   #define __UNALIGNED_UINT32_READ(addr)          (((const struct T_UINT32_READ *)(const void *)(add
 109:Drivers/CMSIS/Include/cmsis_gcc.h **** #endif
 110:Drivers/CMSIS/Include/cmsis_gcc.h **** #ifndef   __ALIGNED
 111:Drivers/CMSIS/Include/cmsis_gcc.h ****   #define __ALIGNED(x)                           __attribute__((aligned(x)))
 112:Drivers/CMSIS/Include/cmsis_gcc.h **** #endif
 113:Drivers/CMSIS/Include/cmsis_gcc.h **** #ifndef   __RESTRICT
 114:Drivers/CMSIS/Include/cmsis_gcc.h ****   #define __RESTRICT                             __restrict
 115:Drivers/CMSIS/Include/cmsis_gcc.h **** #endif
 116:Drivers/CMSIS/Include/cmsis_gcc.h **** 
 117:Drivers/CMSIS/Include/cmsis_gcc.h **** 
 118:Drivers/CMSIS/Include/cmsis_gcc.h **** /* ###########################  Core Function Access  ########################### */
 119:Drivers/CMSIS/Include/cmsis_gcc.h **** /** \ingroup  CMSIS_Core_FunctionInterface
 120:Drivers/CMSIS/Include/cmsis_gcc.h ****     \defgroup CMSIS_Core_RegAccFunctions CMSIS Core Register Access Functions
 121:Drivers/CMSIS/Include/cmsis_gcc.h ****   @{
 122:Drivers/CMSIS/Include/cmsis_gcc.h ****  */
 123:Drivers/CMSIS/Include/cmsis_gcc.h **** 
 124:Drivers/CMSIS/Include/cmsis_gcc.h **** /**
 125:Drivers/CMSIS/Include/cmsis_gcc.h ****   \brief   Enable IRQ Interrupts
 126:Drivers/CMSIS/Include/cmsis_gcc.h ****   \details Enables IRQ interrupts by clearing the I-bit in the CPSR.
 127:Drivers/CMSIS/Include/cmsis_gcc.h ****            Can only be executed in Privileged modes.
ARM GAS  /tmp/ccTRwFIk.s 			page 29


 128:Drivers/CMSIS/Include/cmsis_gcc.h ****  */
 129:Drivers/CMSIS/Include/cmsis_gcc.h **** __STATIC_FORCEINLINE void __enable_irq(void)
 130:Drivers/CMSIS/Include/cmsis_gcc.h **** {
 131:Drivers/CMSIS/Include/cmsis_gcc.h ****   __ASM volatile ("cpsie i" : : : "memory");
 132:Drivers/CMSIS/Include/cmsis_gcc.h **** }
 133:Drivers/CMSIS/Include/cmsis_gcc.h **** 
 134:Drivers/CMSIS/Include/cmsis_gcc.h **** 
 135:Drivers/CMSIS/Include/cmsis_gcc.h **** /**
 136:Drivers/CMSIS/Include/cmsis_gcc.h ****   \brief   Disable IRQ Interrupts
 137:Drivers/CMSIS/Include/cmsis_gcc.h ****   \details Disables IRQ interrupts by setting the I-bit in the CPSR.
 138:Drivers/CMSIS/Include/cmsis_gcc.h ****            Can only be executed in Privileged modes.
 139:Drivers/CMSIS/Include/cmsis_gcc.h ****  */
 140:Drivers/CMSIS/Include/cmsis_gcc.h **** __STATIC_FORCEINLINE void __disable_irq(void)
 141:Drivers/CMSIS/Include/cmsis_gcc.h **** {
 142:Drivers/CMSIS/Include/cmsis_gcc.h ****   __ASM volatile ("cpsid i" : : : "memory");
 143:Drivers/CMSIS/Include/cmsis_gcc.h **** }
 144:Drivers/CMSIS/Include/cmsis_gcc.h **** 
 145:Drivers/CMSIS/Include/cmsis_gcc.h **** 
 146:Drivers/CMSIS/Include/cmsis_gcc.h **** /**
 147:Drivers/CMSIS/Include/cmsis_gcc.h ****   \brief   Get Control Register
 148:Drivers/CMSIS/Include/cmsis_gcc.h ****   \details Returns the content of the Control Register.
 149:Drivers/CMSIS/Include/cmsis_gcc.h ****   \return               Control Register value
 150:Drivers/CMSIS/Include/cmsis_gcc.h ****  */
 151:Drivers/CMSIS/Include/cmsis_gcc.h **** __STATIC_FORCEINLINE uint32_t __get_CONTROL(void)
 152:Drivers/CMSIS/Include/cmsis_gcc.h **** {
 153:Drivers/CMSIS/Include/cmsis_gcc.h ****   uint32_t result;
 154:Drivers/CMSIS/Include/cmsis_gcc.h **** 
 155:Drivers/CMSIS/Include/cmsis_gcc.h ****   __ASM volatile ("MRS %0, control" : "=r" (result) );
 156:Drivers/CMSIS/Include/cmsis_gcc.h ****   return(result);
 157:Drivers/CMSIS/Include/cmsis_gcc.h **** }
 158:Drivers/CMSIS/Include/cmsis_gcc.h **** 
 159:Drivers/CMSIS/Include/cmsis_gcc.h **** 
 160:Drivers/CMSIS/Include/cmsis_gcc.h **** #if (defined (__ARM_FEATURE_CMSE ) && (__ARM_FEATURE_CMSE == 3))
 161:Drivers/CMSIS/Include/cmsis_gcc.h **** /**
 162:Drivers/CMSIS/Include/cmsis_gcc.h ****   \brief   Get Control Register (non-secure)
 163:Drivers/CMSIS/Include/cmsis_gcc.h ****   \details Returns the content of the non-secure Control Register when in secure mode.
 164:Drivers/CMSIS/Include/cmsis_gcc.h ****   \return               non-secure Control Register value
 165:Drivers/CMSIS/Include/cmsis_gcc.h ****  */
 166:Drivers/CMSIS/Include/cmsis_gcc.h **** __STATIC_FORCEINLINE uint32_t __TZ_get_CONTROL_NS(void)
 167:Drivers/CMSIS/Include/cmsis_gcc.h **** {
 168:Drivers/CMSIS/Include/cmsis_gcc.h ****   uint32_t result;
 169:Drivers/CMSIS/Include/cmsis_gcc.h **** 
 170:Drivers/CMSIS/Include/cmsis_gcc.h ****   __ASM volatile ("MRS %0, control_ns" : "=r" (result) );
 171:Drivers/CMSIS/Include/cmsis_gcc.h ****   return(result);
 172:Drivers/CMSIS/Include/cmsis_gcc.h **** }
 173:Drivers/CMSIS/Include/cmsis_gcc.h **** #endif
 174:Drivers/CMSIS/Include/cmsis_gcc.h **** 
 175:Drivers/CMSIS/Include/cmsis_gcc.h **** 
 176:Drivers/CMSIS/Include/cmsis_gcc.h **** /**
 177:Drivers/CMSIS/Include/cmsis_gcc.h ****   \brief   Set Control Register
 178:Drivers/CMSIS/Include/cmsis_gcc.h ****   \details Writes the given value to the Control Register.
 179:Drivers/CMSIS/Include/cmsis_gcc.h ****   \param [in]    control  Control Register value to set
 180:Drivers/CMSIS/Include/cmsis_gcc.h ****  */
 181:Drivers/CMSIS/Include/cmsis_gcc.h **** __STATIC_FORCEINLINE void __set_CONTROL(uint32_t control)
 182:Drivers/CMSIS/Include/cmsis_gcc.h **** {
 183:Drivers/CMSIS/Include/cmsis_gcc.h ****   __ASM volatile ("MSR control, %0" : : "r" (control) : "memory");
 184:Drivers/CMSIS/Include/cmsis_gcc.h **** }
ARM GAS  /tmp/ccTRwFIk.s 			page 30


 185:Drivers/CMSIS/Include/cmsis_gcc.h **** 
 186:Drivers/CMSIS/Include/cmsis_gcc.h **** 
 187:Drivers/CMSIS/Include/cmsis_gcc.h **** #if (defined (__ARM_FEATURE_CMSE ) && (__ARM_FEATURE_CMSE == 3))
 188:Drivers/CMSIS/Include/cmsis_gcc.h **** /**
 189:Drivers/CMSIS/Include/cmsis_gcc.h ****   \brief   Set Control Register (non-secure)
 190:Drivers/CMSIS/Include/cmsis_gcc.h ****   \details Writes the given value to the non-secure Control Register when in secure state.
 191:Drivers/CMSIS/Include/cmsis_gcc.h ****   \param [in]    control  Control Register value to set
 192:Drivers/CMSIS/Include/cmsis_gcc.h ****  */
 193:Drivers/CMSIS/Include/cmsis_gcc.h **** __STATIC_FORCEINLINE void __TZ_set_CONTROL_NS(uint32_t control)
 194:Drivers/CMSIS/Include/cmsis_gcc.h **** {
 195:Drivers/CMSIS/Include/cmsis_gcc.h ****   __ASM volatile ("MSR control_ns, %0" : : "r" (control) : "memory");
 196:Drivers/CMSIS/Include/cmsis_gcc.h **** }
 197:Drivers/CMSIS/Include/cmsis_gcc.h **** #endif
 198:Drivers/CMSIS/Include/cmsis_gcc.h **** 
 199:Drivers/CMSIS/Include/cmsis_gcc.h **** 
 200:Drivers/CMSIS/Include/cmsis_gcc.h **** /**
 201:Drivers/CMSIS/Include/cmsis_gcc.h ****   \brief   Get IPSR Register
 202:Drivers/CMSIS/Include/cmsis_gcc.h ****   \details Returns the content of the IPSR Register.
 203:Drivers/CMSIS/Include/cmsis_gcc.h ****   \return               IPSR Register value
 204:Drivers/CMSIS/Include/cmsis_gcc.h ****  */
 205:Drivers/CMSIS/Include/cmsis_gcc.h **** __STATIC_FORCEINLINE uint32_t __get_IPSR(void)
 206:Drivers/CMSIS/Include/cmsis_gcc.h **** {
 207:Drivers/CMSIS/Include/cmsis_gcc.h ****   uint32_t result;
 208:Drivers/CMSIS/Include/cmsis_gcc.h **** 
 209:Drivers/CMSIS/Include/cmsis_gcc.h ****   __ASM volatile ("MRS %0, ipsr" : "=r" (result) );
 210:Drivers/CMSIS/Include/cmsis_gcc.h ****   return(result);
 211:Drivers/CMSIS/Include/cmsis_gcc.h **** }
 212:Drivers/CMSIS/Include/cmsis_gcc.h **** 
 213:Drivers/CMSIS/Include/cmsis_gcc.h **** 
 214:Drivers/CMSIS/Include/cmsis_gcc.h **** /**
 215:Drivers/CMSIS/Include/cmsis_gcc.h ****   \brief   Get APSR Register
 216:Drivers/CMSIS/Include/cmsis_gcc.h ****   \details Returns the content of the APSR Register.
 217:Drivers/CMSIS/Include/cmsis_gcc.h ****   \return               APSR Register value
 218:Drivers/CMSIS/Include/cmsis_gcc.h ****  */
 219:Drivers/CMSIS/Include/cmsis_gcc.h **** __STATIC_FORCEINLINE uint32_t __get_APSR(void)
 220:Drivers/CMSIS/Include/cmsis_gcc.h **** {
 221:Drivers/CMSIS/Include/cmsis_gcc.h ****   uint32_t result;
 222:Drivers/CMSIS/Include/cmsis_gcc.h **** 
 223:Drivers/CMSIS/Include/cmsis_gcc.h ****   __ASM volatile ("MRS %0, apsr" : "=r" (result) );
 224:Drivers/CMSIS/Include/cmsis_gcc.h ****   return(result);
 225:Drivers/CMSIS/Include/cmsis_gcc.h **** }
 226:Drivers/CMSIS/Include/cmsis_gcc.h **** 
 227:Drivers/CMSIS/Include/cmsis_gcc.h **** 
 228:Drivers/CMSIS/Include/cmsis_gcc.h **** /**
 229:Drivers/CMSIS/Include/cmsis_gcc.h ****   \brief   Get xPSR Register
 230:Drivers/CMSIS/Include/cmsis_gcc.h ****   \details Returns the content of the xPSR Register.
 231:Drivers/CMSIS/Include/cmsis_gcc.h ****   \return               xPSR Register value
 232:Drivers/CMSIS/Include/cmsis_gcc.h ****  */
 233:Drivers/CMSIS/Include/cmsis_gcc.h **** __STATIC_FORCEINLINE uint32_t __get_xPSR(void)
 234:Drivers/CMSIS/Include/cmsis_gcc.h **** {
 235:Drivers/CMSIS/Include/cmsis_gcc.h ****   uint32_t result;
 236:Drivers/CMSIS/Include/cmsis_gcc.h **** 
 237:Drivers/CMSIS/Include/cmsis_gcc.h ****   __ASM volatile ("MRS %0, xpsr" : "=r" (result) );
 238:Drivers/CMSIS/Include/cmsis_gcc.h ****   return(result);
 239:Drivers/CMSIS/Include/cmsis_gcc.h **** }
 240:Drivers/CMSIS/Include/cmsis_gcc.h **** 
 241:Drivers/CMSIS/Include/cmsis_gcc.h **** 
ARM GAS  /tmp/ccTRwFIk.s 			page 31


 242:Drivers/CMSIS/Include/cmsis_gcc.h **** /**
 243:Drivers/CMSIS/Include/cmsis_gcc.h ****   \brief   Get Process Stack Pointer
 244:Drivers/CMSIS/Include/cmsis_gcc.h ****   \details Returns the current value of the Process Stack Pointer (PSP).
 245:Drivers/CMSIS/Include/cmsis_gcc.h ****   \return               PSP Register value
 246:Drivers/CMSIS/Include/cmsis_gcc.h ****  */
 247:Drivers/CMSIS/Include/cmsis_gcc.h **** __STATIC_FORCEINLINE uint32_t __get_PSP(void)
 248:Drivers/CMSIS/Include/cmsis_gcc.h **** {
 249:Drivers/CMSIS/Include/cmsis_gcc.h ****   uint32_t result;
 250:Drivers/CMSIS/Include/cmsis_gcc.h **** 
 251:Drivers/CMSIS/Include/cmsis_gcc.h ****   __ASM volatile ("MRS %0, psp"  : "=r" (result) );
 252:Drivers/CMSIS/Include/cmsis_gcc.h ****   return(result);
 253:Drivers/CMSIS/Include/cmsis_gcc.h **** }
 254:Drivers/CMSIS/Include/cmsis_gcc.h **** 
 255:Drivers/CMSIS/Include/cmsis_gcc.h **** 
 256:Drivers/CMSIS/Include/cmsis_gcc.h **** #if (defined (__ARM_FEATURE_CMSE ) && (__ARM_FEATURE_CMSE == 3))
 257:Drivers/CMSIS/Include/cmsis_gcc.h **** /**
 258:Drivers/CMSIS/Include/cmsis_gcc.h ****   \brief   Get Process Stack Pointer (non-secure)
 259:Drivers/CMSIS/Include/cmsis_gcc.h ****   \details Returns the current value of the non-secure Process Stack Pointer (PSP) when in secure s
 260:Drivers/CMSIS/Include/cmsis_gcc.h ****   \return               PSP Register value
 261:Drivers/CMSIS/Include/cmsis_gcc.h ****  */
 262:Drivers/CMSIS/Include/cmsis_gcc.h **** __STATIC_FORCEINLINE uint32_t __TZ_get_PSP_NS(void)
 263:Drivers/CMSIS/Include/cmsis_gcc.h **** {
 264:Drivers/CMSIS/Include/cmsis_gcc.h ****   uint32_t result;
 265:Drivers/CMSIS/Include/cmsis_gcc.h **** 
 266:Drivers/CMSIS/Include/cmsis_gcc.h ****   __ASM volatile ("MRS %0, psp_ns"  : "=r" (result) );
 267:Drivers/CMSIS/Include/cmsis_gcc.h ****   return(result);
 268:Drivers/CMSIS/Include/cmsis_gcc.h **** }
 269:Drivers/CMSIS/Include/cmsis_gcc.h **** #endif
 270:Drivers/CMSIS/Include/cmsis_gcc.h **** 
 271:Drivers/CMSIS/Include/cmsis_gcc.h **** 
 272:Drivers/CMSIS/Include/cmsis_gcc.h **** /**
 273:Drivers/CMSIS/Include/cmsis_gcc.h ****   \brief   Set Process Stack Pointer
 274:Drivers/CMSIS/Include/cmsis_gcc.h ****   \details Assigns the given value to the Process Stack Pointer (PSP).
 275:Drivers/CMSIS/Include/cmsis_gcc.h ****   \param [in]    topOfProcStack  Process Stack Pointer value to set
 276:Drivers/CMSIS/Include/cmsis_gcc.h ****  */
 277:Drivers/CMSIS/Include/cmsis_gcc.h **** __STATIC_FORCEINLINE void __set_PSP(uint32_t topOfProcStack)
 278:Drivers/CMSIS/Include/cmsis_gcc.h **** {
 279:Drivers/CMSIS/Include/cmsis_gcc.h ****   __ASM volatile ("MSR psp, %0" : : "r" (topOfProcStack) : );
 280:Drivers/CMSIS/Include/cmsis_gcc.h **** }
 281:Drivers/CMSIS/Include/cmsis_gcc.h **** 
 282:Drivers/CMSIS/Include/cmsis_gcc.h **** 
 283:Drivers/CMSIS/Include/cmsis_gcc.h **** #if (defined (__ARM_FEATURE_CMSE ) && (__ARM_FEATURE_CMSE == 3))
 284:Drivers/CMSIS/Include/cmsis_gcc.h **** /**
 285:Drivers/CMSIS/Include/cmsis_gcc.h ****   \brief   Set Process Stack Pointer (non-secure)
 286:Drivers/CMSIS/Include/cmsis_gcc.h ****   \details Assigns the given value to the non-secure Process Stack Pointer (PSP) when in secure sta
 287:Drivers/CMSIS/Include/cmsis_gcc.h ****   \param [in]    topOfProcStack  Process Stack Pointer value to set
 288:Drivers/CMSIS/Include/cmsis_gcc.h ****  */
 289:Drivers/CMSIS/Include/cmsis_gcc.h **** __STATIC_FORCEINLINE void __TZ_set_PSP_NS(uint32_t topOfProcStack)
 290:Drivers/CMSIS/Include/cmsis_gcc.h **** {
 291:Drivers/CMSIS/Include/cmsis_gcc.h ****   __ASM volatile ("MSR psp_ns, %0" : : "r" (topOfProcStack) : );
 292:Drivers/CMSIS/Include/cmsis_gcc.h **** }
 293:Drivers/CMSIS/Include/cmsis_gcc.h **** #endif
 294:Drivers/CMSIS/Include/cmsis_gcc.h **** 
 295:Drivers/CMSIS/Include/cmsis_gcc.h **** 
 296:Drivers/CMSIS/Include/cmsis_gcc.h **** /**
 297:Drivers/CMSIS/Include/cmsis_gcc.h ****   \brief   Get Main Stack Pointer
 298:Drivers/CMSIS/Include/cmsis_gcc.h ****   \details Returns the current value of the Main Stack Pointer (MSP).
ARM GAS  /tmp/ccTRwFIk.s 			page 32


 299:Drivers/CMSIS/Include/cmsis_gcc.h ****   \return               MSP Register value
 300:Drivers/CMSIS/Include/cmsis_gcc.h ****  */
 301:Drivers/CMSIS/Include/cmsis_gcc.h **** __STATIC_FORCEINLINE uint32_t __get_MSP(void)
 302:Drivers/CMSIS/Include/cmsis_gcc.h **** {
 303:Drivers/CMSIS/Include/cmsis_gcc.h ****   uint32_t result;
 304:Drivers/CMSIS/Include/cmsis_gcc.h **** 
 305:Drivers/CMSIS/Include/cmsis_gcc.h ****   __ASM volatile ("MRS %0, msp" : "=r" (result) );
 306:Drivers/CMSIS/Include/cmsis_gcc.h ****   return(result);
 307:Drivers/CMSIS/Include/cmsis_gcc.h **** }
 308:Drivers/CMSIS/Include/cmsis_gcc.h **** 
 309:Drivers/CMSIS/Include/cmsis_gcc.h **** 
 310:Drivers/CMSIS/Include/cmsis_gcc.h **** #if (defined (__ARM_FEATURE_CMSE ) && (__ARM_FEATURE_CMSE == 3))
 311:Drivers/CMSIS/Include/cmsis_gcc.h **** /**
 312:Drivers/CMSIS/Include/cmsis_gcc.h ****   \brief   Get Main Stack Pointer (non-secure)
 313:Drivers/CMSIS/Include/cmsis_gcc.h ****   \details Returns the current value of the non-secure Main Stack Pointer (MSP) when in secure stat
 314:Drivers/CMSIS/Include/cmsis_gcc.h ****   \return               MSP Register value
 315:Drivers/CMSIS/Include/cmsis_gcc.h ****  */
 316:Drivers/CMSIS/Include/cmsis_gcc.h **** __STATIC_FORCEINLINE uint32_t __TZ_get_MSP_NS(void)
 317:Drivers/CMSIS/Include/cmsis_gcc.h **** {
 318:Drivers/CMSIS/Include/cmsis_gcc.h ****   uint32_t result;
 319:Drivers/CMSIS/Include/cmsis_gcc.h **** 
 320:Drivers/CMSIS/Include/cmsis_gcc.h ****   __ASM volatile ("MRS %0, msp_ns" : "=r" (result) );
 321:Drivers/CMSIS/Include/cmsis_gcc.h ****   return(result);
 322:Drivers/CMSIS/Include/cmsis_gcc.h **** }
 323:Drivers/CMSIS/Include/cmsis_gcc.h **** #endif
 324:Drivers/CMSIS/Include/cmsis_gcc.h **** 
 325:Drivers/CMSIS/Include/cmsis_gcc.h **** 
 326:Drivers/CMSIS/Include/cmsis_gcc.h **** /**
 327:Drivers/CMSIS/Include/cmsis_gcc.h ****   \brief   Set Main Stack Pointer
 328:Drivers/CMSIS/Include/cmsis_gcc.h ****   \details Assigns the given value to the Main Stack Pointer (MSP).
 329:Drivers/CMSIS/Include/cmsis_gcc.h ****   \param [in]    topOfMainStack  Main Stack Pointer value to set
 330:Drivers/CMSIS/Include/cmsis_gcc.h ****  */
 331:Drivers/CMSIS/Include/cmsis_gcc.h **** __STATIC_FORCEINLINE void __set_MSP(uint32_t topOfMainStack)
 332:Drivers/CMSIS/Include/cmsis_gcc.h **** {
 333:Drivers/CMSIS/Include/cmsis_gcc.h ****   __ASM volatile ("MSR msp, %0" : : "r" (topOfMainStack) : );
 334:Drivers/CMSIS/Include/cmsis_gcc.h **** }
 335:Drivers/CMSIS/Include/cmsis_gcc.h **** 
 336:Drivers/CMSIS/Include/cmsis_gcc.h **** 
 337:Drivers/CMSIS/Include/cmsis_gcc.h **** #if (defined (__ARM_FEATURE_CMSE ) && (__ARM_FEATURE_CMSE == 3))
 338:Drivers/CMSIS/Include/cmsis_gcc.h **** /**
 339:Drivers/CMSIS/Include/cmsis_gcc.h ****   \brief   Set Main Stack Pointer (non-secure)
 340:Drivers/CMSIS/Include/cmsis_gcc.h ****   \details Assigns the given value to the non-secure Main Stack Pointer (MSP) when in secure state.
 341:Drivers/CMSIS/Include/cmsis_gcc.h ****   \param [in]    topOfMainStack  Main Stack Pointer value to set
 342:Drivers/CMSIS/Include/cmsis_gcc.h ****  */
 343:Drivers/CMSIS/Include/cmsis_gcc.h **** __STATIC_FORCEINLINE void __TZ_set_MSP_NS(uint32_t topOfMainStack)
 344:Drivers/CMSIS/Include/cmsis_gcc.h **** {
 345:Drivers/CMSIS/Include/cmsis_gcc.h ****   __ASM volatile ("MSR msp_ns, %0" : : "r" (topOfMainStack) : );
 346:Drivers/CMSIS/Include/cmsis_gcc.h **** }
 347:Drivers/CMSIS/Include/cmsis_gcc.h **** #endif
 348:Drivers/CMSIS/Include/cmsis_gcc.h **** 
 349:Drivers/CMSIS/Include/cmsis_gcc.h **** 
 350:Drivers/CMSIS/Include/cmsis_gcc.h **** #if (defined (__ARM_FEATURE_CMSE ) && (__ARM_FEATURE_CMSE == 3))
 351:Drivers/CMSIS/Include/cmsis_gcc.h **** /**
 352:Drivers/CMSIS/Include/cmsis_gcc.h ****   \brief   Get Stack Pointer (non-secure)
 353:Drivers/CMSIS/Include/cmsis_gcc.h ****   \details Returns the current value of the non-secure Stack Pointer (SP) when in secure state.
 354:Drivers/CMSIS/Include/cmsis_gcc.h ****   \return               SP Register value
 355:Drivers/CMSIS/Include/cmsis_gcc.h ****  */
ARM GAS  /tmp/ccTRwFIk.s 			page 33


 356:Drivers/CMSIS/Include/cmsis_gcc.h **** __STATIC_FORCEINLINE uint32_t __TZ_get_SP_NS(void)
 357:Drivers/CMSIS/Include/cmsis_gcc.h **** {
 358:Drivers/CMSIS/Include/cmsis_gcc.h ****   uint32_t result;
 359:Drivers/CMSIS/Include/cmsis_gcc.h **** 
 360:Drivers/CMSIS/Include/cmsis_gcc.h ****   __ASM volatile ("MRS %0, sp_ns" : "=r" (result) );
 361:Drivers/CMSIS/Include/cmsis_gcc.h ****   return(result);
 362:Drivers/CMSIS/Include/cmsis_gcc.h **** }
 363:Drivers/CMSIS/Include/cmsis_gcc.h **** 
 364:Drivers/CMSIS/Include/cmsis_gcc.h **** 
 365:Drivers/CMSIS/Include/cmsis_gcc.h **** /**
 366:Drivers/CMSIS/Include/cmsis_gcc.h ****   \brief   Set Stack Pointer (non-secure)
 367:Drivers/CMSIS/Include/cmsis_gcc.h ****   \details Assigns the given value to the non-secure Stack Pointer (SP) when in secure state.
 368:Drivers/CMSIS/Include/cmsis_gcc.h ****   \param [in]    topOfStack  Stack Pointer value to set
 369:Drivers/CMSIS/Include/cmsis_gcc.h ****  */
 370:Drivers/CMSIS/Include/cmsis_gcc.h **** __STATIC_FORCEINLINE void __TZ_set_SP_NS(uint32_t topOfStack)
 371:Drivers/CMSIS/Include/cmsis_gcc.h **** {
 372:Drivers/CMSIS/Include/cmsis_gcc.h ****   __ASM volatile ("MSR sp_ns, %0" : : "r" (topOfStack) : );
 373:Drivers/CMSIS/Include/cmsis_gcc.h **** }
 374:Drivers/CMSIS/Include/cmsis_gcc.h **** #endif
 375:Drivers/CMSIS/Include/cmsis_gcc.h **** 
 376:Drivers/CMSIS/Include/cmsis_gcc.h **** 
 377:Drivers/CMSIS/Include/cmsis_gcc.h **** /**
 378:Drivers/CMSIS/Include/cmsis_gcc.h ****   \brief   Get Priority Mask
 379:Drivers/CMSIS/Include/cmsis_gcc.h ****   \details Returns the current state of the priority mask bit from the Priority Mask Register.
 380:Drivers/CMSIS/Include/cmsis_gcc.h ****   \return               Priority Mask value
 381:Drivers/CMSIS/Include/cmsis_gcc.h ****  */
 382:Drivers/CMSIS/Include/cmsis_gcc.h **** __STATIC_FORCEINLINE uint32_t __get_PRIMASK(void)
 748              		.loc 2 382 31 view .LVU224
 749              	.LBB18:
 383:Drivers/CMSIS/Include/cmsis_gcc.h **** {
 384:Drivers/CMSIS/Include/cmsis_gcc.h ****   uint32_t result;
 750              		.loc 2 384 3 view .LVU225
 385:Drivers/CMSIS/Include/cmsis_gcc.h **** 
 386:Drivers/CMSIS/Include/cmsis_gcc.h ****   __ASM volatile ("MRS %0, primask" : "=r" (result) :: "memory");
 751              		.loc 2 386 3 view .LVU226
 752              		.syntax divided
 753              	@ 386 "Drivers/CMSIS/Include/cmsis_gcc.h" 1
 754 0046 EFF31080 		MRS r0, primask
 755              	@ 0 "" 2
 387:Drivers/CMSIS/Include/cmsis_gcc.h ****   return(result);
 756              		.loc 2 387 3 view .LVU227
 757              	.LVL57:
 758              		.loc 2 387 3 is_stmt 0 view .LVU228
 759              		.thumb
 760              		.syntax unified
 761              	.LBE18:
 762              	.LBE17:
 669:Drivers/STM32F0xx_HAL_Driver/Src/stm32f0xx_hal_uart_ex.c ****     }
 763              		.loc 1 669 7 is_stmt 1 discriminator 1 view .LVU229
 764              	.LBB19:
 765              	.LBI19:
 388:Drivers/CMSIS/Include/cmsis_gcc.h **** }
 389:Drivers/CMSIS/Include/cmsis_gcc.h **** 
 390:Drivers/CMSIS/Include/cmsis_gcc.h **** 
 391:Drivers/CMSIS/Include/cmsis_gcc.h **** #if (defined (__ARM_FEATURE_CMSE ) && (__ARM_FEATURE_CMSE == 3))
 392:Drivers/CMSIS/Include/cmsis_gcc.h **** /**
 393:Drivers/CMSIS/Include/cmsis_gcc.h ****   \brief   Get Priority Mask (non-secure)
ARM GAS  /tmp/ccTRwFIk.s 			page 34


 394:Drivers/CMSIS/Include/cmsis_gcc.h ****   \details Returns the current state of the non-secure priority mask bit from the Priority Mask Reg
 395:Drivers/CMSIS/Include/cmsis_gcc.h ****   \return               Priority Mask value
 396:Drivers/CMSIS/Include/cmsis_gcc.h ****  */
 397:Drivers/CMSIS/Include/cmsis_gcc.h **** __STATIC_FORCEINLINE uint32_t __TZ_get_PRIMASK_NS(void)
 398:Drivers/CMSIS/Include/cmsis_gcc.h **** {
 399:Drivers/CMSIS/Include/cmsis_gcc.h ****   uint32_t result;
 400:Drivers/CMSIS/Include/cmsis_gcc.h **** 
 401:Drivers/CMSIS/Include/cmsis_gcc.h ****   __ASM volatile ("MRS %0, primask_ns" : "=r" (result) :: "memory");
 402:Drivers/CMSIS/Include/cmsis_gcc.h ****   return(result);
 403:Drivers/CMSIS/Include/cmsis_gcc.h **** }
 404:Drivers/CMSIS/Include/cmsis_gcc.h **** #endif
 405:Drivers/CMSIS/Include/cmsis_gcc.h **** 
 406:Drivers/CMSIS/Include/cmsis_gcc.h **** 
 407:Drivers/CMSIS/Include/cmsis_gcc.h **** /**
 408:Drivers/CMSIS/Include/cmsis_gcc.h ****   \brief   Set Priority Mask
 409:Drivers/CMSIS/Include/cmsis_gcc.h ****   \details Assigns the given value to the Priority Mask Register.
 410:Drivers/CMSIS/Include/cmsis_gcc.h ****   \param [in]    priMask  Priority Mask
 411:Drivers/CMSIS/Include/cmsis_gcc.h ****  */
 412:Drivers/CMSIS/Include/cmsis_gcc.h **** __STATIC_FORCEINLINE void __set_PRIMASK(uint32_t priMask)
 766              		.loc 2 412 27 view .LVU230
 767              	.LBB20:
 413:Drivers/CMSIS/Include/cmsis_gcc.h **** {
 414:Drivers/CMSIS/Include/cmsis_gcc.h ****   __ASM volatile ("MSR primask, %0" : : "r" (priMask) : "memory");
 768              		.loc 2 414 3 view .LVU231
 769 004a 0123     		movs	r3, #1
 770              		.syntax divided
 771              	@ 414 "Drivers/CMSIS/Include/cmsis_gcc.h" 1
 772 004c 83F31088 		MSR primask, r3
 773              	@ 0 "" 2
 774              	.LVL58:
 775              		.loc 2 414 3 is_stmt 0 view .LVU232
 776              		.thumb
 777              		.syntax unified
 778              	.LBE20:
 779              	.LBE19:
 669:Drivers/STM32F0xx_HAL_Driver/Src/stm32f0xx_hal_uart_ex.c ****     }
 780              		.loc 1 669 7 is_stmt 1 discriminator 2 view .LVU233
 781 0050 2268     		ldr	r2, [r4]
 782 0052 1368     		ldr	r3, [r2]
 783 0054 0B43     		orrs	r3, r1
 784 0056 1360     		str	r3, [r2]
 669:Drivers/STM32F0xx_HAL_Driver/Src/stm32f0xx_hal_uart_ex.c ****     }
 785              		.loc 1 669 7 discriminator 2 view .LVU234
 786              	.LVL59:
 787              	.LBB21:
 788              	.LBI21:
 412:Drivers/CMSIS/Include/cmsis_gcc.h **** {
 789              		.loc 2 412 27 view .LVU235
 790              	.LBB22:
 791              		.loc 2 414 3 view .LVU236
 792              		.syntax divided
 793              	@ 414 "Drivers/CMSIS/Include/cmsis_gcc.h" 1
 794 0058 80F31088 		MSR primask, r0
 795              	@ 0 "" 2
 796              	.LVL60:
 797              		.loc 2 414 3 is_stmt 0 view .LVU237
 798              		.thumb
ARM GAS  /tmp/ccTRwFIk.s 			page 35


 799              		.syntax unified
 800              	.LBE22:
 801              	.LBE21:
 802              	.LBE16:
 669:Drivers/STM32F0xx_HAL_Driver/Src/stm32f0xx_hal_uart_ex.c ****     }
 803              		.loc 1 669 7 is_stmt 1 discriminator 3 view .LVU238
 639:Drivers/STM32F0xx_HAL_Driver/Src/stm32f0xx_hal_uart_ex.c **** 
 804              		.loc 1 639 21 is_stmt 0 view .LVU239
 805 005c 0020     		movs	r0, #0
 806              	.LVL61:
 807              	.LBB25:
 808              	.LBB24:
 809              	.LBB23:
 415:Drivers/CMSIS/Include/cmsis_gcc.h **** }
 810              		.loc 2 415 1 view .LVU240
 811 005e 00E0     		b	.L48
 812              	.LVL62:
 813              	.L51:
 814              		.loc 2 415 1 view .LVU241
 815              	.LBE23:
 816              	.LBE24:
 817              	.LBE25:
 681:Drivers/STM32F0xx_HAL_Driver/Src/stm32f0xx_hal_uart_ex.c ****   }
 682:Drivers/STM32F0xx_HAL_Driver/Src/stm32f0xx_hal_uart_ex.c ****   else
 683:Drivers/STM32F0xx_HAL_Driver/Src/stm32f0xx_hal_uart_ex.c ****   {
 684:Drivers/STM32F0xx_HAL_Driver/Src/stm32f0xx_hal_uart_ex.c ****     return HAL_BUSY;
 818              		.loc 1 684 12 view .LVU242
 819 0060 0220     		movs	r0, #2
 820              	.LVL63:
 821              	.L48:
 685:Drivers/STM32F0xx_HAL_Driver/Src/stm32f0xx_hal_uart_ex.c ****   }
 686:Drivers/STM32F0xx_HAL_Driver/Src/stm32f0xx_hal_uart_ex.c **** }
 822              		.loc 1 686 1 view .LVU243
 823              		@ sp needed
 824              	.LVL64:
 825              		.loc 1 686 1 view .LVU244
 826 0062 10BD     		pop	{r4, pc}
 827              	.LVL65:
 828              	.L52:
 646:Drivers/STM32F0xx_HAL_Driver/Src/stm32f0xx_hal_uart_ex.c ****     }
 829              		.loc 1 646 14 view .LVU245
 830 0064 0120     		movs	r0, #1
 831              	.LVL66:
 646:Drivers/STM32F0xx_HAL_Driver/Src/stm32f0xx_hal_uart_ex.c ****     }
 832              		.loc 1 646 14 view .LVU246
 833 0066 FCE7     		b	.L48
 834              	.LVL67:
 835              	.L53:
 646:Drivers/STM32F0xx_HAL_Driver/Src/stm32f0xx_hal_uart_ex.c ****     }
 836              		.loc 1 646 14 view .LVU247
 837 0068 0120     		movs	r0, #1
 838              	.LVL68:
 646:Drivers/STM32F0xx_HAL_Driver/Src/stm32f0xx_hal_uart_ex.c ****     }
 839              		.loc 1 646 14 view .LVU248
 840 006a FAE7     		b	.L48
 841              	.L54:
 656:Drivers/STM32F0xx_HAL_Driver/Src/stm32f0xx_hal_uart_ex.c ****       }
ARM GAS  /tmp/ccTRwFIk.s 			page 36


 842              		.loc 1 656 17 view .LVU249
 843 006c 0120     		movs	r0, #1
 844 006e F8E7     		b	.L48
 845              		.cfi_endproc
 846              	.LFE43:
 848              		.section	.text.HAL_UARTEx_ReceiveToIdle_DMA,"ax",%progbits
 849              		.align	1
 850              		.global	HAL_UARTEx_ReceiveToIdle_DMA
 851              		.syntax unified
 852              		.code	16
 853              		.thumb_func
 855              	HAL_UARTEx_ReceiveToIdle_DMA:
 856              	.LVL69:
 857              	.LFB44:
 687:Drivers/STM32F0xx_HAL_Driver/Src/stm32f0xx_hal_uart_ex.c **** 
 688:Drivers/STM32F0xx_HAL_Driver/Src/stm32f0xx_hal_uart_ex.c **** /**
 689:Drivers/STM32F0xx_HAL_Driver/Src/stm32f0xx_hal_uart_ex.c ****   * @brief Receive an amount of data in DMA mode till either the expected number
 690:Drivers/STM32F0xx_HAL_Driver/Src/stm32f0xx_hal_uart_ex.c ****   *        of data is received or an IDLE event occurs.
 691:Drivers/STM32F0xx_HAL_Driver/Src/stm32f0xx_hal_uart_ex.c ****   * @note  Reception is initiated by this function call. Further progress of reception is achieved 
 692:Drivers/STM32F0xx_HAL_Driver/Src/stm32f0xx_hal_uart_ex.c ****   *        to DMA services, transferring automatically received data elements in user reception buf
 693:Drivers/STM32F0xx_HAL_Driver/Src/stm32f0xx_hal_uart_ex.c ****   *        calling registered callbacks at half/end of reception. UART IDLE events are also used to
 694:Drivers/STM32F0xx_HAL_Driver/Src/stm32f0xx_hal_uart_ex.c ****   *        reception phase as ended. In all cases, callback execution will indicate number of recei
 695:Drivers/STM32F0xx_HAL_Driver/Src/stm32f0xx_hal_uart_ex.c ****   * @note  When the UART parity is enabled (PCE = 1), the received data contain
 696:Drivers/STM32F0xx_HAL_Driver/Src/stm32f0xx_hal_uart_ex.c ****   *        the parity bit (MSB position).
 697:Drivers/STM32F0xx_HAL_Driver/Src/stm32f0xx_hal_uart_ex.c ****   * @note  When UART parity is not enabled (PCE = 0), and Word Length is configured to 9 bits (M1-M
 698:Drivers/STM32F0xx_HAL_Driver/Src/stm32f0xx_hal_uart_ex.c ****   *        the received data is handled as a set of uint16_t. In this case, Size must indicate the 
 699:Drivers/STM32F0xx_HAL_Driver/Src/stm32f0xx_hal_uart_ex.c ****   *        of uint16_t available through pData.
 700:Drivers/STM32F0xx_HAL_Driver/Src/stm32f0xx_hal_uart_ex.c ****   * @note  When UART parity is not enabled (PCE = 0), and Word Length is configured to 9 bits (M1-M
 701:Drivers/STM32F0xx_HAL_Driver/Src/stm32f0xx_hal_uart_ex.c ****   *        address of user data buffer for storing data to be received, should be aligned on a half
 702:Drivers/STM32F0xx_HAL_Driver/Src/stm32f0xx_hal_uart_ex.c ****   *        (16 bits) (as received data will be handled by DMA from halfword frontier). Depending on
 703:Drivers/STM32F0xx_HAL_Driver/Src/stm32f0xx_hal_uart_ex.c ****   *        use of specific alignment compilation directives or pragmas might be required
 704:Drivers/STM32F0xx_HAL_Driver/Src/stm32f0xx_hal_uart_ex.c ****   *        to ensure proper alignment for pData.
 705:Drivers/STM32F0xx_HAL_Driver/Src/stm32f0xx_hal_uart_ex.c ****   * @param huart UART handle.
 706:Drivers/STM32F0xx_HAL_Driver/Src/stm32f0xx_hal_uart_ex.c ****   * @param pData Pointer to data buffer (uint8_t or uint16_t data elements).
 707:Drivers/STM32F0xx_HAL_Driver/Src/stm32f0xx_hal_uart_ex.c ****   * @param Size  Amount of data elements (uint8_t or uint16_t) to be received.
 708:Drivers/STM32F0xx_HAL_Driver/Src/stm32f0xx_hal_uart_ex.c ****   * @retval HAL status
 709:Drivers/STM32F0xx_HAL_Driver/Src/stm32f0xx_hal_uart_ex.c ****   */
 710:Drivers/STM32F0xx_HAL_Driver/Src/stm32f0xx_hal_uart_ex.c **** HAL_StatusTypeDef HAL_UARTEx_ReceiveToIdle_DMA(UART_HandleTypeDef *huart, uint8_t *pData, uint16_t 
 711:Drivers/STM32F0xx_HAL_Driver/Src/stm32f0xx_hal_uart_ex.c **** {
 858              		.loc 1 711 1 is_stmt 1 view -0
 859              		.cfi_startproc
 860              		@ args = 0, pretend = 0, frame = 0
 861              		@ frame_needed = 0, uses_anonymous_args = 0
 862              		.loc 1 711 1 is_stmt 0 view .LVU251
 863 0000 10B5     		push	{r4, lr}
 864              	.LCFI6:
 865              		.cfi_def_cfa_offset 8
 866              		.cfi_offset 4, -8
 867              		.cfi_offset 14, -4
 868 0002 0400     		movs	r4, r0
 712:Drivers/STM32F0xx_HAL_Driver/Src/stm32f0xx_hal_uart_ex.c ****   HAL_StatusTypeDef status;
 869              		.loc 1 712 3 is_stmt 1 view .LVU252
 713:Drivers/STM32F0xx_HAL_Driver/Src/stm32f0xx_hal_uart_ex.c **** 
 714:Drivers/STM32F0xx_HAL_Driver/Src/stm32f0xx_hal_uart_ex.c ****   /* Check that a Rx process is not already ongoing */
 715:Drivers/STM32F0xx_HAL_Driver/Src/stm32f0xx_hal_uart_ex.c ****   if (huart->RxState == HAL_UART_STATE_READY)
 870              		.loc 1 715 3 view .LVU253
 871              		.loc 1 715 12 is_stmt 0 view .LVU254
ARM GAS  /tmp/ccTRwFIk.s 			page 37


 872 0004 8023     		movs	r3, #128
 873 0006 C358     		ldr	r3, [r0, r3]
 874              		.loc 1 715 6 view .LVU255
 875 0008 202B     		cmp	r3, #32
 876 000a 2AD1     		bne	.L61
 716:Drivers/STM32F0xx_HAL_Driver/Src/stm32f0xx_hal_uart_ex.c ****   {
 717:Drivers/STM32F0xx_HAL_Driver/Src/stm32f0xx_hal_uart_ex.c ****     if ((pData == NULL) || (Size == 0U))
 877              		.loc 1 717 5 is_stmt 1 view .LVU256
 878              		.loc 1 717 8 is_stmt 0 view .LVU257
 879 000c 0029     		cmp	r1, #0
 880 000e 2AD0     		beq	.L62
 881              		.loc 1 717 25 discriminator 1 view .LVU258
 882 0010 002A     		cmp	r2, #0
 883 0012 2AD0     		beq	.L63
 718:Drivers/STM32F0xx_HAL_Driver/Src/stm32f0xx_hal_uart_ex.c ****     {
 719:Drivers/STM32F0xx_HAL_Driver/Src/stm32f0xx_hal_uart_ex.c ****       return HAL_ERROR;
 720:Drivers/STM32F0xx_HAL_Driver/Src/stm32f0xx_hal_uart_ex.c ****     }
 721:Drivers/STM32F0xx_HAL_Driver/Src/stm32f0xx_hal_uart_ex.c **** 
 722:Drivers/STM32F0xx_HAL_Driver/Src/stm32f0xx_hal_uart_ex.c ****     /* In case of 9bits/No Parity transfer, pData buffer provided as input parameter
 723:Drivers/STM32F0xx_HAL_Driver/Src/stm32f0xx_hal_uart_ex.c ****        should be aligned on a uint16_t frontier, as data copy from RDR will be
 724:Drivers/STM32F0xx_HAL_Driver/Src/stm32f0xx_hal_uart_ex.c ****        handled by DMA from a uint16_t frontier. */
 725:Drivers/STM32F0xx_HAL_Driver/Src/stm32f0xx_hal_uart_ex.c ****     if ((huart->Init.WordLength == UART_WORDLENGTH_9B) && (huart->Init.Parity == UART_PARITY_NONE))
 884              		.loc 1 725 5 is_stmt 1 view .LVU259
 885              		.loc 1 725 21 is_stmt 0 view .LVU260
 886 0014 8068     		ldr	r0, [r0, #8]
 887              	.LVL70:
 888              		.loc 1 725 8 view .LVU261
 889 0016 8023     		movs	r3, #128
 890 0018 5B01     		lsls	r3, r3, #5
 891 001a 9842     		cmp	r0, r3
 892 001c 04D1     		bne	.L59
 893              		.loc 1 725 71 discriminator 1 view .LVU262
 894 001e 2369     		ldr	r3, [r4, #16]
 895              		.loc 1 725 56 discriminator 1 view .LVU263
 896 0020 002B     		cmp	r3, #0
 897 0022 01D1     		bne	.L59
 726:Drivers/STM32F0xx_HAL_Driver/Src/stm32f0xx_hal_uart_ex.c ****     {
 727:Drivers/STM32F0xx_HAL_Driver/Src/stm32f0xx_hal_uart_ex.c ****       if ((((uint32_t)pData) & 1U) != 0U)
 898              		.loc 1 727 7 is_stmt 1 view .LVU264
 899              		.loc 1 727 10 is_stmt 0 view .LVU265
 900 0024 CB07     		lsls	r3, r1, #31
 901 0026 22D4     		bmi	.L64
 902              	.L59:
 728:Drivers/STM32F0xx_HAL_Driver/Src/stm32f0xx_hal_uart_ex.c ****       {
 729:Drivers/STM32F0xx_HAL_Driver/Src/stm32f0xx_hal_uart_ex.c ****         return  HAL_ERROR;
 730:Drivers/STM32F0xx_HAL_Driver/Src/stm32f0xx_hal_uart_ex.c ****       }
 731:Drivers/STM32F0xx_HAL_Driver/Src/stm32f0xx_hal_uart_ex.c ****     }
 732:Drivers/STM32F0xx_HAL_Driver/Src/stm32f0xx_hal_uart_ex.c **** 
 733:Drivers/STM32F0xx_HAL_Driver/Src/stm32f0xx_hal_uart_ex.c ****     /* Set Reception type to reception till IDLE Event*/
 734:Drivers/STM32F0xx_HAL_Driver/Src/stm32f0xx_hal_uart_ex.c ****     huart->ReceptionType = HAL_UART_RECEPTION_TOIDLE;
 903              		.loc 1 734 5 is_stmt 1 view .LVU266
 904              		.loc 1 734 26 is_stmt 0 view .LVU267
 905 0028 0123     		movs	r3, #1
 906 002a 2366     		str	r3, [r4, #96]
 735:Drivers/STM32F0xx_HAL_Driver/Src/stm32f0xx_hal_uart_ex.c ****     huart->RxEventType = HAL_UART_RXEVENT_TC;
 907              		.loc 1 735 5 is_stmt 1 view .LVU268
 908              		.loc 1 735 24 is_stmt 0 view .LVU269
ARM GAS  /tmp/ccTRwFIk.s 			page 38


 909 002c 0023     		movs	r3, #0
 910 002e 6366     		str	r3, [r4, #100]
 736:Drivers/STM32F0xx_HAL_Driver/Src/stm32f0xx_hal_uart_ex.c **** 
 737:Drivers/STM32F0xx_HAL_Driver/Src/stm32f0xx_hal_uart_ex.c ****     status =  UART_Start_Receive_DMA(huart, pData, Size);
 911              		.loc 1 737 5 is_stmt 1 view .LVU270
 912              		.loc 1 737 15 is_stmt 0 view .LVU271
 913 0030 2000     		movs	r0, r4
 914 0032 FFF7FEFF 		bl	UART_Start_Receive_DMA
 915              	.LVL71:
 738:Drivers/STM32F0xx_HAL_Driver/Src/stm32f0xx_hal_uart_ex.c **** 
 739:Drivers/STM32F0xx_HAL_Driver/Src/stm32f0xx_hal_uart_ex.c ****     /* Check Rx process has been successfully started */
 740:Drivers/STM32F0xx_HAL_Driver/Src/stm32f0xx_hal_uart_ex.c ****     if (status == HAL_OK)
 916              		.loc 1 740 5 is_stmt 1 view .LVU272
 917              		.loc 1 740 8 is_stmt 0 view .LVU273
 918 0036 0028     		cmp	r0, #0
 919 0038 14D1     		bne	.L58
 741:Drivers/STM32F0xx_HAL_Driver/Src/stm32f0xx_hal_uart_ex.c ****     {
 742:Drivers/STM32F0xx_HAL_Driver/Src/stm32f0xx_hal_uart_ex.c ****       if (huart->ReceptionType == HAL_UART_RECEPTION_TOIDLE)
 920              		.loc 1 742 7 is_stmt 1 view .LVU274
 921              		.loc 1 742 16 is_stmt 0 view .LVU275
 922 003a 236E     		ldr	r3, [r4, #96]
 923              		.loc 1 742 10 view .LVU276
 924 003c 012B     		cmp	r3, #1
 925 003e 01D0     		beq	.L66
 743:Drivers/STM32F0xx_HAL_Driver/Src/stm32f0xx_hal_uart_ex.c ****       {
 744:Drivers/STM32F0xx_HAL_Driver/Src/stm32f0xx_hal_uart_ex.c ****         __HAL_UART_CLEAR_FLAG(huart, UART_CLEAR_IDLEF);
 745:Drivers/STM32F0xx_HAL_Driver/Src/stm32f0xx_hal_uart_ex.c ****         ATOMIC_SET_BIT(huart->Instance->CR1, USART_CR1_IDLEIE);
 746:Drivers/STM32F0xx_HAL_Driver/Src/stm32f0xx_hal_uart_ex.c ****       }
 747:Drivers/STM32F0xx_HAL_Driver/Src/stm32f0xx_hal_uart_ex.c ****       else
 748:Drivers/STM32F0xx_HAL_Driver/Src/stm32f0xx_hal_uart_ex.c ****       {
 749:Drivers/STM32F0xx_HAL_Driver/Src/stm32f0xx_hal_uart_ex.c ****         /* In case of errors already pending when reception is started,
 750:Drivers/STM32F0xx_HAL_Driver/Src/stm32f0xx_hal_uart_ex.c ****            Interrupts may have already been raised and lead to reception abortion.
 751:Drivers/STM32F0xx_HAL_Driver/Src/stm32f0xx_hal_uart_ex.c ****            (Overrun error for instance).
 752:Drivers/STM32F0xx_HAL_Driver/Src/stm32f0xx_hal_uart_ex.c ****            In such case Reception Type has been reset to HAL_UART_RECEPTION_STANDARD. */
 753:Drivers/STM32F0xx_HAL_Driver/Src/stm32f0xx_hal_uart_ex.c ****         status = HAL_ERROR;
 926              		.loc 1 753 16 view .LVU277
 927 0040 0120     		movs	r0, #1
 928              	.LVL72:
 754:Drivers/STM32F0xx_HAL_Driver/Src/stm32f0xx_hal_uart_ex.c ****       }
 755:Drivers/STM32F0xx_HAL_Driver/Src/stm32f0xx_hal_uart_ex.c ****     }
 756:Drivers/STM32F0xx_HAL_Driver/Src/stm32f0xx_hal_uart_ex.c **** 
 757:Drivers/STM32F0xx_HAL_Driver/Src/stm32f0xx_hal_uart_ex.c ****     return status;
 929              		.loc 1 757 5 is_stmt 1 view .LVU278
 930              		.loc 1 757 12 is_stmt 0 view .LVU279
 931 0042 0FE0     		b	.L58
 932              	.LVL73:
 933              	.L66:
 744:Drivers/STM32F0xx_HAL_Driver/Src/stm32f0xx_hal_uart_ex.c ****         ATOMIC_SET_BIT(huart->Instance->CR1, USART_CR1_IDLEIE);
 934              		.loc 1 744 9 is_stmt 1 view .LVU280
 935 0044 2368     		ldr	r3, [r4]
 936 0046 1021     		movs	r1, #16
 937 0048 1962     		str	r1, [r3, #32]
 745:Drivers/STM32F0xx_HAL_Driver/Src/stm32f0xx_hal_uart_ex.c ****       }
 938              		.loc 1 745 9 view .LVU281
 939              	.LBB26:
 745:Drivers/STM32F0xx_HAL_Driver/Src/stm32f0xx_hal_uart_ex.c ****       }
 940              		.loc 1 745 9 view .LVU282
ARM GAS  /tmp/ccTRwFIk.s 			page 39


 745:Drivers/STM32F0xx_HAL_Driver/Src/stm32f0xx_hal_uart_ex.c ****       }
 941              		.loc 1 745 9 view .LVU283
 942              	.LBB27:
 943              	.LBI27:
 382:Drivers/CMSIS/Include/cmsis_gcc.h **** {
 944              		.loc 2 382 31 view .LVU284
 945              	.LBB28:
 384:Drivers/CMSIS/Include/cmsis_gcc.h **** 
 946              		.loc 2 384 3 view .LVU285
 386:Drivers/CMSIS/Include/cmsis_gcc.h ****   return(result);
 947              		.loc 2 386 3 view .LVU286
 948              		.syntax divided
 949              	@ 386 "Drivers/CMSIS/Include/cmsis_gcc.h" 1
 950 004a EFF3108C 		MRS ip, primask
 951              	@ 0 "" 2
 387:Drivers/CMSIS/Include/cmsis_gcc.h **** }
 952              		.loc 2 387 3 view .LVU287
 953              	.LVL74:
 387:Drivers/CMSIS/Include/cmsis_gcc.h **** }
 954              		.loc 2 387 3 is_stmt 0 view .LVU288
 955              		.thumb
 956              		.syntax unified
 957              	.LBE28:
 958              	.LBE27:
 745:Drivers/STM32F0xx_HAL_Driver/Src/stm32f0xx_hal_uart_ex.c ****       }
 959              		.loc 1 745 9 is_stmt 1 discriminator 1 view .LVU289
 960              	.LBB29:
 961              	.LBI29:
 412:Drivers/CMSIS/Include/cmsis_gcc.h **** {
 962              		.loc 2 412 27 view .LVU290
 963              	.LBB30:
 414:Drivers/CMSIS/Include/cmsis_gcc.h **** }
 964              		.loc 2 414 3 view .LVU291
 965 004e 0123     		movs	r3, #1
 966              		.syntax divided
 967              	@ 414 "Drivers/CMSIS/Include/cmsis_gcc.h" 1
 968 0050 83F31088 		MSR primask, r3
 969              	@ 0 "" 2
 970              	.LVL75:
 414:Drivers/CMSIS/Include/cmsis_gcc.h **** }
 971              		.loc 2 414 3 is_stmt 0 view .LVU292
 972              		.thumb
 973              		.syntax unified
 974              	.LBE30:
 975              	.LBE29:
 745:Drivers/STM32F0xx_HAL_Driver/Src/stm32f0xx_hal_uart_ex.c ****       }
 976              		.loc 1 745 9 is_stmt 1 discriminator 2 view .LVU293
 977 0054 2268     		ldr	r2, [r4]
 978 0056 1368     		ldr	r3, [r2]
 979 0058 0B43     		orrs	r3, r1
 980 005a 1360     		str	r3, [r2]
 745:Drivers/STM32F0xx_HAL_Driver/Src/stm32f0xx_hal_uart_ex.c ****       }
 981              		.loc 1 745 9 discriminator 2 view .LVU294
 982              	.LVL76:
 983              	.LBB31:
 984              	.LBI31:
 412:Drivers/CMSIS/Include/cmsis_gcc.h **** {
ARM GAS  /tmp/ccTRwFIk.s 			page 40


 985              		.loc 2 412 27 view .LVU295
 986              	.LBB32:
 414:Drivers/CMSIS/Include/cmsis_gcc.h **** }
 987              		.loc 2 414 3 view .LVU296
 988              		.syntax divided
 989              	@ 414 "Drivers/CMSIS/Include/cmsis_gcc.h" 1
 990 005c 8CF31088 		MSR primask, ip
 991              	@ 0 "" 2
 992              	.LVL77:
 414:Drivers/CMSIS/Include/cmsis_gcc.h **** }
 993              		.loc 2 414 3 is_stmt 0 view .LVU297
 994              		.thumb
 995              		.syntax unified
 996              	.LBE32:
 997              	.LBE31:
 998              	.LBE26:
 745:Drivers/STM32F0xx_HAL_Driver/Src/stm32f0xx_hal_uart_ex.c ****       }
 999              		.loc 1 745 9 is_stmt 1 discriminator 3 view .LVU298
 1000              	.LBB35:
 1001              	.LBB34:
 1002              	.LBB33:
 1003              		.loc 2 415 1 is_stmt 0 view .LVU299
 1004 0060 00E0     		b	.L58
 1005              	.LVL78:
 1006              	.L61:
 1007              		.loc 2 415 1 view .LVU300
 1008              	.LBE33:
 1009              	.LBE34:
 1010              	.LBE35:
 758:Drivers/STM32F0xx_HAL_Driver/Src/stm32f0xx_hal_uart_ex.c ****   }
 759:Drivers/STM32F0xx_HAL_Driver/Src/stm32f0xx_hal_uart_ex.c ****   else
 760:Drivers/STM32F0xx_HAL_Driver/Src/stm32f0xx_hal_uart_ex.c ****   {
 761:Drivers/STM32F0xx_HAL_Driver/Src/stm32f0xx_hal_uart_ex.c ****     return HAL_BUSY;
 1011              		.loc 1 761 12 view .LVU301
 1012 0062 0220     		movs	r0, #2
 1013              	.LVL79:
 1014              	.L58:
 762:Drivers/STM32F0xx_HAL_Driver/Src/stm32f0xx_hal_uart_ex.c ****   }
 763:Drivers/STM32F0xx_HAL_Driver/Src/stm32f0xx_hal_uart_ex.c **** }
 1015              		.loc 1 763 1 view .LVU302
 1016              		@ sp needed
 1017              	.LVL80:
 1018              		.loc 1 763 1 view .LVU303
 1019 0064 10BD     		pop	{r4, pc}
 1020              	.LVL81:
 1021              	.L62:
 719:Drivers/STM32F0xx_HAL_Driver/Src/stm32f0xx_hal_uart_ex.c ****     }
 1022              		.loc 1 719 14 view .LVU304
 1023 0066 0120     		movs	r0, #1
 1024              	.LVL82:
 719:Drivers/STM32F0xx_HAL_Driver/Src/stm32f0xx_hal_uart_ex.c ****     }
 1025              		.loc 1 719 14 view .LVU305
 1026 0068 FCE7     		b	.L58
 1027              	.LVL83:
 1028              	.L63:
 719:Drivers/STM32F0xx_HAL_Driver/Src/stm32f0xx_hal_uart_ex.c ****     }
 1029              		.loc 1 719 14 view .LVU306
ARM GAS  /tmp/ccTRwFIk.s 			page 41


 1030 006a 0120     		movs	r0, #1
 1031              	.LVL84:
 719:Drivers/STM32F0xx_HAL_Driver/Src/stm32f0xx_hal_uart_ex.c ****     }
 1032              		.loc 1 719 14 view .LVU307
 1033 006c FAE7     		b	.L58
 1034              	.L64:
 729:Drivers/STM32F0xx_HAL_Driver/Src/stm32f0xx_hal_uart_ex.c ****       }
 1035              		.loc 1 729 17 view .LVU308
 1036 006e 0120     		movs	r0, #1
 1037 0070 F8E7     		b	.L58
 1038              		.cfi_endproc
 1039              	.LFE44:
 1041              		.section	.text.HAL_UARTEx_GetRxEventType,"ax",%progbits
 1042              		.align	1
 1043              		.global	HAL_UARTEx_GetRxEventType
 1044              		.syntax unified
 1045              		.code	16
 1046              		.thumb_func
 1048              	HAL_UARTEx_GetRxEventType:
 1049              	.LVL85:
 1050              	.LFB45:
 764:Drivers/STM32F0xx_HAL_Driver/Src/stm32f0xx_hal_uart_ex.c **** 
 765:Drivers/STM32F0xx_HAL_Driver/Src/stm32f0xx_hal_uart_ex.c **** /**
 766:Drivers/STM32F0xx_HAL_Driver/Src/stm32f0xx_hal_uart_ex.c ****   * @brief Provide Rx Event type that has lead to RxEvent callback execution.
 767:Drivers/STM32F0xx_HAL_Driver/Src/stm32f0xx_hal_uart_ex.c ****   * @note  When HAL_UARTEx_ReceiveToIdle_IT() or HAL_UARTEx_ReceiveToIdle_DMA() API are called, pro
 768:Drivers/STM32F0xx_HAL_Driver/Src/stm32f0xx_hal_uart_ex.c ****   *        of reception process is provided to application through calls of Rx Event callback (eith
 769:Drivers/STM32F0xx_HAL_Driver/Src/stm32f0xx_hal_uart_ex.c ****   *        HAL_UARTEx_RxEventCallback() or user registered one). As several types of events could o
 770:Drivers/STM32F0xx_HAL_Driver/Src/stm32f0xx_hal_uart_ex.c ****   *        Half Transfer, or Transfer Complete), this function allows to retrieve the Rx Event type
 771:Drivers/STM32F0xx_HAL_Driver/Src/stm32f0xx_hal_uart_ex.c ****   *        to Rx Event callback execution.
 772:Drivers/STM32F0xx_HAL_Driver/Src/stm32f0xx_hal_uart_ex.c ****   * @note  This function is expected to be called within the user implementation of Rx Event Callba
 773:Drivers/STM32F0xx_HAL_Driver/Src/stm32f0xx_hal_uart_ex.c ****   *        in order to provide the accurate value :
 774:Drivers/STM32F0xx_HAL_Driver/Src/stm32f0xx_hal_uart_ex.c ****   *        In Interrupt Mode :
 775:Drivers/STM32F0xx_HAL_Driver/Src/stm32f0xx_hal_uart_ex.c ****   *           - HAL_UART_RXEVENT_TC : when Reception has been completed (expected nb of data has be
 776:Drivers/STM32F0xx_HAL_Driver/Src/stm32f0xx_hal_uart_ex.c ****   *           - HAL_UART_RXEVENT_IDLE : when Idle event occurred prior reception has been completed
 777:Drivers/STM32F0xx_HAL_Driver/Src/stm32f0xx_hal_uart_ex.c ****   *             received data is lower than expected one)
 778:Drivers/STM32F0xx_HAL_Driver/Src/stm32f0xx_hal_uart_ex.c ****   *        In DMA Mode :
 779:Drivers/STM32F0xx_HAL_Driver/Src/stm32f0xx_hal_uart_ex.c ****   *           - HAL_UART_RXEVENT_TC : when Reception has been completed (expected nb of data has be
 780:Drivers/STM32F0xx_HAL_Driver/Src/stm32f0xx_hal_uart_ex.c ****   *           - HAL_UART_RXEVENT_HT : when half of expected nb of data has been received
 781:Drivers/STM32F0xx_HAL_Driver/Src/stm32f0xx_hal_uart_ex.c ****   *           - HAL_UART_RXEVENT_IDLE : when Idle event occurred prior reception has been completed
 782:Drivers/STM32F0xx_HAL_Driver/Src/stm32f0xx_hal_uart_ex.c ****   *             received data is lower than expected one).
 783:Drivers/STM32F0xx_HAL_Driver/Src/stm32f0xx_hal_uart_ex.c ****   *        In DMA mode, RxEvent callback could be called several times;
 784:Drivers/STM32F0xx_HAL_Driver/Src/stm32f0xx_hal_uart_ex.c ****   *        When DMA is configured in Normal Mode, HT event does not stop Reception process;
 785:Drivers/STM32F0xx_HAL_Driver/Src/stm32f0xx_hal_uart_ex.c ****   *        When DMA is configured in Circular Mode, HT, TC or IDLE events don't stop Reception proc
 786:Drivers/STM32F0xx_HAL_Driver/Src/stm32f0xx_hal_uart_ex.c ****   * @param  huart UART handle.
 787:Drivers/STM32F0xx_HAL_Driver/Src/stm32f0xx_hal_uart_ex.c ****   * @retval Rx Event Type (return vale will be a value of @ref UART_RxEvent_Type_Values)
 788:Drivers/STM32F0xx_HAL_Driver/Src/stm32f0xx_hal_uart_ex.c ****   */
 789:Drivers/STM32F0xx_HAL_Driver/Src/stm32f0xx_hal_uart_ex.c **** HAL_UART_RxEventTypeTypeDef HAL_UARTEx_GetRxEventType(const UART_HandleTypeDef *huart)
 790:Drivers/STM32F0xx_HAL_Driver/Src/stm32f0xx_hal_uart_ex.c **** {
 1051              		.loc 1 790 1 is_stmt 1 view -0
 1052              		.cfi_startproc
 1053              		@ args = 0, pretend = 0, frame = 0
 1054              		@ frame_needed = 0, uses_anonymous_args = 0
 1055              		@ link register save eliminated.
 791:Drivers/STM32F0xx_HAL_Driver/Src/stm32f0xx_hal_uart_ex.c ****   /* Return Rx Event type value, as stored in UART handle */
 792:Drivers/STM32F0xx_HAL_Driver/Src/stm32f0xx_hal_uart_ex.c ****   return (huart->RxEventType);
 1056              		.loc 1 792 3 view .LVU310
 1057              		.loc 1 792 16 is_stmt 0 view .LVU311
ARM GAS  /tmp/ccTRwFIk.s 			page 42


 1058 0000 406E     		ldr	r0, [r0, #100]
 1059              	.LVL86:
 793:Drivers/STM32F0xx_HAL_Driver/Src/stm32f0xx_hal_uart_ex.c **** }
 1060              		.loc 1 793 1 view .LVU312
 1061              		@ sp needed
 1062 0002 7047     		bx	lr
 1063              		.cfi_endproc
 1064              	.LFE45:
 1066              		.text
 1067              	.Letext0:
 1068              		.file 3 "/usr/arm-none-eabi/include/machine/_default_types.h"
 1069              		.file 4 "/usr/arm-none-eabi/include/sys/_stdint.h"
 1070              		.file 5 "Drivers/CMSIS/Device/ST/STM32F0xx/Include/stm32f030x8.h"
 1071              		.file 6 "Drivers/STM32F0xx_HAL_Driver/Inc/stm32f0xx_hal_def.h"
 1072              		.file 7 "Drivers/STM32F0xx_HAL_Driver/Inc/stm32f0xx_hal_dma.h"
 1073              		.file 8 "Drivers/STM32F0xx_HAL_Driver/Inc/stm32f0xx_hal_uart.h"
 1074              		.file 9 "Drivers/STM32F0xx_HAL_Driver/Inc/stm32f0xx_hal.h"
ARM GAS  /tmp/ccTRwFIk.s 			page 43


DEFINED SYMBOLS
                            *ABS*:00000000 stm32f0xx_hal_uart_ex.c
     /tmp/ccTRwFIk.s:19     .text.HAL_RS485Ex_Init:00000000 $t
     /tmp/ccTRwFIk.s:25     .text.HAL_RS485Ex_Init:00000000 HAL_RS485Ex_Init
     /tmp/ccTRwFIk.s:172    .text.HAL_RS485Ex_Init:00000088 $d
     /tmp/ccTRwFIk.s:178    .text.HAL_MultiProcessorEx_AddressLength_Set:00000000 $t
     /tmp/ccTRwFIk.s:184    .text.HAL_MultiProcessorEx_AddressLength_Set:00000000 HAL_MultiProcessorEx_AddressLength_Set
     /tmp/ccTRwFIk.s:250    .text.HAL_UARTEx_ReceiveToIdle:00000000 $t
     /tmp/ccTRwFIk.s:256    .text.HAL_UARTEx_ReceiveToIdle:00000000 HAL_UARTEx_ReceiveToIdle
     /tmp/ccTRwFIk.s:650    .text.HAL_UARTEx_ReceiveToIdle:00000178 $d
     /tmp/ccTRwFIk.s:655    .text.HAL_UARTEx_ReceiveToIdle_IT:00000000 $t
     /tmp/ccTRwFIk.s:661    .text.HAL_UARTEx_ReceiveToIdle_IT:00000000 HAL_UARTEx_ReceiveToIdle_IT
     /tmp/ccTRwFIk.s:849    .text.HAL_UARTEx_ReceiveToIdle_DMA:00000000 $t
     /tmp/ccTRwFIk.s:855    .text.HAL_UARTEx_ReceiveToIdle_DMA:00000000 HAL_UARTEx_ReceiveToIdle_DMA
     /tmp/ccTRwFIk.s:1042   .text.HAL_UARTEx_GetRxEventType:00000000 $t
     /tmp/ccTRwFIk.s:1048   .text.HAL_UARTEx_GetRxEventType:00000000 HAL_UARTEx_GetRxEventType

UNDEFINED SYMBOLS
UART_SetConfig
UART_CheckIdleState
HAL_UART_MspInit
UART_AdvFeatureConfig
HAL_GetTick
UART_Start_Receive_IT
UART_Start_Receive_DMA
