ARM GAS  /tmp/cc0vgH7k.s 			page 1


   1              		.cpu cortex-m0
   2              		.arch armv6s-m
   3              		.fpu softvfp
   4              		.eabi_attribute 20, 1
   5              		.eabi_attribute 21, 1
   6              		.eabi_attribute 23, 3
   7              		.eabi_attribute 24, 1
   8              		.eabi_attribute 25, 1
   9              		.eabi_attribute 26, 1
  10              		.eabi_attribute 30, 1
  11              		.eabi_attribute 34, 0
  12              		.eabi_attribute 18, 4
  13              		.file	"stm32f0xx_hal_rcc.c"
  14              		.text
  15              	.Ltext0:
  16              		.cfi_sections	.debug_frame
  17              		.file 1 "Drivers/STM32F0xx_HAL_Driver/Src/stm32f0xx_hal_rcc.c"
  18              		.section	.text.HAL_RCC_DeInit,"ax",%progbits
  19              		.align	1
  20              		.global	HAL_RCC_DeInit
  21              		.syntax unified
  22              		.code	16
  23              		.thumb_func
  25              	HAL_RCC_DeInit:
  26              	.LFB40:
   1:Drivers/STM32F0xx_HAL_Driver/Src/stm32f0xx_hal_rcc.c **** /**
   2:Drivers/STM32F0xx_HAL_Driver/Src/stm32f0xx_hal_rcc.c ****   ******************************************************************************
   3:Drivers/STM32F0xx_HAL_Driver/Src/stm32f0xx_hal_rcc.c ****   * @file    stm32f0xx_hal_rcc.c
   4:Drivers/STM32F0xx_HAL_Driver/Src/stm32f0xx_hal_rcc.c ****   * @author  MCD Application Team
   5:Drivers/STM32F0xx_HAL_Driver/Src/stm32f0xx_hal_rcc.c ****   * @brief   RCC HAL module driver.
   6:Drivers/STM32F0xx_HAL_Driver/Src/stm32f0xx_hal_rcc.c ****   *          This file provides firmware functions to manage the following 
   7:Drivers/STM32F0xx_HAL_Driver/Src/stm32f0xx_hal_rcc.c ****   *          functionalities of the Reset and Clock Control (RCC) peripheral:
   8:Drivers/STM32F0xx_HAL_Driver/Src/stm32f0xx_hal_rcc.c ****   *           + Initialization and de-initialization functions
   9:Drivers/STM32F0xx_HAL_Driver/Src/stm32f0xx_hal_rcc.c ****   *           + Peripheral Control functions
  10:Drivers/STM32F0xx_HAL_Driver/Src/stm32f0xx_hal_rcc.c ****   *       
  11:Drivers/STM32F0xx_HAL_Driver/Src/stm32f0xx_hal_rcc.c ****   @verbatim                
  12:Drivers/STM32F0xx_HAL_Driver/Src/stm32f0xx_hal_rcc.c ****   ==============================================================================
  13:Drivers/STM32F0xx_HAL_Driver/Src/stm32f0xx_hal_rcc.c ****                       ##### RCC specific features #####
  14:Drivers/STM32F0xx_HAL_Driver/Src/stm32f0xx_hal_rcc.c ****   ==============================================================================
  15:Drivers/STM32F0xx_HAL_Driver/Src/stm32f0xx_hal_rcc.c ****     [..]  
  16:Drivers/STM32F0xx_HAL_Driver/Src/stm32f0xx_hal_rcc.c ****       After reset the device is running from Internal High Speed oscillator
  17:Drivers/STM32F0xx_HAL_Driver/Src/stm32f0xx_hal_rcc.c ****       (HSI 8MHz) with Flash 0 wait state, Flash prefetch buffer is disabled, 
  18:Drivers/STM32F0xx_HAL_Driver/Src/stm32f0xx_hal_rcc.c ****       and all peripherals are off except internal SRAM, Flash and JTAG.
  19:Drivers/STM32F0xx_HAL_Driver/Src/stm32f0xx_hal_rcc.c ****       (+) There is no prescaler on High speed (AHB) and Low speed (APB) buses;
  20:Drivers/STM32F0xx_HAL_Driver/Src/stm32f0xx_hal_rcc.c ****           all peripherals mapped on these buses are running at HSI speed.
  21:Drivers/STM32F0xx_HAL_Driver/Src/stm32f0xx_hal_rcc.c ****       (+) The clock for all peripherals is switched off, except the SRAM and FLASH.
  22:Drivers/STM32F0xx_HAL_Driver/Src/stm32f0xx_hal_rcc.c ****       (+) All GPIOs are in input floating state, except the JTAG pins which
  23:Drivers/STM32F0xx_HAL_Driver/Src/stm32f0xx_hal_rcc.c ****           are assigned to be used for debug purpose.
  24:Drivers/STM32F0xx_HAL_Driver/Src/stm32f0xx_hal_rcc.c ****     [..] Once the device started from reset, the user application has to:
  25:Drivers/STM32F0xx_HAL_Driver/Src/stm32f0xx_hal_rcc.c ****       (+) Configure the clock source to be used to drive the System clock
  26:Drivers/STM32F0xx_HAL_Driver/Src/stm32f0xx_hal_rcc.c ****           (if the application needs higher frequency/performance)
  27:Drivers/STM32F0xx_HAL_Driver/Src/stm32f0xx_hal_rcc.c ****       (+) Configure the System clock frequency and Flash settings  
  28:Drivers/STM32F0xx_HAL_Driver/Src/stm32f0xx_hal_rcc.c ****       (+) Configure the AHB and APB buses prescalers
  29:Drivers/STM32F0xx_HAL_Driver/Src/stm32f0xx_hal_rcc.c ****       (+) Enable the clock for the peripheral(s) to be used
  30:Drivers/STM32F0xx_HAL_Driver/Src/stm32f0xx_hal_rcc.c ****       (+) Configure the clock source(s) for peripherals whose clocks are not
  31:Drivers/STM32F0xx_HAL_Driver/Src/stm32f0xx_hal_rcc.c ****           derived from the System clock (RTC, ADC, I2C, USART, TIM, USB FS, etc..)
  32:Drivers/STM32F0xx_HAL_Driver/Src/stm32f0xx_hal_rcc.c **** 
ARM GAS  /tmp/cc0vgH7k.s 			page 2


  33:Drivers/STM32F0xx_HAL_Driver/Src/stm32f0xx_hal_rcc.c ****                       ##### RCC Limitations #####
  34:Drivers/STM32F0xx_HAL_Driver/Src/stm32f0xx_hal_rcc.c ****   ==============================================================================
  35:Drivers/STM32F0xx_HAL_Driver/Src/stm32f0xx_hal_rcc.c ****     [..]  
  36:Drivers/STM32F0xx_HAL_Driver/Src/stm32f0xx_hal_rcc.c ****       A delay between an RCC peripheral clock enable and the effective peripheral 
  37:Drivers/STM32F0xx_HAL_Driver/Src/stm32f0xx_hal_rcc.c ****       enabling should be taken into account in order to manage the peripheral read/write 
  38:Drivers/STM32F0xx_HAL_Driver/Src/stm32f0xx_hal_rcc.c ****       from/to registers.
  39:Drivers/STM32F0xx_HAL_Driver/Src/stm32f0xx_hal_rcc.c ****       (+) This delay depends on the peripheral mapping.
  40:Drivers/STM32F0xx_HAL_Driver/Src/stm32f0xx_hal_rcc.c ****         (++) AHB & APB peripherals, 1 dummy read is necessary
  41:Drivers/STM32F0xx_HAL_Driver/Src/stm32f0xx_hal_rcc.c **** 
  42:Drivers/STM32F0xx_HAL_Driver/Src/stm32f0xx_hal_rcc.c ****     [..]  
  43:Drivers/STM32F0xx_HAL_Driver/Src/stm32f0xx_hal_rcc.c ****       Workarounds:
  44:Drivers/STM32F0xx_HAL_Driver/Src/stm32f0xx_hal_rcc.c ****       (#) For AHB & APB peripherals, a dummy read to the peripheral register has been
  45:Drivers/STM32F0xx_HAL_Driver/Src/stm32f0xx_hal_rcc.c ****           inserted in each __HAL_RCC_PPP_CLK_ENABLE() macro.
  46:Drivers/STM32F0xx_HAL_Driver/Src/stm32f0xx_hal_rcc.c **** 
  47:Drivers/STM32F0xx_HAL_Driver/Src/stm32f0xx_hal_rcc.c ****   @endverbatim
  48:Drivers/STM32F0xx_HAL_Driver/Src/stm32f0xx_hal_rcc.c ****   ******************************************************************************
  49:Drivers/STM32F0xx_HAL_Driver/Src/stm32f0xx_hal_rcc.c ****   * @attention
  50:Drivers/STM32F0xx_HAL_Driver/Src/stm32f0xx_hal_rcc.c ****   *
  51:Drivers/STM32F0xx_HAL_Driver/Src/stm32f0xx_hal_rcc.c ****   * Copyright (c) 2016 STMicroelectronics.
  52:Drivers/STM32F0xx_HAL_Driver/Src/stm32f0xx_hal_rcc.c ****   * All rights reserved.
  53:Drivers/STM32F0xx_HAL_Driver/Src/stm32f0xx_hal_rcc.c ****   *
  54:Drivers/STM32F0xx_HAL_Driver/Src/stm32f0xx_hal_rcc.c ****   * This software is licensed under terms that can be found in the LICENSE file in
  55:Drivers/STM32F0xx_HAL_Driver/Src/stm32f0xx_hal_rcc.c ****   * the root directory of this software component.
  56:Drivers/STM32F0xx_HAL_Driver/Src/stm32f0xx_hal_rcc.c ****   * If no LICENSE file comes with this software, it is provided AS-IS.
  57:Drivers/STM32F0xx_HAL_Driver/Src/stm32f0xx_hal_rcc.c ****   ******************************************************************************
  58:Drivers/STM32F0xx_HAL_Driver/Src/stm32f0xx_hal_rcc.c ****   */
  59:Drivers/STM32F0xx_HAL_Driver/Src/stm32f0xx_hal_rcc.c **** 
  60:Drivers/STM32F0xx_HAL_Driver/Src/stm32f0xx_hal_rcc.c **** /* Includes ------------------------------------------------------------------*/
  61:Drivers/STM32F0xx_HAL_Driver/Src/stm32f0xx_hal_rcc.c **** #include "stm32f0xx_hal.h"
  62:Drivers/STM32F0xx_HAL_Driver/Src/stm32f0xx_hal_rcc.c **** 
  63:Drivers/STM32F0xx_HAL_Driver/Src/stm32f0xx_hal_rcc.c **** /** @addtogroup STM32F0xx_HAL_Driver
  64:Drivers/STM32F0xx_HAL_Driver/Src/stm32f0xx_hal_rcc.c ****   * @{
  65:Drivers/STM32F0xx_HAL_Driver/Src/stm32f0xx_hal_rcc.c ****   */
  66:Drivers/STM32F0xx_HAL_Driver/Src/stm32f0xx_hal_rcc.c **** 
  67:Drivers/STM32F0xx_HAL_Driver/Src/stm32f0xx_hal_rcc.c **** /** @defgroup RCC RCC
  68:Drivers/STM32F0xx_HAL_Driver/Src/stm32f0xx_hal_rcc.c **** * @brief RCC HAL module driver
  69:Drivers/STM32F0xx_HAL_Driver/Src/stm32f0xx_hal_rcc.c ****   * @{
  70:Drivers/STM32F0xx_HAL_Driver/Src/stm32f0xx_hal_rcc.c ****   */
  71:Drivers/STM32F0xx_HAL_Driver/Src/stm32f0xx_hal_rcc.c **** 
  72:Drivers/STM32F0xx_HAL_Driver/Src/stm32f0xx_hal_rcc.c **** #ifdef HAL_RCC_MODULE_ENABLED
  73:Drivers/STM32F0xx_HAL_Driver/Src/stm32f0xx_hal_rcc.c **** 
  74:Drivers/STM32F0xx_HAL_Driver/Src/stm32f0xx_hal_rcc.c **** /* Private typedef -----------------------------------------------------------*/
  75:Drivers/STM32F0xx_HAL_Driver/Src/stm32f0xx_hal_rcc.c **** /* Private define ------------------------------------------------------------*/
  76:Drivers/STM32F0xx_HAL_Driver/Src/stm32f0xx_hal_rcc.c **** /** @defgroup RCC_Private_Constants RCC Private Constants
  77:Drivers/STM32F0xx_HAL_Driver/Src/stm32f0xx_hal_rcc.c ****  * @{
  78:Drivers/STM32F0xx_HAL_Driver/Src/stm32f0xx_hal_rcc.c ****  */
  79:Drivers/STM32F0xx_HAL_Driver/Src/stm32f0xx_hal_rcc.c **** /**
  80:Drivers/STM32F0xx_HAL_Driver/Src/stm32f0xx_hal_rcc.c ****   * @}
  81:Drivers/STM32F0xx_HAL_Driver/Src/stm32f0xx_hal_rcc.c ****   */
  82:Drivers/STM32F0xx_HAL_Driver/Src/stm32f0xx_hal_rcc.c **** /* Private macro -------------------------------------------------------------*/
  83:Drivers/STM32F0xx_HAL_Driver/Src/stm32f0xx_hal_rcc.c **** /** @defgroup RCC_Private_Macros RCC Private Macros
  84:Drivers/STM32F0xx_HAL_Driver/Src/stm32f0xx_hal_rcc.c ****   * @{
  85:Drivers/STM32F0xx_HAL_Driver/Src/stm32f0xx_hal_rcc.c ****   */
  86:Drivers/STM32F0xx_HAL_Driver/Src/stm32f0xx_hal_rcc.c **** 
  87:Drivers/STM32F0xx_HAL_Driver/Src/stm32f0xx_hal_rcc.c **** #define MCO1_CLK_ENABLE()     __HAL_RCC_GPIOA_CLK_ENABLE()
  88:Drivers/STM32F0xx_HAL_Driver/Src/stm32f0xx_hal_rcc.c **** #define MCO1_GPIO_PORT        GPIOA
  89:Drivers/STM32F0xx_HAL_Driver/Src/stm32f0xx_hal_rcc.c **** #define MCO1_PIN              GPIO_PIN_8
ARM GAS  /tmp/cc0vgH7k.s 			page 3


  90:Drivers/STM32F0xx_HAL_Driver/Src/stm32f0xx_hal_rcc.c **** 
  91:Drivers/STM32F0xx_HAL_Driver/Src/stm32f0xx_hal_rcc.c **** /**
  92:Drivers/STM32F0xx_HAL_Driver/Src/stm32f0xx_hal_rcc.c ****   * @}
  93:Drivers/STM32F0xx_HAL_Driver/Src/stm32f0xx_hal_rcc.c ****   */
  94:Drivers/STM32F0xx_HAL_Driver/Src/stm32f0xx_hal_rcc.c **** 
  95:Drivers/STM32F0xx_HAL_Driver/Src/stm32f0xx_hal_rcc.c **** /* Private variables ---------------------------------------------------------*/
  96:Drivers/STM32F0xx_HAL_Driver/Src/stm32f0xx_hal_rcc.c **** /** @defgroup RCC_Private_Variables RCC Private Variables
  97:Drivers/STM32F0xx_HAL_Driver/Src/stm32f0xx_hal_rcc.c ****   * @{
  98:Drivers/STM32F0xx_HAL_Driver/Src/stm32f0xx_hal_rcc.c ****   */
  99:Drivers/STM32F0xx_HAL_Driver/Src/stm32f0xx_hal_rcc.c **** /**
 100:Drivers/STM32F0xx_HAL_Driver/Src/stm32f0xx_hal_rcc.c ****   * @}
 101:Drivers/STM32F0xx_HAL_Driver/Src/stm32f0xx_hal_rcc.c ****   */
 102:Drivers/STM32F0xx_HAL_Driver/Src/stm32f0xx_hal_rcc.c **** 
 103:Drivers/STM32F0xx_HAL_Driver/Src/stm32f0xx_hal_rcc.c **** /* Private function prototypes -----------------------------------------------*/
 104:Drivers/STM32F0xx_HAL_Driver/Src/stm32f0xx_hal_rcc.c **** /* Exported functions ---------------------------------------------------------*/
 105:Drivers/STM32F0xx_HAL_Driver/Src/stm32f0xx_hal_rcc.c **** 
 106:Drivers/STM32F0xx_HAL_Driver/Src/stm32f0xx_hal_rcc.c **** /** @defgroup RCC_Exported_Functions RCC Exported Functions
 107:Drivers/STM32F0xx_HAL_Driver/Src/stm32f0xx_hal_rcc.c ****   * @{
 108:Drivers/STM32F0xx_HAL_Driver/Src/stm32f0xx_hal_rcc.c ****   */
 109:Drivers/STM32F0xx_HAL_Driver/Src/stm32f0xx_hal_rcc.c **** 
 110:Drivers/STM32F0xx_HAL_Driver/Src/stm32f0xx_hal_rcc.c **** /** @defgroup RCC_Exported_Functions_Group1 Initialization and de-initialization functions 
 111:Drivers/STM32F0xx_HAL_Driver/Src/stm32f0xx_hal_rcc.c ****   *  @brief    Initialization and Configuration functions 
 112:Drivers/STM32F0xx_HAL_Driver/Src/stm32f0xx_hal_rcc.c ****   *
 113:Drivers/STM32F0xx_HAL_Driver/Src/stm32f0xx_hal_rcc.c ****   @verbatim    
 114:Drivers/STM32F0xx_HAL_Driver/Src/stm32f0xx_hal_rcc.c ****   ===============================================================================
 115:Drivers/STM32F0xx_HAL_Driver/Src/stm32f0xx_hal_rcc.c ****            ##### Initialization and de-initialization functions #####
 116:Drivers/STM32F0xx_HAL_Driver/Src/stm32f0xx_hal_rcc.c ****   ===============================================================================
 117:Drivers/STM32F0xx_HAL_Driver/Src/stm32f0xx_hal_rcc.c ****     [..]
 118:Drivers/STM32F0xx_HAL_Driver/Src/stm32f0xx_hal_rcc.c ****       This section provides functions allowing to configure the internal/external oscillators
 119:Drivers/STM32F0xx_HAL_Driver/Src/stm32f0xx_hal_rcc.c ****       (HSE, HSI, HSI14, HSI48, LSE, LSI, PLL, CSS and MCO) and the System buses clocks (SYSCLK, 
 120:Drivers/STM32F0xx_HAL_Driver/Src/stm32f0xx_hal_rcc.c ****       AHB and APB1).
 121:Drivers/STM32F0xx_HAL_Driver/Src/stm32f0xx_hal_rcc.c **** 
 122:Drivers/STM32F0xx_HAL_Driver/Src/stm32f0xx_hal_rcc.c ****     [..] Internal/external clock and PLL configuration
 123:Drivers/STM32F0xx_HAL_Driver/Src/stm32f0xx_hal_rcc.c ****       (#) HSI (high-speed internal), 8 MHz factory-trimmed RC used directly or through
 124:Drivers/STM32F0xx_HAL_Driver/Src/stm32f0xx_hal_rcc.c ****           the PLL as System clock source.
 125:Drivers/STM32F0xx_HAL_Driver/Src/stm32f0xx_hal_rcc.c ****           The HSI clock can be used also to clock the USART and I2C peripherals.
 126:Drivers/STM32F0xx_HAL_Driver/Src/stm32f0xx_hal_rcc.c **** 
 127:Drivers/STM32F0xx_HAL_Driver/Src/stm32f0xx_hal_rcc.c ****       (#) HSI14 (high-speed internal), 14 MHz factory-trimmed RC used directly to clock 
 128:Drivers/STM32F0xx_HAL_Driver/Src/stm32f0xx_hal_rcc.c ****           the ADC peripheral.
 129:Drivers/STM32F0xx_HAL_Driver/Src/stm32f0xx_hal_rcc.c **** 
 130:Drivers/STM32F0xx_HAL_Driver/Src/stm32f0xx_hal_rcc.c ****       (#) LSI (low-speed internal), ~40 KHz low consumption RC used as IWDG and/or RTC
 131:Drivers/STM32F0xx_HAL_Driver/Src/stm32f0xx_hal_rcc.c ****           clock source.
 132:Drivers/STM32F0xx_HAL_Driver/Src/stm32f0xx_hal_rcc.c **** 
 133:Drivers/STM32F0xx_HAL_Driver/Src/stm32f0xx_hal_rcc.c ****       (#) HSE (high-speed external), 4 to 32 MHz crystal oscillator used directly or
 134:Drivers/STM32F0xx_HAL_Driver/Src/stm32f0xx_hal_rcc.c ****           through the PLL as System clock source. Can be used also as RTC clock source.
 135:Drivers/STM32F0xx_HAL_Driver/Src/stm32f0xx_hal_rcc.c **** 
 136:Drivers/STM32F0xx_HAL_Driver/Src/stm32f0xx_hal_rcc.c ****       (#) LSE (low-speed external), 32 KHz oscillator used as RTC clock source.   
 137:Drivers/STM32F0xx_HAL_Driver/Src/stm32f0xx_hal_rcc.c **** 
 138:Drivers/STM32F0xx_HAL_Driver/Src/stm32f0xx_hal_rcc.c ****       (#) PLL (clocked by HSI, HSI48 or HSE), featuring different output clocks:
 139:Drivers/STM32F0xx_HAL_Driver/Src/stm32f0xx_hal_rcc.c ****        (++) The first output is used to generate the high speed system clock (up to 48 MHz)
 140:Drivers/STM32F0xx_HAL_Driver/Src/stm32f0xx_hal_rcc.c ****        (++) The second output is used to generate the clock for the USB FS (48 MHz)
 141:Drivers/STM32F0xx_HAL_Driver/Src/stm32f0xx_hal_rcc.c ****        (++) The third output may be used to generate the clock for the TIM, I2C and USART 
 142:Drivers/STM32F0xx_HAL_Driver/Src/stm32f0xx_hal_rcc.c ****             peripherals (up to 48 MHz)
 143:Drivers/STM32F0xx_HAL_Driver/Src/stm32f0xx_hal_rcc.c **** 
 144:Drivers/STM32F0xx_HAL_Driver/Src/stm32f0xx_hal_rcc.c ****       (#) CSS (Clock security system), once enable using the macro __HAL_RCC_CSS_ENABLE()
 145:Drivers/STM32F0xx_HAL_Driver/Src/stm32f0xx_hal_rcc.c ****           and if a HSE clock failure occurs(HSE used directly or through PLL as System 
 146:Drivers/STM32F0xx_HAL_Driver/Src/stm32f0xx_hal_rcc.c ****           clock source), the System clocks automatically switched to HSI and an interrupt
ARM GAS  /tmp/cc0vgH7k.s 			page 4


 147:Drivers/STM32F0xx_HAL_Driver/Src/stm32f0xx_hal_rcc.c ****           is generated if enabled. The interrupt is linked to the Cortex-M0 NMI 
 148:Drivers/STM32F0xx_HAL_Driver/Src/stm32f0xx_hal_rcc.c ****           (Non-Maskable Interrupt) exception vector.   
 149:Drivers/STM32F0xx_HAL_Driver/Src/stm32f0xx_hal_rcc.c **** 
 150:Drivers/STM32F0xx_HAL_Driver/Src/stm32f0xx_hal_rcc.c ****       (#) MCO (microcontroller clock output), used to output SYSCLK, HSI, HSE, LSI, LSE or PLL
 151:Drivers/STM32F0xx_HAL_Driver/Src/stm32f0xx_hal_rcc.c ****           clock (divided by 2) output on pin (such as PA8 pin).
 152:Drivers/STM32F0xx_HAL_Driver/Src/stm32f0xx_hal_rcc.c **** 
 153:Drivers/STM32F0xx_HAL_Driver/Src/stm32f0xx_hal_rcc.c ****     [..] System, AHB and APB buses clocks configuration
 154:Drivers/STM32F0xx_HAL_Driver/Src/stm32f0xx_hal_rcc.c ****       (#) Several clock sources can be used to drive the System clock (SYSCLK): HSI,
 155:Drivers/STM32F0xx_HAL_Driver/Src/stm32f0xx_hal_rcc.c ****           HSE and PLL.
 156:Drivers/STM32F0xx_HAL_Driver/Src/stm32f0xx_hal_rcc.c ****           The AHB clock (HCLK) is derived from System clock through configurable
 157:Drivers/STM32F0xx_HAL_Driver/Src/stm32f0xx_hal_rcc.c ****           prescaler and used to clock the CPU, memory and peripherals mapped
 158:Drivers/STM32F0xx_HAL_Driver/Src/stm32f0xx_hal_rcc.c ****           on AHB bus (DMA, GPIO...). APB1 (PCLK1) clock is derived
 159:Drivers/STM32F0xx_HAL_Driver/Src/stm32f0xx_hal_rcc.c ****           from AHB clock through configurable prescalers and used to clock
 160:Drivers/STM32F0xx_HAL_Driver/Src/stm32f0xx_hal_rcc.c ****           the peripherals mapped on these buses. You can use
 161:Drivers/STM32F0xx_HAL_Driver/Src/stm32f0xx_hal_rcc.c ****           "HAL_RCC_GetSysClockFreq()" function to retrieve the frequencies of these clocks.
 162:Drivers/STM32F0xx_HAL_Driver/Src/stm32f0xx_hal_rcc.c **** 
 163:Drivers/STM32F0xx_HAL_Driver/Src/stm32f0xx_hal_rcc.c ****       (#) All the peripheral clocks are derived from the System clock (SYSCLK) except:
 164:Drivers/STM32F0xx_HAL_Driver/Src/stm32f0xx_hal_rcc.c ****         (++) The FLASH program/erase clock  which is always HSI 8MHz clock.
 165:Drivers/STM32F0xx_HAL_Driver/Src/stm32f0xx_hal_rcc.c ****         (++) The USB 48 MHz clock which is derived from the PLL VCO clock.
 166:Drivers/STM32F0xx_HAL_Driver/Src/stm32f0xx_hal_rcc.c ****         (++) The USART clock which can be derived as well from HSI 8MHz, LSI or LSE.
 167:Drivers/STM32F0xx_HAL_Driver/Src/stm32f0xx_hal_rcc.c ****         (++) The I2C clock which can be derived as well from HSI 8MHz clock.
 168:Drivers/STM32F0xx_HAL_Driver/Src/stm32f0xx_hal_rcc.c ****         (++) The ADC clock which is derived from PLL output.
 169:Drivers/STM32F0xx_HAL_Driver/Src/stm32f0xx_hal_rcc.c ****         (++) The RTC clock which is derived from the LSE, LSI or 1 MHz HSE_RTC
 170:Drivers/STM32F0xx_HAL_Driver/Src/stm32f0xx_hal_rcc.c ****              (HSE divided by a programmable prescaler). The System clock (SYSCLK)
 171:Drivers/STM32F0xx_HAL_Driver/Src/stm32f0xx_hal_rcc.c ****              frequency must be higher or equal to the RTC clock frequency.
 172:Drivers/STM32F0xx_HAL_Driver/Src/stm32f0xx_hal_rcc.c ****         (++) IWDG clock which is always the LSI clock.
 173:Drivers/STM32F0xx_HAL_Driver/Src/stm32f0xx_hal_rcc.c **** 
 174:Drivers/STM32F0xx_HAL_Driver/Src/stm32f0xx_hal_rcc.c ****       (#) For the STM32F0xx devices, the maximum frequency of the SYSCLK, HCLK and PCLK1 is 48 MHz,
 175:Drivers/STM32F0xx_HAL_Driver/Src/stm32f0xx_hal_rcc.c ****           Depending on the SYSCLK frequency, the flash latency should be adapted accordingly.
 176:Drivers/STM32F0xx_HAL_Driver/Src/stm32f0xx_hal_rcc.c **** 
 177:Drivers/STM32F0xx_HAL_Driver/Src/stm32f0xx_hal_rcc.c ****       (#) After reset, the System clock source is the HSI (8 MHz) with 0 WS and
 178:Drivers/STM32F0xx_HAL_Driver/Src/stm32f0xx_hal_rcc.c ****           prefetch is disabled.
 179:Drivers/STM32F0xx_HAL_Driver/Src/stm32f0xx_hal_rcc.c ****   @endverbatim
 180:Drivers/STM32F0xx_HAL_Driver/Src/stm32f0xx_hal_rcc.c ****   * @{
 181:Drivers/STM32F0xx_HAL_Driver/Src/stm32f0xx_hal_rcc.c ****   */
 182:Drivers/STM32F0xx_HAL_Driver/Src/stm32f0xx_hal_rcc.c ****   
 183:Drivers/STM32F0xx_HAL_Driver/Src/stm32f0xx_hal_rcc.c **** /*
 184:Drivers/STM32F0xx_HAL_Driver/Src/stm32f0xx_hal_rcc.c ****   Additional consideration on the SYSCLK based on Latency settings:
 185:Drivers/STM32F0xx_HAL_Driver/Src/stm32f0xx_hal_rcc.c ****           +-----------------------------------------------+
 186:Drivers/STM32F0xx_HAL_Driver/Src/stm32f0xx_hal_rcc.c ****           | Latency       | SYSCLK clock frequency (MHz)  |
 187:Drivers/STM32F0xx_HAL_Driver/Src/stm32f0xx_hal_rcc.c ****           |---------------|-------------------------------|
 188:Drivers/STM32F0xx_HAL_Driver/Src/stm32f0xx_hal_rcc.c ****           |0WS(1CPU cycle)|       0 < SYSCLK <= 24        |
 189:Drivers/STM32F0xx_HAL_Driver/Src/stm32f0xx_hal_rcc.c ****           |---------------|-------------------------------|
 190:Drivers/STM32F0xx_HAL_Driver/Src/stm32f0xx_hal_rcc.c ****           |1WS(2CPU cycle)|      24 < SYSCLK <= 48        |
 191:Drivers/STM32F0xx_HAL_Driver/Src/stm32f0xx_hal_rcc.c ****           +-----------------------------------------------+
 192:Drivers/STM32F0xx_HAL_Driver/Src/stm32f0xx_hal_rcc.c ****   */
 193:Drivers/STM32F0xx_HAL_Driver/Src/stm32f0xx_hal_rcc.c **** 
 194:Drivers/STM32F0xx_HAL_Driver/Src/stm32f0xx_hal_rcc.c **** /**
 195:Drivers/STM32F0xx_HAL_Driver/Src/stm32f0xx_hal_rcc.c ****   * @brief  Resets the RCC clock configuration to the default reset state.
 196:Drivers/STM32F0xx_HAL_Driver/Src/stm32f0xx_hal_rcc.c ****   * @note   The default reset state of the clock configuration is given below:
 197:Drivers/STM32F0xx_HAL_Driver/Src/stm32f0xx_hal_rcc.c ****   *            - HSI ON and used as system clock source
 198:Drivers/STM32F0xx_HAL_Driver/Src/stm32f0xx_hal_rcc.c ****   *            - HSE and PLL OFF
 199:Drivers/STM32F0xx_HAL_Driver/Src/stm32f0xx_hal_rcc.c ****   *            - AHB, APB1 prescaler set to 1.
 200:Drivers/STM32F0xx_HAL_Driver/Src/stm32f0xx_hal_rcc.c ****   *            - CSS and MCO1 OFF
 201:Drivers/STM32F0xx_HAL_Driver/Src/stm32f0xx_hal_rcc.c ****   *            - All interrupts disabled
 202:Drivers/STM32F0xx_HAL_Driver/Src/stm32f0xx_hal_rcc.c ****   *            - All interrupt and reset flags cleared
 203:Drivers/STM32F0xx_HAL_Driver/Src/stm32f0xx_hal_rcc.c ****   * @note   This function does not modify the configuration of the
ARM GAS  /tmp/cc0vgH7k.s 			page 5


 204:Drivers/STM32F0xx_HAL_Driver/Src/stm32f0xx_hal_rcc.c ****   *            - Peripheral clocks
 205:Drivers/STM32F0xx_HAL_Driver/Src/stm32f0xx_hal_rcc.c ****   *            - LSI, LSE and RTC clocks
 206:Drivers/STM32F0xx_HAL_Driver/Src/stm32f0xx_hal_rcc.c ****   * @retval HAL status
 207:Drivers/STM32F0xx_HAL_Driver/Src/stm32f0xx_hal_rcc.c ****   */
 208:Drivers/STM32F0xx_HAL_Driver/Src/stm32f0xx_hal_rcc.c **** HAL_StatusTypeDef HAL_RCC_DeInit(void)
 209:Drivers/STM32F0xx_HAL_Driver/Src/stm32f0xx_hal_rcc.c **** {
  27              		.loc 1 209 1 view -0
  28              		.cfi_startproc
  29              		@ args = 0, pretend = 0, frame = 0
  30              		@ frame_needed = 0, uses_anonymous_args = 0
  31 0000 70B5     		push	{r4, r5, r6, lr}
  32              	.LCFI0:
  33              		.cfi_def_cfa_offset 16
  34              		.cfi_offset 4, -16
  35              		.cfi_offset 5, -12
  36              		.cfi_offset 6, -8
  37              		.cfi_offset 14, -4
 210:Drivers/STM32F0xx_HAL_Driver/Src/stm32f0xx_hal_rcc.c ****   uint32_t tickstart;
  38              		.loc 1 210 3 view .LVU1
 211:Drivers/STM32F0xx_HAL_Driver/Src/stm32f0xx_hal_rcc.c **** 
 212:Drivers/STM32F0xx_HAL_Driver/Src/stm32f0xx_hal_rcc.c ****   /* Get Start Tick*/
 213:Drivers/STM32F0xx_HAL_Driver/Src/stm32f0xx_hal_rcc.c ****   tickstart = HAL_GetTick();
  39              		.loc 1 213 3 view .LVU2
  40              		.loc 1 213 15 is_stmt 0 view .LVU3
  41 0002 FFF7FEFF 		bl	HAL_GetTick
  42              	.LVL0:
  43 0006 0400     		movs	r4, r0
  44              	.LVL1:
 214:Drivers/STM32F0xx_HAL_Driver/Src/stm32f0xx_hal_rcc.c ****   
 215:Drivers/STM32F0xx_HAL_Driver/Src/stm32f0xx_hal_rcc.c ****   /* Set HSION bit, HSITRIM[4:0] bits to the reset value*/
 216:Drivers/STM32F0xx_HAL_Driver/Src/stm32f0xx_hal_rcc.c ****   SET_BIT(RCC->CR, RCC_CR_HSION | RCC_CR_HSITRIM_4); 
  45              		.loc 1 216 3 is_stmt 1 view .LVU4
  46 0008 284A     		ldr	r2, .L17
  47 000a 1368     		ldr	r3, [r2]
  48 000c 8121     		movs	r1, #129
  49 000e 0B43     		orrs	r3, r1
  50 0010 1360     		str	r3, [r2]
 217:Drivers/STM32F0xx_HAL_Driver/Src/stm32f0xx_hal_rcc.c **** 
 218:Drivers/STM32F0xx_HAL_Driver/Src/stm32f0xx_hal_rcc.c ****   /* Wait till HSI is ready */
 219:Drivers/STM32F0xx_HAL_Driver/Src/stm32f0xx_hal_rcc.c ****   while (READ_BIT(RCC->CR, RCC_CR_HSIRDY) == RESET)
  51              		.loc 1 219 3 view .LVU5
  52              	.LVL2:
  53              	.L2:
  54              		.loc 1 219 43 view .LVU6
  55              		.loc 1 219 10 is_stmt 0 view .LVU7
  56 0012 264B     		ldr	r3, .L17
  57 0014 1B68     		ldr	r3, [r3]
  58              		.loc 1 219 43 view .LVU8
  59 0016 9B07     		lsls	r3, r3, #30
  60 0018 07D4     		bmi	.L13
 220:Drivers/STM32F0xx_HAL_Driver/Src/stm32f0xx_hal_rcc.c ****   {
 221:Drivers/STM32F0xx_HAL_Driver/Src/stm32f0xx_hal_rcc.c ****     if ((HAL_GetTick() - tickstart) > HSI_TIMEOUT_VALUE)
  61              		.loc 1 221 5 is_stmt 1 view .LVU9
  62              		.loc 1 221 10 is_stmt 0 view .LVU10
  63 001a FFF7FEFF 		bl	HAL_GetTick
  64              	.LVL3:
  65              		.loc 1 221 24 discriminator 1 view .LVU11
ARM GAS  /tmp/cc0vgH7k.s 			page 6


  66 001e 001B     		subs	r0, r0, r4
  67              		.loc 1 221 8 discriminator 1 view .LVU12
  68 0020 0228     		cmp	r0, #2
  69 0022 F6D9     		bls	.L2
 222:Drivers/STM32F0xx_HAL_Driver/Src/stm32f0xx_hal_rcc.c ****     {
 223:Drivers/STM32F0xx_HAL_Driver/Src/stm32f0xx_hal_rcc.c ****       return HAL_TIMEOUT;
  70              		.loc 1 223 14 view .LVU13
  71 0024 0324     		movs	r4, #3
  72              	.LVL4:
  73              	.L3:
 224:Drivers/STM32F0xx_HAL_Driver/Src/stm32f0xx_hal_rcc.c ****     }
 225:Drivers/STM32F0xx_HAL_Driver/Src/stm32f0xx_hal_rcc.c ****   }
 226:Drivers/STM32F0xx_HAL_Driver/Src/stm32f0xx_hal_rcc.c **** 
 227:Drivers/STM32F0xx_HAL_Driver/Src/stm32f0xx_hal_rcc.c ****   /* Reset SW[1:0], HPRE[3:0], PPRE[2:0] and MCOSEL[2:0] bits */
 228:Drivers/STM32F0xx_HAL_Driver/Src/stm32f0xx_hal_rcc.c ****   CLEAR_BIT(RCC->CFGR, RCC_CFGR_SW | RCC_CFGR_HPRE | RCC_CFGR_PPRE | RCC_CFGR_MCO);
 229:Drivers/STM32F0xx_HAL_Driver/Src/stm32f0xx_hal_rcc.c **** 
 230:Drivers/STM32F0xx_HAL_Driver/Src/stm32f0xx_hal_rcc.c ****   /* Wait till HSI as SYSCLK status is enabled */
 231:Drivers/STM32F0xx_HAL_Driver/Src/stm32f0xx_hal_rcc.c ****   while (READ_BIT(RCC->CFGR, RCC_CFGR_SWS) != RESET)
 232:Drivers/STM32F0xx_HAL_Driver/Src/stm32f0xx_hal_rcc.c ****   {
 233:Drivers/STM32F0xx_HAL_Driver/Src/stm32f0xx_hal_rcc.c ****     if ((HAL_GetTick() - tickstart) > CLOCKSWITCH_TIMEOUT_VALUE)
 234:Drivers/STM32F0xx_HAL_Driver/Src/stm32f0xx_hal_rcc.c ****     {
 235:Drivers/STM32F0xx_HAL_Driver/Src/stm32f0xx_hal_rcc.c ****       return HAL_TIMEOUT;
 236:Drivers/STM32F0xx_HAL_Driver/Src/stm32f0xx_hal_rcc.c ****     }
 237:Drivers/STM32F0xx_HAL_Driver/Src/stm32f0xx_hal_rcc.c ****   }
 238:Drivers/STM32F0xx_HAL_Driver/Src/stm32f0xx_hal_rcc.c **** 
 239:Drivers/STM32F0xx_HAL_Driver/Src/stm32f0xx_hal_rcc.c ****   /* Update the SystemCoreClock global variable for HSI as system clock source */
 240:Drivers/STM32F0xx_HAL_Driver/Src/stm32f0xx_hal_rcc.c ****   SystemCoreClock = HSI_VALUE;
 241:Drivers/STM32F0xx_HAL_Driver/Src/stm32f0xx_hal_rcc.c **** 
 242:Drivers/STM32F0xx_HAL_Driver/Src/stm32f0xx_hal_rcc.c ****   /* Adapt Systick interrupt period */
 243:Drivers/STM32F0xx_HAL_Driver/Src/stm32f0xx_hal_rcc.c ****   if (HAL_InitTick(uwTickPrio) != HAL_OK)
 244:Drivers/STM32F0xx_HAL_Driver/Src/stm32f0xx_hal_rcc.c ****   {
 245:Drivers/STM32F0xx_HAL_Driver/Src/stm32f0xx_hal_rcc.c ****     return HAL_ERROR;
 246:Drivers/STM32F0xx_HAL_Driver/Src/stm32f0xx_hal_rcc.c ****   }
 247:Drivers/STM32F0xx_HAL_Driver/Src/stm32f0xx_hal_rcc.c **** 
 248:Drivers/STM32F0xx_HAL_Driver/Src/stm32f0xx_hal_rcc.c ****   /* Reset HSEON, CSSON, PLLON bits */
 249:Drivers/STM32F0xx_HAL_Driver/Src/stm32f0xx_hal_rcc.c ****   CLEAR_BIT(RCC->CR, RCC_CR_PLLON | RCC_CR_CSSON | RCC_CR_HSEON);
 250:Drivers/STM32F0xx_HAL_Driver/Src/stm32f0xx_hal_rcc.c ****   
 251:Drivers/STM32F0xx_HAL_Driver/Src/stm32f0xx_hal_rcc.c ****   /* Reset HSEBYP bit */
 252:Drivers/STM32F0xx_HAL_Driver/Src/stm32f0xx_hal_rcc.c ****   CLEAR_BIT(RCC->CR, RCC_CR_HSEBYP);
 253:Drivers/STM32F0xx_HAL_Driver/Src/stm32f0xx_hal_rcc.c **** 
 254:Drivers/STM32F0xx_HAL_Driver/Src/stm32f0xx_hal_rcc.c ****   /* Get start tick */
 255:Drivers/STM32F0xx_HAL_Driver/Src/stm32f0xx_hal_rcc.c ****   tickstart = HAL_GetTick();
 256:Drivers/STM32F0xx_HAL_Driver/Src/stm32f0xx_hal_rcc.c ****   
 257:Drivers/STM32F0xx_HAL_Driver/Src/stm32f0xx_hal_rcc.c ****   /* Wait till PLLRDY is cleared */
 258:Drivers/STM32F0xx_HAL_Driver/Src/stm32f0xx_hal_rcc.c ****   while(READ_BIT(RCC->CR, RCC_CR_PLLRDY) != RESET)
 259:Drivers/STM32F0xx_HAL_Driver/Src/stm32f0xx_hal_rcc.c ****   {
 260:Drivers/STM32F0xx_HAL_Driver/Src/stm32f0xx_hal_rcc.c ****     if((HAL_GetTick() - tickstart) > PLL_TIMEOUT_VALUE)
 261:Drivers/STM32F0xx_HAL_Driver/Src/stm32f0xx_hal_rcc.c ****     {
 262:Drivers/STM32F0xx_HAL_Driver/Src/stm32f0xx_hal_rcc.c ****       return HAL_TIMEOUT;
 263:Drivers/STM32F0xx_HAL_Driver/Src/stm32f0xx_hal_rcc.c ****     }
 264:Drivers/STM32F0xx_HAL_Driver/Src/stm32f0xx_hal_rcc.c ****   }
 265:Drivers/STM32F0xx_HAL_Driver/Src/stm32f0xx_hal_rcc.c **** 
 266:Drivers/STM32F0xx_HAL_Driver/Src/stm32f0xx_hal_rcc.c ****   /* Reset CFGR register */
 267:Drivers/STM32F0xx_HAL_Driver/Src/stm32f0xx_hal_rcc.c ****   CLEAR_REG(RCC->CFGR);
 268:Drivers/STM32F0xx_HAL_Driver/Src/stm32f0xx_hal_rcc.c **** 
 269:Drivers/STM32F0xx_HAL_Driver/Src/stm32f0xx_hal_rcc.c ****   /* Reset CFGR2 register */
 270:Drivers/STM32F0xx_HAL_Driver/Src/stm32f0xx_hal_rcc.c ****   CLEAR_REG(RCC->CFGR2);
ARM GAS  /tmp/cc0vgH7k.s 			page 7


 271:Drivers/STM32F0xx_HAL_Driver/Src/stm32f0xx_hal_rcc.c **** 
 272:Drivers/STM32F0xx_HAL_Driver/Src/stm32f0xx_hal_rcc.c ****   /* Reset CFGR3 register */
 273:Drivers/STM32F0xx_HAL_Driver/Src/stm32f0xx_hal_rcc.c ****   CLEAR_REG(RCC->CFGR3);
 274:Drivers/STM32F0xx_HAL_Driver/Src/stm32f0xx_hal_rcc.c **** 
 275:Drivers/STM32F0xx_HAL_Driver/Src/stm32f0xx_hal_rcc.c ****   /* Disable all interrupts */
 276:Drivers/STM32F0xx_HAL_Driver/Src/stm32f0xx_hal_rcc.c ****   CLEAR_REG(RCC->CIR);
 277:Drivers/STM32F0xx_HAL_Driver/Src/stm32f0xx_hal_rcc.c **** 
 278:Drivers/STM32F0xx_HAL_Driver/Src/stm32f0xx_hal_rcc.c ****   /* Clear all reset flags */
 279:Drivers/STM32F0xx_HAL_Driver/Src/stm32f0xx_hal_rcc.c ****   __HAL_RCC_CLEAR_RESET_FLAGS();
 280:Drivers/STM32F0xx_HAL_Driver/Src/stm32f0xx_hal_rcc.c **** 
 281:Drivers/STM32F0xx_HAL_Driver/Src/stm32f0xx_hal_rcc.c ****   return HAL_OK;
 282:Drivers/STM32F0xx_HAL_Driver/Src/stm32f0xx_hal_rcc.c **** }
  74              		.loc 1 282 1 view .LVU14
  75 0026 2000     		movs	r0, r4
  76              		@ sp needed
  77 0028 70BD     		pop	{r4, r5, r6, pc}
  78              	.LVL5:
  79              	.L13:
 228:Drivers/STM32F0xx_HAL_Driver/Src/stm32f0xx_hal_rcc.c **** 
  80              		.loc 1 228 3 is_stmt 1 view .LVU15
  81 002a 204A     		ldr	r2, .L17
  82 002c 5368     		ldr	r3, [r2, #4]
  83 002e 2049     		ldr	r1, .L17+4
  84 0030 0B40     		ands	r3, r1
  85 0032 5360     		str	r3, [r2, #4]
 231:Drivers/STM32F0xx_HAL_Driver/Src/stm32f0xx_hal_rcc.c ****   {
  86              		.loc 1 231 3 view .LVU16
  87              	.L5:
 231:Drivers/STM32F0xx_HAL_Driver/Src/stm32f0xx_hal_rcc.c ****   {
  88              		.loc 1 231 44 view .LVU17
 231:Drivers/STM32F0xx_HAL_Driver/Src/stm32f0xx_hal_rcc.c ****   {
  89              		.loc 1 231 10 is_stmt 0 view .LVU18
  90 0034 1D4B     		ldr	r3, .L17
  91 0036 5B68     		ldr	r3, [r3, #4]
  92 0038 0C22     		movs	r2, #12
 231:Drivers/STM32F0xx_HAL_Driver/Src/stm32f0xx_hal_rcc.c ****   {
  93              		.loc 1 231 44 view .LVU19
  94 003a 1A42     		tst	r2, r3
  95 003c 07D0     		beq	.L14
 233:Drivers/STM32F0xx_HAL_Driver/Src/stm32f0xx_hal_rcc.c ****     {
  96              		.loc 1 233 5 is_stmt 1 view .LVU20
 233:Drivers/STM32F0xx_HAL_Driver/Src/stm32f0xx_hal_rcc.c ****     {
  97              		.loc 1 233 10 is_stmt 0 view .LVU21
  98 003e FFF7FEFF 		bl	HAL_GetTick
  99              	.LVL6:
 233:Drivers/STM32F0xx_HAL_Driver/Src/stm32f0xx_hal_rcc.c ****     {
 100              		.loc 1 233 24 discriminator 1 view .LVU22
 101 0042 001B     		subs	r0, r0, r4
 233:Drivers/STM32F0xx_HAL_Driver/Src/stm32f0xx_hal_rcc.c ****     {
 102              		.loc 1 233 8 discriminator 1 view .LVU23
 103 0044 1B4B     		ldr	r3, .L17+8
 104 0046 9842     		cmp	r0, r3
 105 0048 F4D9     		bls	.L5
 235:Drivers/STM32F0xx_HAL_Driver/Src/stm32f0xx_hal_rcc.c ****     }
 106              		.loc 1 235 14 view .LVU24
 107 004a 0324     		movs	r4, #3
 108              	.LVL7:
ARM GAS  /tmp/cc0vgH7k.s 			page 8


 235:Drivers/STM32F0xx_HAL_Driver/Src/stm32f0xx_hal_rcc.c ****     }
 109              		.loc 1 235 14 view .LVU25
 110 004c EBE7     		b	.L3
 111              	.LVL8:
 112              	.L14:
 240:Drivers/STM32F0xx_HAL_Driver/Src/stm32f0xx_hal_rcc.c **** 
 113              		.loc 1 240 3 is_stmt 1 view .LVU26
 240:Drivers/STM32F0xx_HAL_Driver/Src/stm32f0xx_hal_rcc.c **** 
 114              		.loc 1 240 19 is_stmt 0 view .LVU27
 115 004e 1A4B     		ldr	r3, .L17+12
 116 0050 1A4A     		ldr	r2, .L17+16
 117 0052 1A60     		str	r2, [r3]
 243:Drivers/STM32F0xx_HAL_Driver/Src/stm32f0xx_hal_rcc.c ****   {
 118              		.loc 1 243 3 is_stmt 1 view .LVU28
 243:Drivers/STM32F0xx_HAL_Driver/Src/stm32f0xx_hal_rcc.c ****   {
 119              		.loc 1 243 7 is_stmt 0 view .LVU29
 120 0054 1A4B     		ldr	r3, .L17+20
 121 0056 1868     		ldr	r0, [r3]
 122 0058 FFF7FEFF 		bl	HAL_InitTick
 123              	.LVL9:
 124 005c 041E     		subs	r4, r0, #0
 125              	.LVL10:
 243:Drivers/STM32F0xx_HAL_Driver/Src/stm32f0xx_hal_rcc.c ****   {
 126              		.loc 1 243 6 discriminator 1 view .LVU30
 127 005e 01D0     		beq	.L15
 245:Drivers/STM32F0xx_HAL_Driver/Src/stm32f0xx_hal_rcc.c ****   }
 128              		.loc 1 245 12 view .LVU31
 129 0060 0124     		movs	r4, #1
 130 0062 E0E7     		b	.L3
 131              	.L15:
 249:Drivers/STM32F0xx_HAL_Driver/Src/stm32f0xx_hal_rcc.c ****   
 132              		.loc 1 249 3 is_stmt 1 view .LVU32
 133 0064 114B     		ldr	r3, .L17
 134 0066 1A68     		ldr	r2, [r3]
 135 0068 1649     		ldr	r1, .L17+24
 136 006a 0A40     		ands	r2, r1
 137 006c 1A60     		str	r2, [r3]
 252:Drivers/STM32F0xx_HAL_Driver/Src/stm32f0xx_hal_rcc.c **** 
 138              		.loc 1 252 3 view .LVU33
 139 006e 1A68     		ldr	r2, [r3]
 140 0070 1549     		ldr	r1, .L17+28
 141 0072 0A40     		ands	r2, r1
 142 0074 1A60     		str	r2, [r3]
 255:Drivers/STM32F0xx_HAL_Driver/Src/stm32f0xx_hal_rcc.c ****   
 143              		.loc 1 255 3 view .LVU34
 255:Drivers/STM32F0xx_HAL_Driver/Src/stm32f0xx_hal_rcc.c ****   
 144              		.loc 1 255 15 is_stmt 0 view .LVU35
 145 0076 FFF7FEFF 		bl	HAL_GetTick
 146              	.LVL11:
 147 007a 0500     		movs	r5, r0
 148              	.LVL12:
 258:Drivers/STM32F0xx_HAL_Driver/Src/stm32f0xx_hal_rcc.c ****   {
 149              		.loc 1 258 3 is_stmt 1 view .LVU36
 150              	.L7:
 258:Drivers/STM32F0xx_HAL_Driver/Src/stm32f0xx_hal_rcc.c ****   {
 151              		.loc 1 258 42 view .LVU37
 258:Drivers/STM32F0xx_HAL_Driver/Src/stm32f0xx_hal_rcc.c ****   {
ARM GAS  /tmp/cc0vgH7k.s 			page 9


 152              		.loc 1 258 9 is_stmt 0 view .LVU38
 153 007c 0B4B     		ldr	r3, .L17
 154 007e 1B68     		ldr	r3, [r3]
 258:Drivers/STM32F0xx_HAL_Driver/Src/stm32f0xx_hal_rcc.c ****   {
 155              		.loc 1 258 42 view .LVU39
 156 0080 9B01     		lsls	r3, r3, #6
 157 0082 06D5     		bpl	.L16
 260:Drivers/STM32F0xx_HAL_Driver/Src/stm32f0xx_hal_rcc.c ****     {
 158              		.loc 1 260 5 is_stmt 1 view .LVU40
 260:Drivers/STM32F0xx_HAL_Driver/Src/stm32f0xx_hal_rcc.c ****     {
 159              		.loc 1 260 9 is_stmt 0 view .LVU41
 160 0084 FFF7FEFF 		bl	HAL_GetTick
 161              	.LVL13:
 260:Drivers/STM32F0xx_HAL_Driver/Src/stm32f0xx_hal_rcc.c ****     {
 162              		.loc 1 260 23 discriminator 1 view .LVU42
 163 0088 401B     		subs	r0, r0, r5
 260:Drivers/STM32F0xx_HAL_Driver/Src/stm32f0xx_hal_rcc.c ****     {
 164              		.loc 1 260 7 discriminator 1 view .LVU43
 165 008a 0228     		cmp	r0, #2
 166 008c F6D9     		bls	.L7
 262:Drivers/STM32F0xx_HAL_Driver/Src/stm32f0xx_hal_rcc.c ****     }
 167              		.loc 1 262 14 view .LVU44
 168 008e 0324     		movs	r4, #3
 169 0090 C9E7     		b	.L3
 170              	.L16:
 267:Drivers/STM32F0xx_HAL_Driver/Src/stm32f0xx_hal_rcc.c **** 
 171              		.loc 1 267 3 is_stmt 1 view .LVU45
 172 0092 064B     		ldr	r3, .L17
 173 0094 0022     		movs	r2, #0
 174 0096 5A60     		str	r2, [r3, #4]
 270:Drivers/STM32F0xx_HAL_Driver/Src/stm32f0xx_hal_rcc.c **** 
 175              		.loc 1 270 3 view .LVU46
 176 0098 DA62     		str	r2, [r3, #44]
 273:Drivers/STM32F0xx_HAL_Driver/Src/stm32f0xx_hal_rcc.c **** 
 177              		.loc 1 273 3 view .LVU47
 178 009a 1A63     		str	r2, [r3, #48]
 276:Drivers/STM32F0xx_HAL_Driver/Src/stm32f0xx_hal_rcc.c **** 
 179              		.loc 1 276 3 view .LVU48
 180 009c 9A60     		str	r2, [r3, #8]
 279:Drivers/STM32F0xx_HAL_Driver/Src/stm32f0xx_hal_rcc.c **** 
 181              		.loc 1 279 3 view .LVU49
 182 009e 596A     		ldr	r1, [r3, #36]
 183 00a0 8022     		movs	r2, #128
 184 00a2 5204     		lsls	r2, r2, #17
 185 00a4 0A43     		orrs	r2, r1
 186 00a6 5A62     		str	r2, [r3, #36]
 281:Drivers/STM32F0xx_HAL_Driver/Src/stm32f0xx_hal_rcc.c **** }
 187              		.loc 1 281 3 view .LVU50
 281:Drivers/STM32F0xx_HAL_Driver/Src/stm32f0xx_hal_rcc.c **** }
 188              		.loc 1 281 10 is_stmt 0 view .LVU51
 189 00a8 BDE7     		b	.L3
 190              	.L18:
 191 00aa C046     		.align	2
 192              	.L17:
 193 00ac 00100240 		.word	1073876992
 194 00b0 0CF8FFF0 		.word	-251660276
 195 00b4 88130000 		.word	5000
ARM GAS  /tmp/cc0vgH7k.s 			page 10


 196 00b8 00000000 		.word	SystemCoreClock
 197 00bc 00127A00 		.word	8000000
 198 00c0 00000000 		.word	uwTickPrio
 199 00c4 FFFFF6FE 		.word	-17367041
 200 00c8 FFFFFBFF 		.word	-262145
 201              		.cfi_endproc
 202              	.LFE40:
 204              		.section	.text.HAL_RCC_OscConfig,"ax",%progbits
 205              		.align	1
 206              		.global	HAL_RCC_OscConfig
 207              		.syntax unified
 208              		.code	16
 209              		.thumb_func
 211              	HAL_RCC_OscConfig:
 212              	.LVL14:
 213              	.LFB41:
 283:Drivers/STM32F0xx_HAL_Driver/Src/stm32f0xx_hal_rcc.c **** 
 284:Drivers/STM32F0xx_HAL_Driver/Src/stm32f0xx_hal_rcc.c **** /**
 285:Drivers/STM32F0xx_HAL_Driver/Src/stm32f0xx_hal_rcc.c ****   * @brief  Initializes the RCC Oscillators according to the specified parameters in the
 286:Drivers/STM32F0xx_HAL_Driver/Src/stm32f0xx_hal_rcc.c ****   *         RCC_OscInitTypeDef.
 287:Drivers/STM32F0xx_HAL_Driver/Src/stm32f0xx_hal_rcc.c ****   * @param  RCC_OscInitStruct pointer to an RCC_OscInitTypeDef structure that
 288:Drivers/STM32F0xx_HAL_Driver/Src/stm32f0xx_hal_rcc.c ****   *         contains the configuration information for the RCC Oscillators.
 289:Drivers/STM32F0xx_HAL_Driver/Src/stm32f0xx_hal_rcc.c ****   * @note   The PLL is not disabled when used as system clock.
 290:Drivers/STM32F0xx_HAL_Driver/Src/stm32f0xx_hal_rcc.c ****   * @note   Transitions LSE Bypass to LSE On and LSE On to LSE Bypass are not
 291:Drivers/STM32F0xx_HAL_Driver/Src/stm32f0xx_hal_rcc.c ****   *         supported by this macro. User should request a transition to LSE Off
 292:Drivers/STM32F0xx_HAL_Driver/Src/stm32f0xx_hal_rcc.c ****   *         first and then LSE On or LSE Bypass.
 293:Drivers/STM32F0xx_HAL_Driver/Src/stm32f0xx_hal_rcc.c ****   * @note   Transition HSE Bypass to HSE On and HSE On to HSE Bypass are not
 294:Drivers/STM32F0xx_HAL_Driver/Src/stm32f0xx_hal_rcc.c ****   *         supported by this macro. User should request a transition to HSE Off
 295:Drivers/STM32F0xx_HAL_Driver/Src/stm32f0xx_hal_rcc.c ****   *         first and then HSE On or HSE Bypass.
 296:Drivers/STM32F0xx_HAL_Driver/Src/stm32f0xx_hal_rcc.c ****   * @retval HAL status
 297:Drivers/STM32F0xx_HAL_Driver/Src/stm32f0xx_hal_rcc.c ****   */
 298:Drivers/STM32F0xx_HAL_Driver/Src/stm32f0xx_hal_rcc.c **** HAL_StatusTypeDef HAL_RCC_OscConfig(RCC_OscInitTypeDef  *RCC_OscInitStruct)
 299:Drivers/STM32F0xx_HAL_Driver/Src/stm32f0xx_hal_rcc.c **** {
 214              		.loc 1 299 1 is_stmt 1 view -0
 215              		.cfi_startproc
 216              		@ args = 0, pretend = 0, frame = 8
 217              		@ frame_needed = 0, uses_anonymous_args = 0
 218              		.loc 1 299 1 is_stmt 0 view .LVU53
 219 0000 70B5     		push	{r4, r5, r6, lr}
 220              	.LCFI1:
 221              		.cfi_def_cfa_offset 16
 222              		.cfi_offset 4, -16
 223              		.cfi_offset 5, -12
 224              		.cfi_offset 6, -8
 225              		.cfi_offset 14, -4
 226 0002 82B0     		sub	sp, sp, #8
 227              	.LCFI2:
 228              		.cfi_def_cfa_offset 24
 229 0004 041E     		subs	r4, r0, #0
 300:Drivers/STM32F0xx_HAL_Driver/Src/stm32f0xx_hal_rcc.c ****   uint32_t tickstart;
 230              		.loc 1 300 3 is_stmt 1 view .LVU54
 301:Drivers/STM32F0xx_HAL_Driver/Src/stm32f0xx_hal_rcc.c ****   uint32_t pll_config;
 231              		.loc 1 301 3 view .LVU55
 302:Drivers/STM32F0xx_HAL_Driver/Src/stm32f0xx_hal_rcc.c ****   uint32_t pll_config2;
 232              		.loc 1 302 3 view .LVU56
 303:Drivers/STM32F0xx_HAL_Driver/Src/stm32f0xx_hal_rcc.c **** 
 304:Drivers/STM32F0xx_HAL_Driver/Src/stm32f0xx_hal_rcc.c ****   /* Check Null pointer */
ARM GAS  /tmp/cc0vgH7k.s 			page 11


 305:Drivers/STM32F0xx_HAL_Driver/Src/stm32f0xx_hal_rcc.c ****   if(RCC_OscInitStruct == NULL)
 233              		.loc 1 305 3 view .LVU57
 234              		.loc 1 305 5 is_stmt 0 view .LVU58
 235 0006 00D1     		bne	.LCB195
 236 0008 30E2     		b	.L78	@long jump
 237              	.LCB195:
 306:Drivers/STM32F0xx_HAL_Driver/Src/stm32f0xx_hal_rcc.c ****   {
 307:Drivers/STM32F0xx_HAL_Driver/Src/stm32f0xx_hal_rcc.c ****     return HAL_ERROR;
 308:Drivers/STM32F0xx_HAL_Driver/Src/stm32f0xx_hal_rcc.c ****   }
 309:Drivers/STM32F0xx_HAL_Driver/Src/stm32f0xx_hal_rcc.c **** 
 310:Drivers/STM32F0xx_HAL_Driver/Src/stm32f0xx_hal_rcc.c ****   /* Check the parameters */
 311:Drivers/STM32F0xx_HAL_Driver/Src/stm32f0xx_hal_rcc.c ****   assert_param(IS_RCC_OSCILLATORTYPE(RCC_OscInitStruct->OscillatorType));
 238              		.loc 1 311 3 is_stmt 1 view .LVU59
 312:Drivers/STM32F0xx_HAL_Driver/Src/stm32f0xx_hal_rcc.c **** 
 313:Drivers/STM32F0xx_HAL_Driver/Src/stm32f0xx_hal_rcc.c ****   /*------------------------------- HSE Configuration ------------------------*/ 
 314:Drivers/STM32F0xx_HAL_Driver/Src/stm32f0xx_hal_rcc.c ****   if(((RCC_OscInitStruct->OscillatorType) & RCC_OSCILLATORTYPE_HSE) == RCC_OSCILLATORTYPE_HSE)
 239              		.loc 1 314 3 view .LVU60
 240              		.loc 1 314 25 is_stmt 0 view .LVU61
 241 000a 0368     		ldr	r3, [r0]
 242              		.loc 1 314 5 view .LVU62
 243 000c DB07     		lsls	r3, r3, #31
 244 000e 26D5     		bpl	.L21
 315:Drivers/STM32F0xx_HAL_Driver/Src/stm32f0xx_hal_rcc.c ****   {
 316:Drivers/STM32F0xx_HAL_Driver/Src/stm32f0xx_hal_rcc.c ****     /* Check the parameters */
 317:Drivers/STM32F0xx_HAL_Driver/Src/stm32f0xx_hal_rcc.c ****     assert_param(IS_RCC_HSE(RCC_OscInitStruct->HSEState));
 245              		.loc 1 317 5 is_stmt 1 view .LVU63
 318:Drivers/STM32F0xx_HAL_Driver/Src/stm32f0xx_hal_rcc.c **** 
 319:Drivers/STM32F0xx_HAL_Driver/Src/stm32f0xx_hal_rcc.c ****     /* When the HSE is used as system clock or clock source for PLL in these cases it is not allowe
 320:Drivers/STM32F0xx_HAL_Driver/Src/stm32f0xx_hal_rcc.c ****     if((__HAL_RCC_GET_SYSCLK_SOURCE() == RCC_SYSCLKSOURCE_STATUS_HSE) 
 246              		.loc 1 320 5 view .LVU64
 247              		.loc 1 320 9 is_stmt 0 view .LVU65
 248 0010 AF4B     		ldr	r3, .L127
 249 0012 5A68     		ldr	r2, [r3, #4]
 250 0014 0C23     		movs	r3, #12
 251 0016 1340     		ands	r3, r2
 252              		.loc 1 320 7 view .LVU66
 253 0018 042B     		cmp	r3, #4
 254 001a 18D0     		beq	.L22
 321:Drivers/STM32F0xx_HAL_Driver/Src/stm32f0xx_hal_rcc.c ****        || ((__HAL_RCC_GET_SYSCLK_SOURCE() == RCC_SYSCLKSOURCE_STATUS_PLLCLK) && (__HAL_RCC_GET_PLL_
 255              		.loc 1 321 13 view .LVU67
 256 001c AC4B     		ldr	r3, .L127
 257 001e 5A68     		ldr	r2, [r3, #4]
 258 0020 0C23     		movs	r3, #12
 259 0022 1340     		ands	r3, r2
 260              		.loc 1 321 8 view .LVU68
 261 0024 082B     		cmp	r3, #8
 262 0026 0ED0     		beq	.L111
 263              	.L23:
 322:Drivers/STM32F0xx_HAL_Driver/Src/stm32f0xx_hal_rcc.c ****     {
 323:Drivers/STM32F0xx_HAL_Driver/Src/stm32f0xx_hal_rcc.c ****       if((__HAL_RCC_GET_FLAG(RCC_FLAG_HSERDY) != RESET) && (RCC_OscInitStruct->HSEState == RCC_HSE_
 324:Drivers/STM32F0xx_HAL_Driver/Src/stm32f0xx_hal_rcc.c ****       {
 325:Drivers/STM32F0xx_HAL_Driver/Src/stm32f0xx_hal_rcc.c ****         return HAL_ERROR;
 326:Drivers/STM32F0xx_HAL_Driver/Src/stm32f0xx_hal_rcc.c ****       }
 327:Drivers/STM32F0xx_HAL_Driver/Src/stm32f0xx_hal_rcc.c ****     }
 328:Drivers/STM32F0xx_HAL_Driver/Src/stm32f0xx_hal_rcc.c ****     else
 329:Drivers/STM32F0xx_HAL_Driver/Src/stm32f0xx_hal_rcc.c ****     {
 330:Drivers/STM32F0xx_HAL_Driver/Src/stm32f0xx_hal_rcc.c ****       /* Set the new HSE configuration ---------------------------------------*/
ARM GAS  /tmp/cc0vgH7k.s 			page 12


 331:Drivers/STM32F0xx_HAL_Driver/Src/stm32f0xx_hal_rcc.c ****       __HAL_RCC_HSE_CONFIG(RCC_OscInitStruct->HSEState);
 264              		.loc 1 331 7 is_stmt 1 view .LVU69
 265              		.loc 1 331 7 view .LVU70
 266 0028 6368     		ldr	r3, [r4, #4]
 267 002a 012B     		cmp	r3, #1
 268 002c 3CD0     		beq	.L112
 269              		.loc 1 331 7 discriminator 2 view .LVU71
 270 002e 002B     		cmp	r3, #0
 271 0030 51D1     		bne	.L26
 272              		.loc 1 331 7 discriminator 3 view .LVU72
 273 0032 A74B     		ldr	r3, .L127
 274 0034 1A68     		ldr	r2, [r3]
 275 0036 A749     		ldr	r1, .L127+4
 276 0038 0A40     		ands	r2, r1
 277 003a 1A60     		str	r2, [r3]
 278              		.loc 1 331 7 view .LVU73
 279              		.loc 1 331 7 is_stmt 0 discriminator 3 view .LVU74
 280 003c 1A68     		ldr	r2, [r3]
 281 003e A649     		ldr	r1, .L127+8
 282 0040 0A40     		ands	r2, r1
 283 0042 1A60     		str	r2, [r3]
 284 0044 36E0     		b	.L25
 285              	.L111:
 321:Drivers/STM32F0xx_HAL_Driver/Src/stm32f0xx_hal_rcc.c ****        || ((__HAL_RCC_GET_SYSCLK_SOURCE() == RCC_SYSCLKSOURCE_STATUS_PLLCLK) && (__HAL_RCC_GET_PLL_
 286              		.loc 1 321 82 discriminator 1 view .LVU75
 287 0046 A24B     		ldr	r3, .L127
 288 0048 5B68     		ldr	r3, [r3, #4]
 321:Drivers/STM32F0xx_HAL_Driver/Src/stm32f0xx_hal_rcc.c ****        || ((__HAL_RCC_GET_SYSCLK_SOURCE() == RCC_SYSCLKSOURCE_STATUS_PLLCLK) && (__HAL_RCC_GET_PLL_
 289              		.loc 1 321 78 discriminator 1 view .LVU76
 290 004a DB03     		lsls	r3, r3, #15
 291 004c ECD5     		bpl	.L23
 292              	.L22:
 323:Drivers/STM32F0xx_HAL_Driver/Src/stm32f0xx_hal_rcc.c ****       {
 293              		.loc 1 323 7 is_stmt 1 view .LVU77
 323:Drivers/STM32F0xx_HAL_Driver/Src/stm32f0xx_hal_rcc.c ****       {
 294              		.loc 1 323 11 is_stmt 0 view .LVU78
 295 004e A04B     		ldr	r3, .L127
 296 0050 1B68     		ldr	r3, [r3]
 323:Drivers/STM32F0xx_HAL_Driver/Src/stm32f0xx_hal_rcc.c ****       {
 297              		.loc 1 323 9 view .LVU79
 298 0052 9B03     		lsls	r3, r3, #14
 299 0054 03D5     		bpl	.L21
 323:Drivers/STM32F0xx_HAL_Driver/Src/stm32f0xx_hal_rcc.c ****       {
 300              		.loc 1 323 78 discriminator 1 view .LVU80
 301 0056 6368     		ldr	r3, [r4, #4]
 323:Drivers/STM32F0xx_HAL_Driver/Src/stm32f0xx_hal_rcc.c ****       {
 302              		.loc 1 323 57 discriminator 1 view .LVU81
 303 0058 002B     		cmp	r3, #0
 304 005a 00D1     		bne	.LCB258
 305 005c 09E2     		b	.L113	@long jump
 306              	.LCB258:
 307              	.LVL15:
 308              	.L21:
 332:Drivers/STM32F0xx_HAL_Driver/Src/stm32f0xx_hal_rcc.c ****       
 333:Drivers/STM32F0xx_HAL_Driver/Src/stm32f0xx_hal_rcc.c **** 
 334:Drivers/STM32F0xx_HAL_Driver/Src/stm32f0xx_hal_rcc.c ****        /* Check the HSE State */
 335:Drivers/STM32F0xx_HAL_Driver/Src/stm32f0xx_hal_rcc.c ****       if(RCC_OscInitStruct->HSEState != RCC_HSE_OFF)
ARM GAS  /tmp/cc0vgH7k.s 			page 13


 336:Drivers/STM32F0xx_HAL_Driver/Src/stm32f0xx_hal_rcc.c ****       {
 337:Drivers/STM32F0xx_HAL_Driver/Src/stm32f0xx_hal_rcc.c ****         /* Get Start Tick */
 338:Drivers/STM32F0xx_HAL_Driver/Src/stm32f0xx_hal_rcc.c ****         tickstart = HAL_GetTick();
 339:Drivers/STM32F0xx_HAL_Driver/Src/stm32f0xx_hal_rcc.c ****         
 340:Drivers/STM32F0xx_HAL_Driver/Src/stm32f0xx_hal_rcc.c ****         /* Wait till HSE is ready */
 341:Drivers/STM32F0xx_HAL_Driver/Src/stm32f0xx_hal_rcc.c ****         while(__HAL_RCC_GET_FLAG(RCC_FLAG_HSERDY) == RESET)
 342:Drivers/STM32F0xx_HAL_Driver/Src/stm32f0xx_hal_rcc.c ****         {
 343:Drivers/STM32F0xx_HAL_Driver/Src/stm32f0xx_hal_rcc.c ****           if((HAL_GetTick() - tickstart ) > HSE_TIMEOUT_VALUE)
 344:Drivers/STM32F0xx_HAL_Driver/Src/stm32f0xx_hal_rcc.c ****           {
 345:Drivers/STM32F0xx_HAL_Driver/Src/stm32f0xx_hal_rcc.c ****             return HAL_TIMEOUT;
 346:Drivers/STM32F0xx_HAL_Driver/Src/stm32f0xx_hal_rcc.c ****           }
 347:Drivers/STM32F0xx_HAL_Driver/Src/stm32f0xx_hal_rcc.c ****         }
 348:Drivers/STM32F0xx_HAL_Driver/Src/stm32f0xx_hal_rcc.c ****       }
 349:Drivers/STM32F0xx_HAL_Driver/Src/stm32f0xx_hal_rcc.c ****       else
 350:Drivers/STM32F0xx_HAL_Driver/Src/stm32f0xx_hal_rcc.c ****       {
 351:Drivers/STM32F0xx_HAL_Driver/Src/stm32f0xx_hal_rcc.c ****         /* Get Start Tick */
 352:Drivers/STM32F0xx_HAL_Driver/Src/stm32f0xx_hal_rcc.c ****         tickstart = HAL_GetTick();
 353:Drivers/STM32F0xx_HAL_Driver/Src/stm32f0xx_hal_rcc.c ****         
 354:Drivers/STM32F0xx_HAL_Driver/Src/stm32f0xx_hal_rcc.c ****         /* Wait till HSE is disabled */
 355:Drivers/STM32F0xx_HAL_Driver/Src/stm32f0xx_hal_rcc.c ****         while(__HAL_RCC_GET_FLAG(RCC_FLAG_HSERDY) != RESET)
 356:Drivers/STM32F0xx_HAL_Driver/Src/stm32f0xx_hal_rcc.c ****         {
 357:Drivers/STM32F0xx_HAL_Driver/Src/stm32f0xx_hal_rcc.c ****            if((HAL_GetTick() - tickstart ) > HSE_TIMEOUT_VALUE)
 358:Drivers/STM32F0xx_HAL_Driver/Src/stm32f0xx_hal_rcc.c ****           {
 359:Drivers/STM32F0xx_HAL_Driver/Src/stm32f0xx_hal_rcc.c ****             return HAL_TIMEOUT;
 360:Drivers/STM32F0xx_HAL_Driver/Src/stm32f0xx_hal_rcc.c ****           }
 361:Drivers/STM32F0xx_HAL_Driver/Src/stm32f0xx_hal_rcc.c ****         }
 362:Drivers/STM32F0xx_HAL_Driver/Src/stm32f0xx_hal_rcc.c ****       }
 363:Drivers/STM32F0xx_HAL_Driver/Src/stm32f0xx_hal_rcc.c ****     }
 364:Drivers/STM32F0xx_HAL_Driver/Src/stm32f0xx_hal_rcc.c ****   }
 365:Drivers/STM32F0xx_HAL_Driver/Src/stm32f0xx_hal_rcc.c ****   /*----------------------------- HSI Configuration --------------------------*/ 
 366:Drivers/STM32F0xx_HAL_Driver/Src/stm32f0xx_hal_rcc.c ****   if(((RCC_OscInitStruct->OscillatorType) & RCC_OSCILLATORTYPE_HSI) == RCC_OSCILLATORTYPE_HSI)
 309              		.loc 1 366 3 is_stmt 1 view .LVU82
 310              		.loc 1 366 25 is_stmt 0 view .LVU83
 311 005e 2368     		ldr	r3, [r4]
 312              		.loc 1 366 5 view .LVU84
 313 0060 9B07     		lsls	r3, r3, #30
 314 0062 72D5     		bpl	.L33
 367:Drivers/STM32F0xx_HAL_Driver/Src/stm32f0xx_hal_rcc.c ****   {
 368:Drivers/STM32F0xx_HAL_Driver/Src/stm32f0xx_hal_rcc.c ****     /* Check the parameters */
 369:Drivers/STM32F0xx_HAL_Driver/Src/stm32f0xx_hal_rcc.c ****     assert_param(IS_RCC_HSI(RCC_OscInitStruct->HSIState));
 315              		.loc 1 369 5 is_stmt 1 view .LVU85
 370:Drivers/STM32F0xx_HAL_Driver/Src/stm32f0xx_hal_rcc.c ****     assert_param(IS_RCC_CALIBRATION_VALUE(RCC_OscInitStruct->HSICalibrationValue));
 316              		.loc 1 370 5 view .LVU86
 371:Drivers/STM32F0xx_HAL_Driver/Src/stm32f0xx_hal_rcc.c ****     
 372:Drivers/STM32F0xx_HAL_Driver/Src/stm32f0xx_hal_rcc.c ****     /* Check if HSI is used as system clock or as PLL source when PLL is selected as system clock *
 373:Drivers/STM32F0xx_HAL_Driver/Src/stm32f0xx_hal_rcc.c ****     if((__HAL_RCC_GET_SYSCLK_SOURCE() == RCC_SYSCLKSOURCE_STATUS_HSI) 
 317              		.loc 1 373 5 view .LVU87
 318              		.loc 1 373 9 is_stmt 0 view .LVU88
 319 0064 9A4B     		ldr	r3, .L127
 320 0066 5B68     		ldr	r3, [r3, #4]
 321 0068 0C22     		movs	r2, #12
 322              		.loc 1 373 7 view .LVU89
 323 006a 1A42     		tst	r2, r3
 324 006c 5DD0     		beq	.L34
 374:Drivers/STM32F0xx_HAL_Driver/Src/stm32f0xx_hal_rcc.c ****        || ((__HAL_RCC_GET_SYSCLK_SOURCE() == RCC_SYSCLKSOURCE_STATUS_PLLCLK) && (__HAL_RCC_GET_PLL_
 325              		.loc 1 374 13 view .LVU90
 326 006e 984B     		ldr	r3, .L127
ARM GAS  /tmp/cc0vgH7k.s 			page 14


 327 0070 5A68     		ldr	r2, [r3, #4]
 328 0072 0C23     		movs	r3, #12
 329 0074 1340     		ands	r3, r2
 330              		.loc 1 374 8 view .LVU91
 331 0076 082B     		cmp	r3, #8
 332 0078 53D0     		beq	.L114
 333              	.L35:
 375:Drivers/STM32F0xx_HAL_Driver/Src/stm32f0xx_hal_rcc.c ****     {
 376:Drivers/STM32F0xx_HAL_Driver/Src/stm32f0xx_hal_rcc.c ****       /* When HSI is used as system clock it will not disabled */
 377:Drivers/STM32F0xx_HAL_Driver/Src/stm32f0xx_hal_rcc.c ****       if((__HAL_RCC_GET_FLAG(RCC_FLAG_HSIRDY) != RESET) && (RCC_OscInitStruct->HSIState != RCC_HSI_
 378:Drivers/STM32F0xx_HAL_Driver/Src/stm32f0xx_hal_rcc.c ****       {
 379:Drivers/STM32F0xx_HAL_Driver/Src/stm32f0xx_hal_rcc.c ****         return HAL_ERROR;
 380:Drivers/STM32F0xx_HAL_Driver/Src/stm32f0xx_hal_rcc.c ****       }
 381:Drivers/STM32F0xx_HAL_Driver/Src/stm32f0xx_hal_rcc.c ****       /* Otherwise, just the calibration is allowed */
 382:Drivers/STM32F0xx_HAL_Driver/Src/stm32f0xx_hal_rcc.c ****       else
 383:Drivers/STM32F0xx_HAL_Driver/Src/stm32f0xx_hal_rcc.c ****       {
 384:Drivers/STM32F0xx_HAL_Driver/Src/stm32f0xx_hal_rcc.c ****         /* Adjusts the Internal High Speed oscillator (HSI) calibration value.*/
 385:Drivers/STM32F0xx_HAL_Driver/Src/stm32f0xx_hal_rcc.c ****         __HAL_RCC_HSI_CALIBRATIONVALUE_ADJUST(RCC_OscInitStruct->HSICalibrationValue);
 386:Drivers/STM32F0xx_HAL_Driver/Src/stm32f0xx_hal_rcc.c ****       }
 387:Drivers/STM32F0xx_HAL_Driver/Src/stm32f0xx_hal_rcc.c ****     }
 388:Drivers/STM32F0xx_HAL_Driver/Src/stm32f0xx_hal_rcc.c ****     else
 389:Drivers/STM32F0xx_HAL_Driver/Src/stm32f0xx_hal_rcc.c ****     {
 390:Drivers/STM32F0xx_HAL_Driver/Src/stm32f0xx_hal_rcc.c ****       /* Check the HSI State */
 391:Drivers/STM32F0xx_HAL_Driver/Src/stm32f0xx_hal_rcc.c ****       if(RCC_OscInitStruct->HSIState != RCC_HSI_OFF)
 334              		.loc 1 391 7 is_stmt 1 view .LVU92
 335              		.loc 1 391 27 is_stmt 0 view .LVU93
 336 007a E368     		ldr	r3, [r4, #12]
 337              		.loc 1 391 9 view .LVU94
 338 007c 002B     		cmp	r3, #0
 339 007e 00D1     		bne	.LCB286
 340 0080 85E0     		b	.L37	@long jump
 341              	.LCB286:
 392:Drivers/STM32F0xx_HAL_Driver/Src/stm32f0xx_hal_rcc.c ****       {
 393:Drivers/STM32F0xx_HAL_Driver/Src/stm32f0xx_hal_rcc.c ****        /* Enable the Internal High Speed oscillator (HSI). */
 394:Drivers/STM32F0xx_HAL_Driver/Src/stm32f0xx_hal_rcc.c ****         __HAL_RCC_HSI_ENABLE();
 342              		.loc 1 394 9 is_stmt 1 view .LVU95
 343 0082 934A     		ldr	r2, .L127
 344 0084 1368     		ldr	r3, [r2]
 345 0086 0121     		movs	r1, #1
 346 0088 0B43     		orrs	r3, r1
 347 008a 1360     		str	r3, [r2]
 395:Drivers/STM32F0xx_HAL_Driver/Src/stm32f0xx_hal_rcc.c ****         
 396:Drivers/STM32F0xx_HAL_Driver/Src/stm32f0xx_hal_rcc.c ****         /* Get Start Tick */
 397:Drivers/STM32F0xx_HAL_Driver/Src/stm32f0xx_hal_rcc.c ****         tickstart = HAL_GetTick();
 348              		.loc 1 397 9 view .LVU96
 349              		.loc 1 397 21 is_stmt 0 view .LVU97
 350 008c FFF7FEFF 		bl	HAL_GetTick
 351              	.LVL16:
 352 0090 0500     		movs	r5, r0
 353              	.LVL17:
 398:Drivers/STM32F0xx_HAL_Driver/Src/stm32f0xx_hal_rcc.c ****         
 399:Drivers/STM32F0xx_HAL_Driver/Src/stm32f0xx_hal_rcc.c ****         /* Wait till HSI is ready */
 400:Drivers/STM32F0xx_HAL_Driver/Src/stm32f0xx_hal_rcc.c ****         while(__HAL_RCC_GET_FLAG(RCC_FLAG_HSIRDY) == RESET)
 354              		.loc 1 400 9 is_stmt 1 view .LVU98
 355              	.L38:
 356              		.loc 1 400 51 view .LVU99
 357              		.loc 1 400 15 is_stmt 0 view .LVU100
ARM GAS  /tmp/cc0vgH7k.s 			page 15


 358 0092 8F4B     		ldr	r3, .L127
 359 0094 1B68     		ldr	r3, [r3]
 360              		.loc 1 400 51 view .LVU101
 361 0096 9B07     		lsls	r3, r3, #30
 362 0098 70D4     		bmi	.L115
 401:Drivers/STM32F0xx_HAL_Driver/Src/stm32f0xx_hal_rcc.c ****         {
 402:Drivers/STM32F0xx_HAL_Driver/Src/stm32f0xx_hal_rcc.c ****           if((HAL_GetTick() - tickstart ) > HSI_TIMEOUT_VALUE)
 363              		.loc 1 402 11 is_stmt 1 view .LVU102
 364              		.loc 1 402 15 is_stmt 0 view .LVU103
 365 009a FFF7FEFF 		bl	HAL_GetTick
 366              	.LVL18:
 367              		.loc 1 402 29 discriminator 1 view .LVU104
 368 009e 401B     		subs	r0, r0, r5
 369              		.loc 1 402 13 discriminator 1 view .LVU105
 370 00a0 0228     		cmp	r0, #2
 371 00a2 F6D9     		bls	.L38
 403:Drivers/STM32F0xx_HAL_Driver/Src/stm32f0xx_hal_rcc.c ****           {
 404:Drivers/STM32F0xx_HAL_Driver/Src/stm32f0xx_hal_rcc.c ****             return HAL_TIMEOUT;
 372              		.loc 1 404 20 view .LVU106
 373 00a4 0320     		movs	r0, #3
 374 00a6 E2E1     		b	.L20
 375              	.LVL19:
 376              	.L112:
 331:Drivers/STM32F0xx_HAL_Driver/Src/stm32f0xx_hal_rcc.c ****       
 377              		.loc 1 331 7 is_stmt 1 discriminator 1 view .LVU107
 378 00a8 894A     		ldr	r2, .L127
 379 00aa 1168     		ldr	r1, [r2]
 380 00ac 8023     		movs	r3, #128
 381 00ae 5B02     		lsls	r3, r3, #9
 382 00b0 0B43     		orrs	r3, r1
 383 00b2 1360     		str	r3, [r2]
 384              	.L25:
 331:Drivers/STM32F0xx_HAL_Driver/Src/stm32f0xx_hal_rcc.c ****       
 385              		.loc 1 331 7 view .LVU108
 335:Drivers/STM32F0xx_HAL_Driver/Src/stm32f0xx_hal_rcc.c ****       {
 386              		.loc 1 335 7 view .LVU109
 335:Drivers/STM32F0xx_HAL_Driver/Src/stm32f0xx_hal_rcc.c ****       {
 387              		.loc 1 335 27 is_stmt 0 view .LVU110
 388 00b4 6368     		ldr	r3, [r4, #4]
 335:Drivers/STM32F0xx_HAL_Driver/Src/stm32f0xx_hal_rcc.c ****       {
 389              		.loc 1 335 9 view .LVU111
 390 00b6 002B     		cmp	r3, #0
 391 00b8 25D0     		beq	.L28
 338:Drivers/STM32F0xx_HAL_Driver/Src/stm32f0xx_hal_rcc.c ****         
 392              		.loc 1 338 9 is_stmt 1 view .LVU112
 338:Drivers/STM32F0xx_HAL_Driver/Src/stm32f0xx_hal_rcc.c ****         
 393              		.loc 1 338 21 is_stmt 0 view .LVU113
 394 00ba FFF7FEFF 		bl	HAL_GetTick
 395              	.LVL20:
 338:Drivers/STM32F0xx_HAL_Driver/Src/stm32f0xx_hal_rcc.c ****         
 396              		.loc 1 338 21 view .LVU114
 397 00be 0500     		movs	r5, r0
 398              	.LVL21:
 341:Drivers/STM32F0xx_HAL_Driver/Src/stm32f0xx_hal_rcc.c ****         {
 399              		.loc 1 341 9 is_stmt 1 view .LVU115
 400              	.L29:
 341:Drivers/STM32F0xx_HAL_Driver/Src/stm32f0xx_hal_rcc.c ****         {
ARM GAS  /tmp/cc0vgH7k.s 			page 16


 401              		.loc 1 341 51 view .LVU116
 341:Drivers/STM32F0xx_HAL_Driver/Src/stm32f0xx_hal_rcc.c ****         {
 402              		.loc 1 341 15 is_stmt 0 view .LVU117
 403 00c0 834B     		ldr	r3, .L127
 404 00c2 1B68     		ldr	r3, [r3]
 341:Drivers/STM32F0xx_HAL_Driver/Src/stm32f0xx_hal_rcc.c ****         {
 405              		.loc 1 341 51 view .LVU118
 406 00c4 9B03     		lsls	r3, r3, #14
 407 00c6 CAD4     		bmi	.L21
 343:Drivers/STM32F0xx_HAL_Driver/Src/stm32f0xx_hal_rcc.c ****           {
 408              		.loc 1 343 11 is_stmt 1 view .LVU119
 343:Drivers/STM32F0xx_HAL_Driver/Src/stm32f0xx_hal_rcc.c ****           {
 409              		.loc 1 343 15 is_stmt 0 view .LVU120
 410 00c8 FFF7FEFF 		bl	HAL_GetTick
 411              	.LVL22:
 343:Drivers/STM32F0xx_HAL_Driver/Src/stm32f0xx_hal_rcc.c ****           {
 412              		.loc 1 343 29 discriminator 1 view .LVU121
 413 00cc 401B     		subs	r0, r0, r5
 343:Drivers/STM32F0xx_HAL_Driver/Src/stm32f0xx_hal_rcc.c ****           {
 414              		.loc 1 343 13 discriminator 1 view .LVU122
 415 00ce 6428     		cmp	r0, #100
 416 00d0 F6D9     		bls	.L29
 345:Drivers/STM32F0xx_HAL_Driver/Src/stm32f0xx_hal_rcc.c ****           }
 417              		.loc 1 345 20 view .LVU123
 418 00d2 0320     		movs	r0, #3
 419 00d4 CBE1     		b	.L20
 420              	.LVL23:
 421              	.L26:
 331:Drivers/STM32F0xx_HAL_Driver/Src/stm32f0xx_hal_rcc.c ****       
 422              		.loc 1 331 7 is_stmt 1 discriminator 4 view .LVU124
 423 00d6 052B     		cmp	r3, #5
 424 00d8 09D0     		beq	.L116
 331:Drivers/STM32F0xx_HAL_Driver/Src/stm32f0xx_hal_rcc.c ****       
 425              		.loc 1 331 7 discriminator 6 view .LVU125
 426 00da 7D4B     		ldr	r3, .L127
 427 00dc 1A68     		ldr	r2, [r3]
 428 00de 7D49     		ldr	r1, .L127+4
 429 00e0 0A40     		ands	r2, r1
 430 00e2 1A60     		str	r2, [r3]
 331:Drivers/STM32F0xx_HAL_Driver/Src/stm32f0xx_hal_rcc.c ****       
 431              		.loc 1 331 7 view .LVU126
 331:Drivers/STM32F0xx_HAL_Driver/Src/stm32f0xx_hal_rcc.c ****       
 432              		.loc 1 331 7 is_stmt 0 discriminator 6 view .LVU127
 433 00e4 1A68     		ldr	r2, [r3]
 434 00e6 7C49     		ldr	r1, .L127+8
 435 00e8 0A40     		ands	r2, r1
 436 00ea 1A60     		str	r2, [r3]
 437 00ec E2E7     		b	.L25
 438              	.L116:
 331:Drivers/STM32F0xx_HAL_Driver/Src/stm32f0xx_hal_rcc.c ****       
 439              		.loc 1 331 7 is_stmt 1 discriminator 5 view .LVU128
 440 00ee 784B     		ldr	r3, .L127
 441 00f0 1968     		ldr	r1, [r3]
 442 00f2 8022     		movs	r2, #128
 443 00f4 D202     		lsls	r2, r2, #11
 444 00f6 0A43     		orrs	r2, r1
 445 00f8 1A60     		str	r2, [r3]
ARM GAS  /tmp/cc0vgH7k.s 			page 17


 331:Drivers/STM32F0xx_HAL_Driver/Src/stm32f0xx_hal_rcc.c ****       
 446              		.loc 1 331 7 view .LVU129
 331:Drivers/STM32F0xx_HAL_Driver/Src/stm32f0xx_hal_rcc.c ****       
 447              		.loc 1 331 7 is_stmt 0 discriminator 5 view .LVU130
 448 00fa 1968     		ldr	r1, [r3]
 449 00fc 8022     		movs	r2, #128
 450 00fe 5202     		lsls	r2, r2, #9
 451 0100 0A43     		orrs	r2, r1
 452 0102 1A60     		str	r2, [r3]
 453 0104 D6E7     		b	.L25
 454              	.L28:
 352:Drivers/STM32F0xx_HAL_Driver/Src/stm32f0xx_hal_rcc.c ****         
 455              		.loc 1 352 9 is_stmt 1 view .LVU131
 352:Drivers/STM32F0xx_HAL_Driver/Src/stm32f0xx_hal_rcc.c ****         
 456              		.loc 1 352 21 is_stmt 0 view .LVU132
 457 0106 FFF7FEFF 		bl	HAL_GetTick
 458              	.LVL24:
 352:Drivers/STM32F0xx_HAL_Driver/Src/stm32f0xx_hal_rcc.c ****         
 459              		.loc 1 352 21 view .LVU133
 460 010a 0500     		movs	r5, r0
 461              	.LVL25:
 355:Drivers/STM32F0xx_HAL_Driver/Src/stm32f0xx_hal_rcc.c ****         {
 462              		.loc 1 355 9 is_stmt 1 view .LVU134
 463              	.L31:
 355:Drivers/STM32F0xx_HAL_Driver/Src/stm32f0xx_hal_rcc.c ****         {
 464              		.loc 1 355 51 view .LVU135
 355:Drivers/STM32F0xx_HAL_Driver/Src/stm32f0xx_hal_rcc.c ****         {
 465              		.loc 1 355 15 is_stmt 0 view .LVU136
 466 010c 704B     		ldr	r3, .L127
 467 010e 1B68     		ldr	r3, [r3]
 355:Drivers/STM32F0xx_HAL_Driver/Src/stm32f0xx_hal_rcc.c ****         {
 468              		.loc 1 355 51 view .LVU137
 469 0110 9B03     		lsls	r3, r3, #14
 470 0112 A4D5     		bpl	.L21
 357:Drivers/STM32F0xx_HAL_Driver/Src/stm32f0xx_hal_rcc.c ****           {
 471              		.loc 1 357 12 is_stmt 1 view .LVU138
 357:Drivers/STM32F0xx_HAL_Driver/Src/stm32f0xx_hal_rcc.c ****           {
 472              		.loc 1 357 16 is_stmt 0 view .LVU139
 473 0114 FFF7FEFF 		bl	HAL_GetTick
 474              	.LVL26:
 357:Drivers/STM32F0xx_HAL_Driver/Src/stm32f0xx_hal_rcc.c ****           {
 475              		.loc 1 357 30 discriminator 1 view .LVU140
 476 0118 401B     		subs	r0, r0, r5
 357:Drivers/STM32F0xx_HAL_Driver/Src/stm32f0xx_hal_rcc.c ****           {
 477              		.loc 1 357 14 discriminator 1 view .LVU141
 478 011a 6428     		cmp	r0, #100
 479 011c F6D9     		bls	.L31
 359:Drivers/STM32F0xx_HAL_Driver/Src/stm32f0xx_hal_rcc.c ****           }
 480              		.loc 1 359 20 view .LVU142
 481 011e 0320     		movs	r0, #3
 482 0120 A5E1     		b	.L20
 483              	.LVL27:
 484              	.L114:
 374:Drivers/STM32F0xx_HAL_Driver/Src/stm32f0xx_hal_rcc.c ****     {
 485              		.loc 1 374 82 discriminator 1 view .LVU143
 486 0122 6B4B     		ldr	r3, .L127
 487 0124 5B68     		ldr	r3, [r3, #4]
ARM GAS  /tmp/cc0vgH7k.s 			page 18


 374:Drivers/STM32F0xx_HAL_Driver/Src/stm32f0xx_hal_rcc.c ****     {
 488              		.loc 1 374 78 discriminator 1 view .LVU144
 489 0126 DB03     		lsls	r3, r3, #15
 490 0128 A7D4     		bmi	.L35
 491              	.L34:
 377:Drivers/STM32F0xx_HAL_Driver/Src/stm32f0xx_hal_rcc.c ****       {
 492              		.loc 1 377 7 is_stmt 1 view .LVU145
 377:Drivers/STM32F0xx_HAL_Driver/Src/stm32f0xx_hal_rcc.c ****       {
 493              		.loc 1 377 11 is_stmt 0 view .LVU146
 494 012a 694B     		ldr	r3, .L127
 495 012c 1B68     		ldr	r3, [r3]
 377:Drivers/STM32F0xx_HAL_Driver/Src/stm32f0xx_hal_rcc.c ****       {
 496              		.loc 1 377 9 view .LVU147
 497 012e 9B07     		lsls	r3, r3, #30
 498 0130 03D5     		bpl	.L36
 377:Drivers/STM32F0xx_HAL_Driver/Src/stm32f0xx_hal_rcc.c ****       {
 499              		.loc 1 377 78 discriminator 1 view .LVU148
 500 0132 E368     		ldr	r3, [r4, #12]
 377:Drivers/STM32F0xx_HAL_Driver/Src/stm32f0xx_hal_rcc.c ****       {
 501              		.loc 1 377 57 discriminator 1 view .LVU149
 502 0134 012B     		cmp	r3, #1
 503 0136 00D0     		beq	.LCB445
 504 0138 9DE1     		b	.L82	@long jump
 505              	.LCB445:
 506              	.L36:
 385:Drivers/STM32F0xx_HAL_Driver/Src/stm32f0xx_hal_rcc.c ****       }
 507              		.loc 1 385 9 is_stmt 1 view .LVU150
 508 013a 6549     		ldr	r1, .L127
 509 013c 0B68     		ldr	r3, [r1]
 510 013e F822     		movs	r2, #248
 511 0140 9343     		bics	r3, r2
 512 0142 2269     		ldr	r2, [r4, #16]
 513 0144 D200     		lsls	r2, r2, #3
 514 0146 1343     		orrs	r3, r2
 515 0148 0B60     		str	r3, [r1]
 516              	.L33:
 405:Drivers/STM32F0xx_HAL_Driver/Src/stm32f0xx_hal_rcc.c ****           }
 406:Drivers/STM32F0xx_HAL_Driver/Src/stm32f0xx_hal_rcc.c ****         }
 407:Drivers/STM32F0xx_HAL_Driver/Src/stm32f0xx_hal_rcc.c ****                 
 408:Drivers/STM32F0xx_HAL_Driver/Src/stm32f0xx_hal_rcc.c ****         /* Adjusts the Internal High Speed oscillator (HSI) calibration value.*/
 409:Drivers/STM32F0xx_HAL_Driver/Src/stm32f0xx_hal_rcc.c ****         __HAL_RCC_HSI_CALIBRATIONVALUE_ADJUST(RCC_OscInitStruct->HSICalibrationValue);
 410:Drivers/STM32F0xx_HAL_Driver/Src/stm32f0xx_hal_rcc.c ****       }
 411:Drivers/STM32F0xx_HAL_Driver/Src/stm32f0xx_hal_rcc.c ****       else
 412:Drivers/STM32F0xx_HAL_Driver/Src/stm32f0xx_hal_rcc.c ****       {
 413:Drivers/STM32F0xx_HAL_Driver/Src/stm32f0xx_hal_rcc.c ****         /* Disable the Internal High Speed oscillator (HSI). */
 414:Drivers/STM32F0xx_HAL_Driver/Src/stm32f0xx_hal_rcc.c ****         __HAL_RCC_HSI_DISABLE();
 415:Drivers/STM32F0xx_HAL_Driver/Src/stm32f0xx_hal_rcc.c ****         
 416:Drivers/STM32F0xx_HAL_Driver/Src/stm32f0xx_hal_rcc.c ****         /* Get Start Tick */
 417:Drivers/STM32F0xx_HAL_Driver/Src/stm32f0xx_hal_rcc.c ****         tickstart = HAL_GetTick();
 418:Drivers/STM32F0xx_HAL_Driver/Src/stm32f0xx_hal_rcc.c ****         
 419:Drivers/STM32F0xx_HAL_Driver/Src/stm32f0xx_hal_rcc.c ****         /* Wait till HSI is disabled */
 420:Drivers/STM32F0xx_HAL_Driver/Src/stm32f0xx_hal_rcc.c ****         while(__HAL_RCC_GET_FLAG(RCC_FLAG_HSIRDY) != RESET)
 421:Drivers/STM32F0xx_HAL_Driver/Src/stm32f0xx_hal_rcc.c ****         {
 422:Drivers/STM32F0xx_HAL_Driver/Src/stm32f0xx_hal_rcc.c ****           if((HAL_GetTick() - tickstart ) > HSI_TIMEOUT_VALUE)
 423:Drivers/STM32F0xx_HAL_Driver/Src/stm32f0xx_hal_rcc.c ****           {
 424:Drivers/STM32F0xx_HAL_Driver/Src/stm32f0xx_hal_rcc.c ****             return HAL_TIMEOUT;
 425:Drivers/STM32F0xx_HAL_Driver/Src/stm32f0xx_hal_rcc.c ****           }
ARM GAS  /tmp/cc0vgH7k.s 			page 19


 426:Drivers/STM32F0xx_HAL_Driver/Src/stm32f0xx_hal_rcc.c ****         }
 427:Drivers/STM32F0xx_HAL_Driver/Src/stm32f0xx_hal_rcc.c ****       }
 428:Drivers/STM32F0xx_HAL_Driver/Src/stm32f0xx_hal_rcc.c ****     }
 429:Drivers/STM32F0xx_HAL_Driver/Src/stm32f0xx_hal_rcc.c ****   }
 430:Drivers/STM32F0xx_HAL_Driver/Src/stm32f0xx_hal_rcc.c ****   /*------------------------------ LSI Configuration -------------------------*/ 
 431:Drivers/STM32F0xx_HAL_Driver/Src/stm32f0xx_hal_rcc.c ****   if(((RCC_OscInitStruct->OscillatorType) & RCC_OSCILLATORTYPE_LSI) == RCC_OSCILLATORTYPE_LSI)
 517              		.loc 1 431 3 view .LVU151
 518              		.loc 1 431 25 is_stmt 0 view .LVU152
 519 014a 2368     		ldr	r3, [r4]
 520              		.loc 1 431 5 view .LVU153
 521 014c 1B07     		lsls	r3, r3, #28
 522 014e 44D5     		bpl	.L42
 432:Drivers/STM32F0xx_HAL_Driver/Src/stm32f0xx_hal_rcc.c ****   {
 433:Drivers/STM32F0xx_HAL_Driver/Src/stm32f0xx_hal_rcc.c ****     /* Check the parameters */
 434:Drivers/STM32F0xx_HAL_Driver/Src/stm32f0xx_hal_rcc.c ****     assert_param(IS_RCC_LSI(RCC_OscInitStruct->LSIState));
 523              		.loc 1 434 5 is_stmt 1 view .LVU154
 435:Drivers/STM32F0xx_HAL_Driver/Src/stm32f0xx_hal_rcc.c ****     
 436:Drivers/STM32F0xx_HAL_Driver/Src/stm32f0xx_hal_rcc.c ****     /* Check the LSI State */
 437:Drivers/STM32F0xx_HAL_Driver/Src/stm32f0xx_hal_rcc.c ****     if(RCC_OscInitStruct->LSIState != RCC_LSI_OFF)
 524              		.loc 1 437 5 view .LVU155
 525              		.loc 1 437 25 is_stmt 0 view .LVU156
 526 0150 E369     		ldr	r3, [r4, #28]
 527              		.loc 1 437 7 view .LVU157
 528 0152 002B     		cmp	r3, #0
 529 0154 2ED0     		beq	.L43
 438:Drivers/STM32F0xx_HAL_Driver/Src/stm32f0xx_hal_rcc.c ****     {
 439:Drivers/STM32F0xx_HAL_Driver/Src/stm32f0xx_hal_rcc.c ****       /* Enable the Internal Low Speed oscillator (LSI). */
 440:Drivers/STM32F0xx_HAL_Driver/Src/stm32f0xx_hal_rcc.c ****       __HAL_RCC_LSI_ENABLE();
 530              		.loc 1 440 7 is_stmt 1 view .LVU158
 531 0156 5E4A     		ldr	r2, .L127
 532 0158 536A     		ldr	r3, [r2, #36]
 533 015a 0121     		movs	r1, #1
 534 015c 0B43     		orrs	r3, r1
 535 015e 5362     		str	r3, [r2, #36]
 441:Drivers/STM32F0xx_HAL_Driver/Src/stm32f0xx_hal_rcc.c ****       
 442:Drivers/STM32F0xx_HAL_Driver/Src/stm32f0xx_hal_rcc.c ****       /* Get Start Tick */
 443:Drivers/STM32F0xx_HAL_Driver/Src/stm32f0xx_hal_rcc.c ****       tickstart = HAL_GetTick();
 536              		.loc 1 443 7 view .LVU159
 537              		.loc 1 443 19 is_stmt 0 view .LVU160
 538 0160 FFF7FEFF 		bl	HAL_GetTick
 539              	.LVL28:
 540 0164 0500     		movs	r5, r0
 541              	.LVL29:
 444:Drivers/STM32F0xx_HAL_Driver/Src/stm32f0xx_hal_rcc.c ****       
 445:Drivers/STM32F0xx_HAL_Driver/Src/stm32f0xx_hal_rcc.c ****       /* Wait till LSI is ready */  
 446:Drivers/STM32F0xx_HAL_Driver/Src/stm32f0xx_hal_rcc.c ****       while(__HAL_RCC_GET_FLAG(RCC_FLAG_LSIRDY) == RESET)
 542              		.loc 1 446 7 is_stmt 1 view .LVU161
 543              	.L44:
 544              		.loc 1 446 49 view .LVU162
 545              		.loc 1 446 13 is_stmt 0 view .LVU163
 546 0166 5A4B     		ldr	r3, .L127
 547 0168 5B6A     		ldr	r3, [r3, #36]
 548              		.loc 1 446 49 view .LVU164
 549 016a 9B07     		lsls	r3, r3, #30
 550 016c 35D4     		bmi	.L42
 447:Drivers/STM32F0xx_HAL_Driver/Src/stm32f0xx_hal_rcc.c ****       {
 448:Drivers/STM32F0xx_HAL_Driver/Src/stm32f0xx_hal_rcc.c ****         if((HAL_GetTick() - tickstart ) > LSI_TIMEOUT_VALUE)
ARM GAS  /tmp/cc0vgH7k.s 			page 20


 551              		.loc 1 448 9 is_stmt 1 view .LVU165
 552              		.loc 1 448 13 is_stmt 0 view .LVU166
 553 016e FFF7FEFF 		bl	HAL_GetTick
 554              	.LVL30:
 555              		.loc 1 448 27 discriminator 1 view .LVU167
 556 0172 401B     		subs	r0, r0, r5
 557              		.loc 1 448 11 discriminator 1 view .LVU168
 558 0174 0228     		cmp	r0, #2
 559 0176 F6D9     		bls	.L44
 449:Drivers/STM32F0xx_HAL_Driver/Src/stm32f0xx_hal_rcc.c ****         {
 450:Drivers/STM32F0xx_HAL_Driver/Src/stm32f0xx_hal_rcc.c ****           return HAL_TIMEOUT;
 560              		.loc 1 450 18 view .LVU169
 561 0178 0320     		movs	r0, #3
 562 017a 78E1     		b	.L20
 563              	.L115:
 409:Drivers/STM32F0xx_HAL_Driver/Src/stm32f0xx_hal_rcc.c ****       }
 564              		.loc 1 409 9 is_stmt 1 view .LVU170
 565 017c 5449     		ldr	r1, .L127
 566 017e 0B68     		ldr	r3, [r1]
 567 0180 F822     		movs	r2, #248
 568 0182 9343     		bics	r3, r2
 569 0184 2269     		ldr	r2, [r4, #16]
 570 0186 D200     		lsls	r2, r2, #3
 571 0188 1343     		orrs	r3, r2
 572 018a 0B60     		str	r3, [r1]
 573 018c DDE7     		b	.L33
 574              	.LVL31:
 575              	.L37:
 414:Drivers/STM32F0xx_HAL_Driver/Src/stm32f0xx_hal_rcc.c ****         
 576              		.loc 1 414 9 view .LVU171
 577 018e 504A     		ldr	r2, .L127
 578 0190 1368     		ldr	r3, [r2]
 579 0192 0121     		movs	r1, #1
 580 0194 8B43     		bics	r3, r1
 581 0196 1360     		str	r3, [r2]
 417:Drivers/STM32F0xx_HAL_Driver/Src/stm32f0xx_hal_rcc.c ****         
 582              		.loc 1 417 9 view .LVU172
 417:Drivers/STM32F0xx_HAL_Driver/Src/stm32f0xx_hal_rcc.c ****         
 583              		.loc 1 417 21 is_stmt 0 view .LVU173
 584 0198 FFF7FEFF 		bl	HAL_GetTick
 585              	.LVL32:
 586 019c 0500     		movs	r5, r0
 587              	.LVL33:
 420:Drivers/STM32F0xx_HAL_Driver/Src/stm32f0xx_hal_rcc.c ****         {
 588              		.loc 1 420 9 is_stmt 1 view .LVU174
 589              	.L40:
 420:Drivers/STM32F0xx_HAL_Driver/Src/stm32f0xx_hal_rcc.c ****         {
 590              		.loc 1 420 51 view .LVU175
 420:Drivers/STM32F0xx_HAL_Driver/Src/stm32f0xx_hal_rcc.c ****         {
 591              		.loc 1 420 15 is_stmt 0 view .LVU176
 592 019e 4C4B     		ldr	r3, .L127
 593 01a0 1B68     		ldr	r3, [r3]
 420:Drivers/STM32F0xx_HAL_Driver/Src/stm32f0xx_hal_rcc.c ****         {
 594              		.loc 1 420 51 view .LVU177
 595 01a2 9B07     		lsls	r3, r3, #30
 596 01a4 D1D5     		bpl	.L33
 422:Drivers/STM32F0xx_HAL_Driver/Src/stm32f0xx_hal_rcc.c ****           {
ARM GAS  /tmp/cc0vgH7k.s 			page 21


 597              		.loc 1 422 11 is_stmt 1 view .LVU178
 422:Drivers/STM32F0xx_HAL_Driver/Src/stm32f0xx_hal_rcc.c ****           {
 598              		.loc 1 422 15 is_stmt 0 view .LVU179
 599 01a6 FFF7FEFF 		bl	HAL_GetTick
 600              	.LVL34:
 422:Drivers/STM32F0xx_HAL_Driver/Src/stm32f0xx_hal_rcc.c ****           {
 601              		.loc 1 422 29 discriminator 1 view .LVU180
 602 01aa 401B     		subs	r0, r0, r5
 422:Drivers/STM32F0xx_HAL_Driver/Src/stm32f0xx_hal_rcc.c ****           {
 603              		.loc 1 422 13 discriminator 1 view .LVU181
 604 01ac 0228     		cmp	r0, #2
 605 01ae F6D9     		bls	.L40
 424:Drivers/STM32F0xx_HAL_Driver/Src/stm32f0xx_hal_rcc.c ****           }
 606              		.loc 1 424 20 view .LVU182
 607 01b0 0320     		movs	r0, #3
 608 01b2 5CE1     		b	.L20
 609              	.LVL35:
 610              	.L43:
 451:Drivers/STM32F0xx_HAL_Driver/Src/stm32f0xx_hal_rcc.c ****         }
 452:Drivers/STM32F0xx_HAL_Driver/Src/stm32f0xx_hal_rcc.c ****       }
 453:Drivers/STM32F0xx_HAL_Driver/Src/stm32f0xx_hal_rcc.c ****     }
 454:Drivers/STM32F0xx_HAL_Driver/Src/stm32f0xx_hal_rcc.c ****     else
 455:Drivers/STM32F0xx_HAL_Driver/Src/stm32f0xx_hal_rcc.c ****     {
 456:Drivers/STM32F0xx_HAL_Driver/Src/stm32f0xx_hal_rcc.c ****       /* Disable the Internal Low Speed oscillator (LSI). */
 457:Drivers/STM32F0xx_HAL_Driver/Src/stm32f0xx_hal_rcc.c ****       __HAL_RCC_LSI_DISABLE();
 611              		.loc 1 457 7 is_stmt 1 view .LVU183
 612 01b4 464A     		ldr	r2, .L127
 613 01b6 536A     		ldr	r3, [r2, #36]
 614 01b8 0121     		movs	r1, #1
 615 01ba 8B43     		bics	r3, r1
 616 01bc 5362     		str	r3, [r2, #36]
 458:Drivers/STM32F0xx_HAL_Driver/Src/stm32f0xx_hal_rcc.c ****       
 459:Drivers/STM32F0xx_HAL_Driver/Src/stm32f0xx_hal_rcc.c ****       /* Get Start Tick */
 460:Drivers/STM32F0xx_HAL_Driver/Src/stm32f0xx_hal_rcc.c ****       tickstart = HAL_GetTick();
 617              		.loc 1 460 7 view .LVU184
 618              		.loc 1 460 19 is_stmt 0 view .LVU185
 619 01be FFF7FEFF 		bl	HAL_GetTick
 620              	.LVL36:
 621 01c2 0500     		movs	r5, r0
 622              	.LVL37:
 461:Drivers/STM32F0xx_HAL_Driver/Src/stm32f0xx_hal_rcc.c ****       
 462:Drivers/STM32F0xx_HAL_Driver/Src/stm32f0xx_hal_rcc.c ****       /* Wait till LSI is disabled */  
 463:Drivers/STM32F0xx_HAL_Driver/Src/stm32f0xx_hal_rcc.c ****       while(__HAL_RCC_GET_FLAG(RCC_FLAG_LSIRDY) != RESET)
 623              		.loc 1 463 7 is_stmt 1 view .LVU186
 624              	.L46:
 625              		.loc 1 463 49 view .LVU187
 626              		.loc 1 463 13 is_stmt 0 view .LVU188
 627 01c4 424B     		ldr	r3, .L127
 628 01c6 5B6A     		ldr	r3, [r3, #36]
 629              		.loc 1 463 49 view .LVU189
 630 01c8 9B07     		lsls	r3, r3, #30
 631 01ca 06D5     		bpl	.L42
 464:Drivers/STM32F0xx_HAL_Driver/Src/stm32f0xx_hal_rcc.c ****       {
 465:Drivers/STM32F0xx_HAL_Driver/Src/stm32f0xx_hal_rcc.c ****         if((HAL_GetTick() - tickstart ) > LSI_TIMEOUT_VALUE)
 632              		.loc 1 465 9 is_stmt 1 view .LVU190
 633              		.loc 1 465 13 is_stmt 0 view .LVU191
 634 01cc FFF7FEFF 		bl	HAL_GetTick
ARM GAS  /tmp/cc0vgH7k.s 			page 22


 635              	.LVL38:
 636              		.loc 1 465 27 discriminator 1 view .LVU192
 637 01d0 401B     		subs	r0, r0, r5
 638              		.loc 1 465 11 discriminator 1 view .LVU193
 639 01d2 0228     		cmp	r0, #2
 640 01d4 F6D9     		bls	.L46
 466:Drivers/STM32F0xx_HAL_Driver/Src/stm32f0xx_hal_rcc.c ****         {
 467:Drivers/STM32F0xx_HAL_Driver/Src/stm32f0xx_hal_rcc.c ****           return HAL_TIMEOUT;
 641              		.loc 1 467 18 view .LVU194
 642 01d6 0320     		movs	r0, #3
 643 01d8 49E1     		b	.L20
 644              	.LVL39:
 645              	.L42:
 468:Drivers/STM32F0xx_HAL_Driver/Src/stm32f0xx_hal_rcc.c ****         }
 469:Drivers/STM32F0xx_HAL_Driver/Src/stm32f0xx_hal_rcc.c ****       }
 470:Drivers/STM32F0xx_HAL_Driver/Src/stm32f0xx_hal_rcc.c ****     }
 471:Drivers/STM32F0xx_HAL_Driver/Src/stm32f0xx_hal_rcc.c ****   }
 472:Drivers/STM32F0xx_HAL_Driver/Src/stm32f0xx_hal_rcc.c ****   /*------------------------------ LSE Configuration -------------------------*/ 
 473:Drivers/STM32F0xx_HAL_Driver/Src/stm32f0xx_hal_rcc.c ****   if(((RCC_OscInitStruct->OscillatorType) & RCC_OSCILLATORTYPE_LSE) == RCC_OSCILLATORTYPE_LSE)
 646              		.loc 1 473 3 is_stmt 1 view .LVU195
 647              		.loc 1 473 25 is_stmt 0 view .LVU196
 648 01da 2368     		ldr	r3, [r4]
 649              		.loc 1 473 5 view .LVU197
 650 01dc 5B07     		lsls	r3, r3, #29
 651 01de 00D4     		bmi	.LCB592
 652 01e0 82E0     		b	.L48	@long jump
 653              	.LCB592:
 654              	.LBB2:
 474:Drivers/STM32F0xx_HAL_Driver/Src/stm32f0xx_hal_rcc.c ****   {
 475:Drivers/STM32F0xx_HAL_Driver/Src/stm32f0xx_hal_rcc.c ****     FlagStatus       pwrclkchanged = RESET;
 655              		.loc 1 475 5 is_stmt 1 view .LVU198
 656              	.LVL40:
 476:Drivers/STM32F0xx_HAL_Driver/Src/stm32f0xx_hal_rcc.c ****     
 477:Drivers/STM32F0xx_HAL_Driver/Src/stm32f0xx_hal_rcc.c ****     /* Check the parameters */
 478:Drivers/STM32F0xx_HAL_Driver/Src/stm32f0xx_hal_rcc.c ****     assert_param(IS_RCC_LSE(RCC_OscInitStruct->LSEState));
 657              		.loc 1 478 5 view .LVU199
 479:Drivers/STM32F0xx_HAL_Driver/Src/stm32f0xx_hal_rcc.c **** 
 480:Drivers/STM32F0xx_HAL_Driver/Src/stm32f0xx_hal_rcc.c ****     /* Update LSE configuration in Backup Domain control register    */
 481:Drivers/STM32F0xx_HAL_Driver/Src/stm32f0xx_hal_rcc.c ****     /* Requires to enable write access to Backup Domain of necessary */
 482:Drivers/STM32F0xx_HAL_Driver/Src/stm32f0xx_hal_rcc.c ****     if(__HAL_RCC_PWR_IS_CLK_DISABLED())
 658              		.loc 1 482 5 view .LVU200
 659              		.loc 1 482 8 is_stmt 0 view .LVU201
 660 01e2 3B4B     		ldr	r3, .L127
 661 01e4 DB69     		ldr	r3, [r3, #28]
 662              		.loc 1 482 7 view .LVU202
 663 01e6 DB00     		lsls	r3, r3, #3
 664 01e8 1ED4     		bmi	.L87
 483:Drivers/STM32F0xx_HAL_Driver/Src/stm32f0xx_hal_rcc.c ****     {
 484:Drivers/STM32F0xx_HAL_Driver/Src/stm32f0xx_hal_rcc.c ****       __HAL_RCC_PWR_CLK_ENABLE();
 665              		.loc 1 484 7 is_stmt 1 view .LVU203
 666              	.LBB3:
 667              		.loc 1 484 7 view .LVU204
 668              		.loc 1 484 7 view .LVU205
 669 01ea 394B     		ldr	r3, .L127
 670 01ec DA69     		ldr	r2, [r3, #28]
 671 01ee 8021     		movs	r1, #128
 672 01f0 4905     		lsls	r1, r1, #21
ARM GAS  /tmp/cc0vgH7k.s 			page 23


 673 01f2 0A43     		orrs	r2, r1
 674 01f4 DA61     		str	r2, [r3, #28]
 675              		.loc 1 484 7 view .LVU206
 676 01f6 DB69     		ldr	r3, [r3, #28]
 677 01f8 0B40     		ands	r3, r1
 678 01fa 0193     		str	r3, [sp, #4]
 679              		.loc 1 484 7 view .LVU207
 680 01fc 019B     		ldr	r3, [sp, #4]
 681              	.LBE3:
 682              		.loc 1 484 7 view .LVU208
 485:Drivers/STM32F0xx_HAL_Driver/Src/stm32f0xx_hal_rcc.c ****       pwrclkchanged = SET;
 683              		.loc 1 485 7 view .LVU209
 684              	.LVL41:
 685              		.loc 1 485 21 is_stmt 0 view .LVU210
 686 01fe 0123     		movs	r3, #1
 687 0200 1E00     		movs	r6, r3
 688              	.LVL42:
 689              	.L49:
 486:Drivers/STM32F0xx_HAL_Driver/Src/stm32f0xx_hal_rcc.c ****     }
 487:Drivers/STM32F0xx_HAL_Driver/Src/stm32f0xx_hal_rcc.c ****     
 488:Drivers/STM32F0xx_HAL_Driver/Src/stm32f0xx_hal_rcc.c ****     if(HAL_IS_BIT_CLR(PWR->CR, PWR_CR_DBP))
 690              		.loc 1 488 5 is_stmt 1 view .LVU211
 691              		.loc 1 488 8 is_stmt 0 view .LVU212
 692 0202 364B     		ldr	r3, .L127+12
 693 0204 1B68     		ldr	r3, [r3]
 694              		.loc 1 488 7 view .LVU213
 695 0206 DB05     		lsls	r3, r3, #23
 696 0208 11D5     		bpl	.L117
 697              	.L50:
 489:Drivers/STM32F0xx_HAL_Driver/Src/stm32f0xx_hal_rcc.c ****     {
 490:Drivers/STM32F0xx_HAL_Driver/Src/stm32f0xx_hal_rcc.c ****       /* Enable write access to Backup domain */
 491:Drivers/STM32F0xx_HAL_Driver/Src/stm32f0xx_hal_rcc.c ****       SET_BIT(PWR->CR, PWR_CR_DBP);
 492:Drivers/STM32F0xx_HAL_Driver/Src/stm32f0xx_hal_rcc.c ****       
 493:Drivers/STM32F0xx_HAL_Driver/Src/stm32f0xx_hal_rcc.c ****       /* Wait for Backup domain Write protection disable */
 494:Drivers/STM32F0xx_HAL_Driver/Src/stm32f0xx_hal_rcc.c ****       tickstart = HAL_GetTick();
 495:Drivers/STM32F0xx_HAL_Driver/Src/stm32f0xx_hal_rcc.c **** 
 496:Drivers/STM32F0xx_HAL_Driver/Src/stm32f0xx_hal_rcc.c ****       while(HAL_IS_BIT_CLR(PWR->CR, PWR_CR_DBP))
 497:Drivers/STM32F0xx_HAL_Driver/Src/stm32f0xx_hal_rcc.c ****       {
 498:Drivers/STM32F0xx_HAL_Driver/Src/stm32f0xx_hal_rcc.c ****         if((HAL_GetTick() - tickstart) > RCC_DBP_TIMEOUT_VALUE)
 499:Drivers/STM32F0xx_HAL_Driver/Src/stm32f0xx_hal_rcc.c ****         {
 500:Drivers/STM32F0xx_HAL_Driver/Src/stm32f0xx_hal_rcc.c ****           return HAL_TIMEOUT;
 501:Drivers/STM32F0xx_HAL_Driver/Src/stm32f0xx_hal_rcc.c ****         }
 502:Drivers/STM32F0xx_HAL_Driver/Src/stm32f0xx_hal_rcc.c ****       }
 503:Drivers/STM32F0xx_HAL_Driver/Src/stm32f0xx_hal_rcc.c ****     }
 504:Drivers/STM32F0xx_HAL_Driver/Src/stm32f0xx_hal_rcc.c **** 
 505:Drivers/STM32F0xx_HAL_Driver/Src/stm32f0xx_hal_rcc.c ****     /* Set the new LSE configuration -----------------------------------------*/
 506:Drivers/STM32F0xx_HAL_Driver/Src/stm32f0xx_hal_rcc.c ****     __HAL_RCC_LSE_CONFIG(RCC_OscInitStruct->LSEState);
 698              		.loc 1 506 5 is_stmt 1 view .LVU214
 699              		.loc 1 506 5 view .LVU215
 700 020a A368     		ldr	r3, [r4, #8]
 701 020c 012B     		cmp	r3, #1
 702 020e 22D0     		beq	.L118
 703              		.loc 1 506 5 discriminator 2 view .LVU216
 704 0210 002B     		cmp	r3, #0
 705 0212 37D1     		bne	.L55
 706              		.loc 1 506 5 discriminator 3 view .LVU217
 707 0214 2E4B     		ldr	r3, .L127
ARM GAS  /tmp/cc0vgH7k.s 			page 24


 708 0216 1A6A     		ldr	r2, [r3, #32]
 709 0218 0121     		movs	r1, #1
 710 021a 8A43     		bics	r2, r1
 711 021c 1A62     		str	r2, [r3, #32]
 712              		.loc 1 506 5 view .LVU218
 713              		.loc 1 506 5 is_stmt 0 discriminator 3 view .LVU219
 714 021e 1A6A     		ldr	r2, [r3, #32]
 715 0220 0331     		adds	r1, r1, #3
 716 0222 8A43     		bics	r2, r1
 717 0224 1A62     		str	r2, [r3, #32]
 718 0226 1BE0     		b	.L54
 719              	.LVL43:
 720              	.L87:
 475:Drivers/STM32F0xx_HAL_Driver/Src/stm32f0xx_hal_rcc.c ****     
 721              		.loc 1 475 22 view .LVU220
 722 0228 0023     		movs	r3, #0
 723 022a 1E00     		movs	r6, r3
 724 022c E9E7     		b	.L49
 725              	.LVL44:
 726              	.L117:
 491:Drivers/STM32F0xx_HAL_Driver/Src/stm32f0xx_hal_rcc.c ****       
 727              		.loc 1 491 7 is_stmt 1 view .LVU221
 728 022e 2B4A     		ldr	r2, .L127+12
 729 0230 1168     		ldr	r1, [r2]
 730 0232 8023     		movs	r3, #128
 731 0234 5B00     		lsls	r3, r3, #1
 732 0236 0B43     		orrs	r3, r1
 733 0238 1360     		str	r3, [r2]
 494:Drivers/STM32F0xx_HAL_Driver/Src/stm32f0xx_hal_rcc.c **** 
 734              		.loc 1 494 7 view .LVU222
 494:Drivers/STM32F0xx_HAL_Driver/Src/stm32f0xx_hal_rcc.c **** 
 735              		.loc 1 494 19 is_stmt 0 view .LVU223
 736 023a FFF7FEFF 		bl	HAL_GetTick
 737              	.LVL45:
 738 023e 0500     		movs	r5, r0
 739              	.LVL46:
 496:Drivers/STM32F0xx_HAL_Driver/Src/stm32f0xx_hal_rcc.c ****       {
 740              		.loc 1 496 7 is_stmt 1 view .LVU224
 741              	.L51:
 496:Drivers/STM32F0xx_HAL_Driver/Src/stm32f0xx_hal_rcc.c ****       {
 742              		.loc 1 496 13 view .LVU225
 743 0240 264B     		ldr	r3, .L127+12
 744 0242 1B68     		ldr	r3, [r3]
 745 0244 DB05     		lsls	r3, r3, #23
 746 0246 E0D4     		bmi	.L50
 498:Drivers/STM32F0xx_HAL_Driver/Src/stm32f0xx_hal_rcc.c ****         {
 747              		.loc 1 498 9 view .LVU226
 498:Drivers/STM32F0xx_HAL_Driver/Src/stm32f0xx_hal_rcc.c ****         {
 748              		.loc 1 498 13 is_stmt 0 view .LVU227
 749 0248 FFF7FEFF 		bl	HAL_GetTick
 750              	.LVL47:
 498:Drivers/STM32F0xx_HAL_Driver/Src/stm32f0xx_hal_rcc.c ****         {
 751              		.loc 1 498 27 discriminator 1 view .LVU228
 752 024c 401B     		subs	r0, r0, r5
 498:Drivers/STM32F0xx_HAL_Driver/Src/stm32f0xx_hal_rcc.c ****         {
 753              		.loc 1 498 11 discriminator 1 view .LVU229
 754 024e 6428     		cmp	r0, #100
ARM GAS  /tmp/cc0vgH7k.s 			page 25


 755 0250 F6D9     		bls	.L51
 500:Drivers/STM32F0xx_HAL_Driver/Src/stm32f0xx_hal_rcc.c ****         }
 756              		.loc 1 500 18 view .LVU230
 757 0252 0320     		movs	r0, #3
 758 0254 0BE1     		b	.L20
 759              	.LVL48:
 760              	.L118:
 761              		.loc 1 506 5 is_stmt 1 discriminator 1 view .LVU231
 762 0256 1E4A     		ldr	r2, .L127
 763 0258 136A     		ldr	r3, [r2, #32]
 764 025a 0121     		movs	r1, #1
 765 025c 0B43     		orrs	r3, r1
 766 025e 1362     		str	r3, [r2, #32]
 767              	.L54:
 768              		.loc 1 506 5 view .LVU232
 507:Drivers/STM32F0xx_HAL_Driver/Src/stm32f0xx_hal_rcc.c ****     /* Check the LSE State */
 508:Drivers/STM32F0xx_HAL_Driver/Src/stm32f0xx_hal_rcc.c ****     if(RCC_OscInitStruct->LSEState != RCC_LSE_OFF)
 769              		.loc 1 508 5 view .LVU233
 770              		.loc 1 508 25 is_stmt 0 view .LVU234
 771 0260 A368     		ldr	r3, [r4, #8]
 772              		.loc 1 508 7 view .LVU235
 773 0262 002B     		cmp	r3, #0
 774 0264 24D0     		beq	.L57
 509:Drivers/STM32F0xx_HAL_Driver/Src/stm32f0xx_hal_rcc.c ****     {
 510:Drivers/STM32F0xx_HAL_Driver/Src/stm32f0xx_hal_rcc.c ****       /* Get Start Tick */
 511:Drivers/STM32F0xx_HAL_Driver/Src/stm32f0xx_hal_rcc.c ****       tickstart = HAL_GetTick();
 775              		.loc 1 511 7 is_stmt 1 view .LVU236
 776              		.loc 1 511 19 is_stmt 0 view .LVU237
 777 0266 FFF7FEFF 		bl	HAL_GetTick
 778              	.LVL49:
 779 026a 0500     		movs	r5, r0
 780              	.LVL50:
 512:Drivers/STM32F0xx_HAL_Driver/Src/stm32f0xx_hal_rcc.c ****       
 513:Drivers/STM32F0xx_HAL_Driver/Src/stm32f0xx_hal_rcc.c ****       /* Wait till LSE is ready */  
 514:Drivers/STM32F0xx_HAL_Driver/Src/stm32f0xx_hal_rcc.c ****       while(__HAL_RCC_GET_FLAG(RCC_FLAG_LSERDY) == RESET)
 781              		.loc 1 514 7 is_stmt 1 view .LVU238
 782              	.L58:
 783              		.loc 1 514 49 view .LVU239
 784              		.loc 1 514 13 is_stmt 0 view .LVU240
 785 026c 184B     		ldr	r3, .L127
 786 026e 1B6A     		ldr	r3, [r3, #32]
 787              		.loc 1 514 49 view .LVU241
 788 0270 9B07     		lsls	r3, r3, #30
 789 0272 37D4     		bmi	.L60
 515:Drivers/STM32F0xx_HAL_Driver/Src/stm32f0xx_hal_rcc.c ****       {
 516:Drivers/STM32F0xx_HAL_Driver/Src/stm32f0xx_hal_rcc.c ****         if((HAL_GetTick() - tickstart ) > RCC_LSE_TIMEOUT_VALUE)
 790              		.loc 1 516 9 is_stmt 1 view .LVU242
 791              		.loc 1 516 13 is_stmt 0 view .LVU243
 792 0274 FFF7FEFF 		bl	HAL_GetTick
 793              	.LVL51:
 794              		.loc 1 516 27 discriminator 1 view .LVU244
 795 0278 401B     		subs	r0, r0, r5
 796              		.loc 1 516 11 discriminator 1 view .LVU245
 797 027a 194B     		ldr	r3, .L127+16
 798 027c 9842     		cmp	r0, r3
 799 027e F5D9     		bls	.L58
 517:Drivers/STM32F0xx_HAL_Driver/Src/stm32f0xx_hal_rcc.c ****         {
ARM GAS  /tmp/cc0vgH7k.s 			page 26


 518:Drivers/STM32F0xx_HAL_Driver/Src/stm32f0xx_hal_rcc.c ****           return HAL_TIMEOUT;
 800              		.loc 1 518 18 view .LVU246
 801 0280 0320     		movs	r0, #3
 802 0282 F4E0     		b	.L20
 803              	.LVL52:
 804              	.L55:
 506:Drivers/STM32F0xx_HAL_Driver/Src/stm32f0xx_hal_rcc.c ****     /* Check the LSE State */
 805              		.loc 1 506 5 is_stmt 1 discriminator 4 view .LVU247
 806 0284 052B     		cmp	r3, #5
 807 0286 09D0     		beq	.L119
 506:Drivers/STM32F0xx_HAL_Driver/Src/stm32f0xx_hal_rcc.c ****     /* Check the LSE State */
 808              		.loc 1 506 5 discriminator 6 view .LVU248
 809 0288 114B     		ldr	r3, .L127
 810 028a 1A6A     		ldr	r2, [r3, #32]
 811 028c 0121     		movs	r1, #1
 812 028e 8A43     		bics	r2, r1
 813 0290 1A62     		str	r2, [r3, #32]
 506:Drivers/STM32F0xx_HAL_Driver/Src/stm32f0xx_hal_rcc.c ****     /* Check the LSE State */
 814              		.loc 1 506 5 view .LVU249
 506:Drivers/STM32F0xx_HAL_Driver/Src/stm32f0xx_hal_rcc.c ****     /* Check the LSE State */
 815              		.loc 1 506 5 is_stmt 0 discriminator 6 view .LVU250
 816 0292 1A6A     		ldr	r2, [r3, #32]
 817 0294 0331     		adds	r1, r1, #3
 818 0296 8A43     		bics	r2, r1
 819 0298 1A62     		str	r2, [r3, #32]
 820 029a E1E7     		b	.L54
 821              	.L119:
 506:Drivers/STM32F0xx_HAL_Driver/Src/stm32f0xx_hal_rcc.c ****     /* Check the LSE State */
 822              		.loc 1 506 5 is_stmt 1 discriminator 5 view .LVU251
 823 029c 0C4B     		ldr	r3, .L127
 824 029e 1A6A     		ldr	r2, [r3, #32]
 825 02a0 0421     		movs	r1, #4
 826 02a2 0A43     		orrs	r2, r1
 827 02a4 1A62     		str	r2, [r3, #32]
 506:Drivers/STM32F0xx_HAL_Driver/Src/stm32f0xx_hal_rcc.c ****     /* Check the LSE State */
 828              		.loc 1 506 5 view .LVU252
 506:Drivers/STM32F0xx_HAL_Driver/Src/stm32f0xx_hal_rcc.c ****     /* Check the LSE State */
 829              		.loc 1 506 5 is_stmt 0 discriminator 5 view .LVU253
 830 02a6 1A6A     		ldr	r2, [r3, #32]
 831 02a8 0339     		subs	r1, r1, #3
 832 02aa 0A43     		orrs	r2, r1
 833 02ac 1A62     		str	r2, [r3, #32]
 834 02ae D7E7     		b	.L54
 835              	.L57:
 519:Drivers/STM32F0xx_HAL_Driver/Src/stm32f0xx_hal_rcc.c ****         }
 520:Drivers/STM32F0xx_HAL_Driver/Src/stm32f0xx_hal_rcc.c ****       }
 521:Drivers/STM32F0xx_HAL_Driver/Src/stm32f0xx_hal_rcc.c ****     }
 522:Drivers/STM32F0xx_HAL_Driver/Src/stm32f0xx_hal_rcc.c ****     else
 523:Drivers/STM32F0xx_HAL_Driver/Src/stm32f0xx_hal_rcc.c ****     {
 524:Drivers/STM32F0xx_HAL_Driver/Src/stm32f0xx_hal_rcc.c ****       /* Get Start Tick */
 525:Drivers/STM32F0xx_HAL_Driver/Src/stm32f0xx_hal_rcc.c ****       tickstart = HAL_GetTick();
 836              		.loc 1 525 7 is_stmt 1 view .LVU254
 837              		.loc 1 525 19 is_stmt 0 view .LVU255
 838 02b0 FFF7FEFF 		bl	HAL_GetTick
 839              	.LVL53:
 840 02b4 0500     		movs	r5, r0
 841              	.LVL54:
ARM GAS  /tmp/cc0vgH7k.s 			page 27


 526:Drivers/STM32F0xx_HAL_Driver/Src/stm32f0xx_hal_rcc.c ****       
 527:Drivers/STM32F0xx_HAL_Driver/Src/stm32f0xx_hal_rcc.c ****       /* Wait till LSE is disabled */  
 528:Drivers/STM32F0xx_HAL_Driver/Src/stm32f0xx_hal_rcc.c ****       while(__HAL_RCC_GET_FLAG(RCC_FLAG_LSERDY) != RESET)
 842              		.loc 1 528 7 is_stmt 1 view .LVU256
 843              	.L61:
 844              		.loc 1 528 49 view .LVU257
 845              		.loc 1 528 13 is_stmt 0 view .LVU258
 846 02b6 064B     		ldr	r3, .L127
 847 02b8 1B6A     		ldr	r3, [r3, #32]
 848              		.loc 1 528 49 view .LVU259
 849 02ba 9B07     		lsls	r3, r3, #30
 850 02bc 12D5     		bpl	.L60
 529:Drivers/STM32F0xx_HAL_Driver/Src/stm32f0xx_hal_rcc.c ****       {
 530:Drivers/STM32F0xx_HAL_Driver/Src/stm32f0xx_hal_rcc.c ****         if((HAL_GetTick() - tickstart ) > RCC_LSE_TIMEOUT_VALUE)
 851              		.loc 1 530 9 is_stmt 1 view .LVU260
 852              		.loc 1 530 13 is_stmt 0 view .LVU261
 853 02be FFF7FEFF 		bl	HAL_GetTick
 854              	.LVL55:
 855              		.loc 1 530 27 discriminator 1 view .LVU262
 856 02c2 401B     		subs	r0, r0, r5
 857              		.loc 1 530 11 discriminator 1 view .LVU263
 858 02c4 064B     		ldr	r3, .L127+16
 859 02c6 9842     		cmp	r0, r3
 860 02c8 F5D9     		bls	.L61
 531:Drivers/STM32F0xx_HAL_Driver/Src/stm32f0xx_hal_rcc.c ****         {
 532:Drivers/STM32F0xx_HAL_Driver/Src/stm32f0xx_hal_rcc.c ****           return HAL_TIMEOUT;
 861              		.loc 1 532 18 view .LVU264
 862 02ca 0320     		movs	r0, #3
 863 02cc CFE0     		b	.L20
 864              	.L128:
 865 02ce C046     		.align	2
 866              	.L127:
 867 02d0 00100240 		.word	1073876992
 868 02d4 FFFFFEFF 		.word	-65537
 869 02d8 FFFFFBFF 		.word	-262145
 870 02dc 00700040 		.word	1073770496
 871 02e0 88130000 		.word	5000
 872              	.L60:
 533:Drivers/STM32F0xx_HAL_Driver/Src/stm32f0xx_hal_rcc.c ****         }
 534:Drivers/STM32F0xx_HAL_Driver/Src/stm32f0xx_hal_rcc.c ****       }
 535:Drivers/STM32F0xx_HAL_Driver/Src/stm32f0xx_hal_rcc.c ****     }
 536:Drivers/STM32F0xx_HAL_Driver/Src/stm32f0xx_hal_rcc.c **** 
 537:Drivers/STM32F0xx_HAL_Driver/Src/stm32f0xx_hal_rcc.c ****     /* Require to disable power clock if necessary */
 538:Drivers/STM32F0xx_HAL_Driver/Src/stm32f0xx_hal_rcc.c ****     if(pwrclkchanged == SET)
 873              		.loc 1 538 5 is_stmt 1 view .LVU265
 874              		.loc 1 538 7 is_stmt 0 view .LVU266
 875 02e4 012E     		cmp	r6, #1
 876 02e6 33D0     		beq	.L120
 877              	.LVL56:
 878              	.L48:
 879              		.loc 1 538 7 view .LVU267
 880              	.LBE2:
 539:Drivers/STM32F0xx_HAL_Driver/Src/stm32f0xx_hal_rcc.c ****     {
 540:Drivers/STM32F0xx_HAL_Driver/Src/stm32f0xx_hal_rcc.c ****       __HAL_RCC_PWR_CLK_DISABLE();
 541:Drivers/STM32F0xx_HAL_Driver/Src/stm32f0xx_hal_rcc.c ****     }
 542:Drivers/STM32F0xx_HAL_Driver/Src/stm32f0xx_hal_rcc.c ****   }
 543:Drivers/STM32F0xx_HAL_Driver/Src/stm32f0xx_hal_rcc.c **** 
ARM GAS  /tmp/cc0vgH7k.s 			page 28


 544:Drivers/STM32F0xx_HAL_Driver/Src/stm32f0xx_hal_rcc.c ****   /*----------------------------- HSI14 Configuration --------------------------*/
 545:Drivers/STM32F0xx_HAL_Driver/Src/stm32f0xx_hal_rcc.c ****   if(((RCC_OscInitStruct->OscillatorType) & RCC_OSCILLATORTYPE_HSI14) == RCC_OSCILLATORTYPE_HSI14)
 881              		.loc 1 545 3 is_stmt 1 view .LVU268
 882              		.loc 1 545 25 is_stmt 0 view .LVU269
 883 02e8 2368     		ldr	r3, [r4]
 884              		.loc 1 545 5 view .LVU270
 885 02ea DB06     		lsls	r3, r3, #27
 886 02ec 10D5     		bpl	.L63
 546:Drivers/STM32F0xx_HAL_Driver/Src/stm32f0xx_hal_rcc.c ****   {
 547:Drivers/STM32F0xx_HAL_Driver/Src/stm32f0xx_hal_rcc.c ****     /* Check the parameters */
 548:Drivers/STM32F0xx_HAL_Driver/Src/stm32f0xx_hal_rcc.c ****     assert_param(IS_RCC_HSI14(RCC_OscInitStruct->HSI14State));
 887              		.loc 1 548 5 is_stmt 1 view .LVU271
 549:Drivers/STM32F0xx_HAL_Driver/Src/stm32f0xx_hal_rcc.c ****     assert_param(IS_RCC_CALIBRATION_VALUE(RCC_OscInitStruct->HSI14CalibrationValue));
 888              		.loc 1 549 5 view .LVU272
 550:Drivers/STM32F0xx_HAL_Driver/Src/stm32f0xx_hal_rcc.c **** 
 551:Drivers/STM32F0xx_HAL_Driver/Src/stm32f0xx_hal_rcc.c ****     /* Check the HSI14 State */
 552:Drivers/STM32F0xx_HAL_Driver/Src/stm32f0xx_hal_rcc.c ****     if(RCC_OscInitStruct->HSI14State == RCC_HSI14_ON)
 889              		.loc 1 552 5 view .LVU273
 890              		.loc 1 552 25 is_stmt 0 view .LVU274
 891 02ee 6369     		ldr	r3, [r4, #20]
 892              		.loc 1 552 7 view .LVU275
 893 02f0 012B     		cmp	r3, #1
 894 02f2 33D0     		beq	.L121
 553:Drivers/STM32F0xx_HAL_Driver/Src/stm32f0xx_hal_rcc.c ****     {
 554:Drivers/STM32F0xx_HAL_Driver/Src/stm32f0xx_hal_rcc.c ****       /* Disable ADC control of the Internal High Speed oscillator HSI14 */
 555:Drivers/STM32F0xx_HAL_Driver/Src/stm32f0xx_hal_rcc.c ****       __HAL_RCC_HSI14ADC_DISABLE();
 556:Drivers/STM32F0xx_HAL_Driver/Src/stm32f0xx_hal_rcc.c **** 
 557:Drivers/STM32F0xx_HAL_Driver/Src/stm32f0xx_hal_rcc.c ****       /* Enable the Internal High Speed oscillator (HSI). */
 558:Drivers/STM32F0xx_HAL_Driver/Src/stm32f0xx_hal_rcc.c ****       __HAL_RCC_HSI14_ENABLE();
 559:Drivers/STM32F0xx_HAL_Driver/Src/stm32f0xx_hal_rcc.c **** 
 560:Drivers/STM32F0xx_HAL_Driver/Src/stm32f0xx_hal_rcc.c ****       /* Get Start Tick */
 561:Drivers/STM32F0xx_HAL_Driver/Src/stm32f0xx_hal_rcc.c ****       tickstart = HAL_GetTick();
 562:Drivers/STM32F0xx_HAL_Driver/Src/stm32f0xx_hal_rcc.c ****       
 563:Drivers/STM32F0xx_HAL_Driver/Src/stm32f0xx_hal_rcc.c ****       /* Wait till HSI is ready */  
 564:Drivers/STM32F0xx_HAL_Driver/Src/stm32f0xx_hal_rcc.c ****       while(__HAL_RCC_GET_FLAG(RCC_FLAG_HSI14RDY) == RESET)
 565:Drivers/STM32F0xx_HAL_Driver/Src/stm32f0xx_hal_rcc.c ****       {
 566:Drivers/STM32F0xx_HAL_Driver/Src/stm32f0xx_hal_rcc.c ****         if((HAL_GetTick() - tickstart) > HSI14_TIMEOUT_VALUE)
 567:Drivers/STM32F0xx_HAL_Driver/Src/stm32f0xx_hal_rcc.c ****         {
 568:Drivers/STM32F0xx_HAL_Driver/Src/stm32f0xx_hal_rcc.c ****           return HAL_TIMEOUT;
 569:Drivers/STM32F0xx_HAL_Driver/Src/stm32f0xx_hal_rcc.c ****         }      
 570:Drivers/STM32F0xx_HAL_Driver/Src/stm32f0xx_hal_rcc.c ****       } 
 571:Drivers/STM32F0xx_HAL_Driver/Src/stm32f0xx_hal_rcc.c **** 
 572:Drivers/STM32F0xx_HAL_Driver/Src/stm32f0xx_hal_rcc.c ****       /* Adjusts the Internal High Speed oscillator 14Mhz (HSI14) calibration value. */
 573:Drivers/STM32F0xx_HAL_Driver/Src/stm32f0xx_hal_rcc.c ****       __HAL_RCC_HSI14_CALIBRATIONVALUE_ADJUST(RCC_OscInitStruct->HSI14CalibrationValue);
 574:Drivers/STM32F0xx_HAL_Driver/Src/stm32f0xx_hal_rcc.c ****     }
 575:Drivers/STM32F0xx_HAL_Driver/Src/stm32f0xx_hal_rcc.c ****     else if(RCC_OscInitStruct->HSI14State == RCC_HSI14_ADC_CONTROL)
 895              		.loc 1 575 10 is_stmt 1 view .LVU276
 896              		.loc 1 575 12 is_stmt 0 view .LVU277
 897 02f4 0533     		adds	r3, r3, #5
 898 02f6 51D1     		bne	.L67
 576:Drivers/STM32F0xx_HAL_Driver/Src/stm32f0xx_hal_rcc.c ****     {
 577:Drivers/STM32F0xx_HAL_Driver/Src/stm32f0xx_hal_rcc.c ****       /* Enable ADC control of the Internal High Speed oscillator HSI14 */
 578:Drivers/STM32F0xx_HAL_Driver/Src/stm32f0xx_hal_rcc.c ****       __HAL_RCC_HSI14ADC_ENABLE();
 899              		.loc 1 578 7 is_stmt 1 view .LVU278
 900 02f8 654A     		ldr	r2, .L129
 901 02fa 536B     		ldr	r3, [r2, #52]
 902 02fc 0421     		movs	r1, #4
ARM GAS  /tmp/cc0vgH7k.s 			page 29


 903 02fe 8B43     		bics	r3, r1
 904 0300 5363     		str	r3, [r2, #52]
 579:Drivers/STM32F0xx_HAL_Driver/Src/stm32f0xx_hal_rcc.c **** 
 580:Drivers/STM32F0xx_HAL_Driver/Src/stm32f0xx_hal_rcc.c ****       /* Adjusts the Internal High Speed oscillator 14Mhz (HSI14) calibration value. */
 581:Drivers/STM32F0xx_HAL_Driver/Src/stm32f0xx_hal_rcc.c ****       __HAL_RCC_HSI14_CALIBRATIONVALUE_ADJUST(RCC_OscInitStruct->HSI14CalibrationValue);
 905              		.loc 1 581 7 view .LVU279
 906 0302 536B     		ldr	r3, [r2, #52]
 907 0304 F431     		adds	r1, r1, #244
 908 0306 8B43     		bics	r3, r1
 909 0308 A169     		ldr	r1, [r4, #24]
 910 030a C900     		lsls	r1, r1, #3
 911 030c 0B43     		orrs	r3, r1
 912 030e 5363     		str	r3, [r2, #52]
 913              	.L63:
 582:Drivers/STM32F0xx_HAL_Driver/Src/stm32f0xx_hal_rcc.c ****     }
 583:Drivers/STM32F0xx_HAL_Driver/Src/stm32f0xx_hal_rcc.c ****     else
 584:Drivers/STM32F0xx_HAL_Driver/Src/stm32f0xx_hal_rcc.c ****     {
 585:Drivers/STM32F0xx_HAL_Driver/Src/stm32f0xx_hal_rcc.c ****       /* Disable ADC control of the Internal High Speed oscillator HSI14 */
 586:Drivers/STM32F0xx_HAL_Driver/Src/stm32f0xx_hal_rcc.c ****       __HAL_RCC_HSI14ADC_DISABLE();
 587:Drivers/STM32F0xx_HAL_Driver/Src/stm32f0xx_hal_rcc.c **** 
 588:Drivers/STM32F0xx_HAL_Driver/Src/stm32f0xx_hal_rcc.c ****       /* Disable the Internal High Speed oscillator (HSI). */
 589:Drivers/STM32F0xx_HAL_Driver/Src/stm32f0xx_hal_rcc.c ****       __HAL_RCC_HSI14_DISABLE();
 590:Drivers/STM32F0xx_HAL_Driver/Src/stm32f0xx_hal_rcc.c **** 
 591:Drivers/STM32F0xx_HAL_Driver/Src/stm32f0xx_hal_rcc.c ****       /* Get Start Tick */
 592:Drivers/STM32F0xx_HAL_Driver/Src/stm32f0xx_hal_rcc.c ****       tickstart = HAL_GetTick();
 593:Drivers/STM32F0xx_HAL_Driver/Src/stm32f0xx_hal_rcc.c ****       
 594:Drivers/STM32F0xx_HAL_Driver/Src/stm32f0xx_hal_rcc.c ****       /* Wait till HSI is ready */  
 595:Drivers/STM32F0xx_HAL_Driver/Src/stm32f0xx_hal_rcc.c ****       while(__HAL_RCC_GET_FLAG(RCC_FLAG_HSI14RDY) != RESET)
 596:Drivers/STM32F0xx_HAL_Driver/Src/stm32f0xx_hal_rcc.c ****       {
 597:Drivers/STM32F0xx_HAL_Driver/Src/stm32f0xx_hal_rcc.c ****         if((HAL_GetTick() - tickstart) > HSI14_TIMEOUT_VALUE)
 598:Drivers/STM32F0xx_HAL_Driver/Src/stm32f0xx_hal_rcc.c ****         {
 599:Drivers/STM32F0xx_HAL_Driver/Src/stm32f0xx_hal_rcc.c ****           return HAL_TIMEOUT;
 600:Drivers/STM32F0xx_HAL_Driver/Src/stm32f0xx_hal_rcc.c ****         }
 601:Drivers/STM32F0xx_HAL_Driver/Src/stm32f0xx_hal_rcc.c ****       }
 602:Drivers/STM32F0xx_HAL_Driver/Src/stm32f0xx_hal_rcc.c ****     }
 603:Drivers/STM32F0xx_HAL_Driver/Src/stm32f0xx_hal_rcc.c ****   }
 604:Drivers/STM32F0xx_HAL_Driver/Src/stm32f0xx_hal_rcc.c **** 
 605:Drivers/STM32F0xx_HAL_Driver/Src/stm32f0xx_hal_rcc.c **** #if defined(RCC_HSI48_SUPPORT)
 606:Drivers/STM32F0xx_HAL_Driver/Src/stm32f0xx_hal_rcc.c ****   /*----------------------------- HSI48 Configuration --------------------------*/
 607:Drivers/STM32F0xx_HAL_Driver/Src/stm32f0xx_hal_rcc.c ****   if(((RCC_OscInitStruct->OscillatorType) & RCC_OSCILLATORTYPE_HSI48) == RCC_OSCILLATORTYPE_HSI48)
 608:Drivers/STM32F0xx_HAL_Driver/Src/stm32f0xx_hal_rcc.c ****   {
 609:Drivers/STM32F0xx_HAL_Driver/Src/stm32f0xx_hal_rcc.c ****     /* Check the parameters */
 610:Drivers/STM32F0xx_HAL_Driver/Src/stm32f0xx_hal_rcc.c ****     assert_param(IS_RCC_HSI48(RCC_OscInitStruct->HSI48State));
 611:Drivers/STM32F0xx_HAL_Driver/Src/stm32f0xx_hal_rcc.c **** 
 612:Drivers/STM32F0xx_HAL_Driver/Src/stm32f0xx_hal_rcc.c ****     /* When the HSI48 is used as system clock it is not allowed to be disabled */
 613:Drivers/STM32F0xx_HAL_Driver/Src/stm32f0xx_hal_rcc.c ****     if((__HAL_RCC_GET_SYSCLK_SOURCE() == RCC_SYSCLKSOURCE_STATUS_HSI48) ||
 614:Drivers/STM32F0xx_HAL_Driver/Src/stm32f0xx_hal_rcc.c ****        ((__HAL_RCC_GET_SYSCLK_SOURCE() == RCC_SYSCLKSOURCE_STATUS_PLLCLK) && (__HAL_RCC_GET_PLL_OSC
 615:Drivers/STM32F0xx_HAL_Driver/Src/stm32f0xx_hal_rcc.c ****     {
 616:Drivers/STM32F0xx_HAL_Driver/Src/stm32f0xx_hal_rcc.c ****       if((__HAL_RCC_GET_FLAG(RCC_FLAG_HSI48RDY) != RESET) && (RCC_OscInitStruct->HSI48State != RCC_
 617:Drivers/STM32F0xx_HAL_Driver/Src/stm32f0xx_hal_rcc.c ****       {
 618:Drivers/STM32F0xx_HAL_Driver/Src/stm32f0xx_hal_rcc.c ****         return HAL_ERROR;
 619:Drivers/STM32F0xx_HAL_Driver/Src/stm32f0xx_hal_rcc.c ****       }
 620:Drivers/STM32F0xx_HAL_Driver/Src/stm32f0xx_hal_rcc.c ****     }
 621:Drivers/STM32F0xx_HAL_Driver/Src/stm32f0xx_hal_rcc.c ****     else
 622:Drivers/STM32F0xx_HAL_Driver/Src/stm32f0xx_hal_rcc.c ****     {
 623:Drivers/STM32F0xx_HAL_Driver/Src/stm32f0xx_hal_rcc.c ****       /* Check the HSI48 State */
 624:Drivers/STM32F0xx_HAL_Driver/Src/stm32f0xx_hal_rcc.c ****       if(RCC_OscInitStruct->HSI48State != RCC_HSI48_OFF)
ARM GAS  /tmp/cc0vgH7k.s 			page 30


 625:Drivers/STM32F0xx_HAL_Driver/Src/stm32f0xx_hal_rcc.c ****       {
 626:Drivers/STM32F0xx_HAL_Driver/Src/stm32f0xx_hal_rcc.c ****         /* Enable the Internal High Speed oscillator (HSI48). */
 627:Drivers/STM32F0xx_HAL_Driver/Src/stm32f0xx_hal_rcc.c ****         __HAL_RCC_HSI48_ENABLE();
 628:Drivers/STM32F0xx_HAL_Driver/Src/stm32f0xx_hal_rcc.c **** 
 629:Drivers/STM32F0xx_HAL_Driver/Src/stm32f0xx_hal_rcc.c ****         /* Get Start Tick */
 630:Drivers/STM32F0xx_HAL_Driver/Src/stm32f0xx_hal_rcc.c ****         tickstart = HAL_GetTick();
 631:Drivers/STM32F0xx_HAL_Driver/Src/stm32f0xx_hal_rcc.c ****       
 632:Drivers/STM32F0xx_HAL_Driver/Src/stm32f0xx_hal_rcc.c ****         /* Wait till HSI48 is ready */  
 633:Drivers/STM32F0xx_HAL_Driver/Src/stm32f0xx_hal_rcc.c ****         while(__HAL_RCC_GET_FLAG(RCC_FLAG_HSI48RDY) == RESET)
 634:Drivers/STM32F0xx_HAL_Driver/Src/stm32f0xx_hal_rcc.c ****         {
 635:Drivers/STM32F0xx_HAL_Driver/Src/stm32f0xx_hal_rcc.c ****           if((HAL_GetTick() - tickstart) > HSI48_TIMEOUT_VALUE)
 636:Drivers/STM32F0xx_HAL_Driver/Src/stm32f0xx_hal_rcc.c ****           {
 637:Drivers/STM32F0xx_HAL_Driver/Src/stm32f0xx_hal_rcc.c ****             return HAL_TIMEOUT;
 638:Drivers/STM32F0xx_HAL_Driver/Src/stm32f0xx_hal_rcc.c ****           }
 639:Drivers/STM32F0xx_HAL_Driver/Src/stm32f0xx_hal_rcc.c ****         } 
 640:Drivers/STM32F0xx_HAL_Driver/Src/stm32f0xx_hal_rcc.c ****       }
 641:Drivers/STM32F0xx_HAL_Driver/Src/stm32f0xx_hal_rcc.c ****       else
 642:Drivers/STM32F0xx_HAL_Driver/Src/stm32f0xx_hal_rcc.c ****       {
 643:Drivers/STM32F0xx_HAL_Driver/Src/stm32f0xx_hal_rcc.c ****         /* Disable the Internal High Speed oscillator (HSI48). */
 644:Drivers/STM32F0xx_HAL_Driver/Src/stm32f0xx_hal_rcc.c ****         __HAL_RCC_HSI48_DISABLE();
 645:Drivers/STM32F0xx_HAL_Driver/Src/stm32f0xx_hal_rcc.c **** 
 646:Drivers/STM32F0xx_HAL_Driver/Src/stm32f0xx_hal_rcc.c ****         /* Get Start Tick */
 647:Drivers/STM32F0xx_HAL_Driver/Src/stm32f0xx_hal_rcc.c ****         tickstart = HAL_GetTick();
 648:Drivers/STM32F0xx_HAL_Driver/Src/stm32f0xx_hal_rcc.c ****       
 649:Drivers/STM32F0xx_HAL_Driver/Src/stm32f0xx_hal_rcc.c ****         /* Wait till HSI48 is ready */  
 650:Drivers/STM32F0xx_HAL_Driver/Src/stm32f0xx_hal_rcc.c ****         while(__HAL_RCC_GET_FLAG(RCC_FLAG_HSI48RDY) != RESET)
 651:Drivers/STM32F0xx_HAL_Driver/Src/stm32f0xx_hal_rcc.c ****         {
 652:Drivers/STM32F0xx_HAL_Driver/Src/stm32f0xx_hal_rcc.c ****           if((HAL_GetTick() - tickstart) > HSI48_TIMEOUT_VALUE)
 653:Drivers/STM32F0xx_HAL_Driver/Src/stm32f0xx_hal_rcc.c ****           {
 654:Drivers/STM32F0xx_HAL_Driver/Src/stm32f0xx_hal_rcc.c ****             return HAL_TIMEOUT;
 655:Drivers/STM32F0xx_HAL_Driver/Src/stm32f0xx_hal_rcc.c ****           }
 656:Drivers/STM32F0xx_HAL_Driver/Src/stm32f0xx_hal_rcc.c ****         }
 657:Drivers/STM32F0xx_HAL_Driver/Src/stm32f0xx_hal_rcc.c ****       }
 658:Drivers/STM32F0xx_HAL_Driver/Src/stm32f0xx_hal_rcc.c ****     }
 659:Drivers/STM32F0xx_HAL_Driver/Src/stm32f0xx_hal_rcc.c ****   }
 660:Drivers/STM32F0xx_HAL_Driver/Src/stm32f0xx_hal_rcc.c **** #endif /* RCC_HSI48_SUPPORT */
 661:Drivers/STM32F0xx_HAL_Driver/Src/stm32f0xx_hal_rcc.c ****        
 662:Drivers/STM32F0xx_HAL_Driver/Src/stm32f0xx_hal_rcc.c ****   /*-------------------------------- PLL Configuration -----------------------*/
 663:Drivers/STM32F0xx_HAL_Driver/Src/stm32f0xx_hal_rcc.c ****   /* Check the parameters */
 664:Drivers/STM32F0xx_HAL_Driver/Src/stm32f0xx_hal_rcc.c ****   assert_param(IS_RCC_PLL(RCC_OscInitStruct->PLL.PLLState));
 914              		.loc 1 664 3 view .LVU280
 665:Drivers/STM32F0xx_HAL_Driver/Src/stm32f0xx_hal_rcc.c ****   if ((RCC_OscInitStruct->PLL.PLLState) != RCC_PLL_NONE)
 915              		.loc 1 665 3 view .LVU281
 916              		.loc 1 665 30 is_stmt 0 view .LVU282
 917 0310 236A     		ldr	r3, [r4, #32]
 918              		.loc 1 665 6 view .LVU283
 919 0312 002B     		cmp	r3, #0
 920 0314 00D1     		bne	.LCB862
 921 0316 B0E0     		b	.L93	@long jump
 922              	.LCB862:
 666:Drivers/STM32F0xx_HAL_Driver/Src/stm32f0xx_hal_rcc.c ****   {
 667:Drivers/STM32F0xx_HAL_Driver/Src/stm32f0xx_hal_rcc.c ****     /* Check if the PLL is used as system clock or not */
 668:Drivers/STM32F0xx_HAL_Driver/Src/stm32f0xx_hal_rcc.c ****     if(__HAL_RCC_GET_SYSCLK_SOURCE() != RCC_SYSCLKSOURCE_STATUS_PLLCLK)
 923              		.loc 1 668 5 is_stmt 1 view .LVU284
 924              		.loc 1 668 8 is_stmt 0 view .LVU285
 925 0318 5D4A     		ldr	r2, .L129
 926 031a 5168     		ldr	r1, [r2, #4]
ARM GAS  /tmp/cc0vgH7k.s 			page 31


 927 031c 0C22     		movs	r2, #12
 928 031e 0A40     		ands	r2, r1
 929              		.loc 1 668 7 view .LVU286
 930 0320 082A     		cmp	r2, #8
 931 0322 00D1     		bne	.LCB869
 932 0324 8AE0     		b	.L70	@long jump
 933              	.LCB869:
 669:Drivers/STM32F0xx_HAL_Driver/Src/stm32f0xx_hal_rcc.c ****     { 
 670:Drivers/STM32F0xx_HAL_Driver/Src/stm32f0xx_hal_rcc.c ****       if((RCC_OscInitStruct->PLL.PLLState) == RCC_PLL_ON)
 934              		.loc 1 670 7 is_stmt 1 view .LVU287
 935              		.loc 1 670 9 is_stmt 0 view .LVU288
 936 0326 022B     		cmp	r3, #2
 937 0328 4FD0     		beq	.L122
 671:Drivers/STM32F0xx_HAL_Driver/Src/stm32f0xx_hal_rcc.c ****       {
 672:Drivers/STM32F0xx_HAL_Driver/Src/stm32f0xx_hal_rcc.c ****         /* Check the parameters */
 673:Drivers/STM32F0xx_HAL_Driver/Src/stm32f0xx_hal_rcc.c ****         assert_param(IS_RCC_PLLSOURCE(RCC_OscInitStruct->PLL.PLLSource));
 674:Drivers/STM32F0xx_HAL_Driver/Src/stm32f0xx_hal_rcc.c ****         assert_param(IS_RCC_PLL_MUL(RCC_OscInitStruct->PLL.PLLMUL));
 675:Drivers/STM32F0xx_HAL_Driver/Src/stm32f0xx_hal_rcc.c ****         assert_param(IS_RCC_PREDIV(RCC_OscInitStruct->PLL.PREDIV));
 676:Drivers/STM32F0xx_HAL_Driver/Src/stm32f0xx_hal_rcc.c ****   
 677:Drivers/STM32F0xx_HAL_Driver/Src/stm32f0xx_hal_rcc.c ****         /* Disable the main PLL. */
 678:Drivers/STM32F0xx_HAL_Driver/Src/stm32f0xx_hal_rcc.c ****         __HAL_RCC_PLL_DISABLE();
 679:Drivers/STM32F0xx_HAL_Driver/Src/stm32f0xx_hal_rcc.c ****         
 680:Drivers/STM32F0xx_HAL_Driver/Src/stm32f0xx_hal_rcc.c ****         /* Get Start Tick */
 681:Drivers/STM32F0xx_HAL_Driver/Src/stm32f0xx_hal_rcc.c ****         tickstart = HAL_GetTick();
 682:Drivers/STM32F0xx_HAL_Driver/Src/stm32f0xx_hal_rcc.c ****         
 683:Drivers/STM32F0xx_HAL_Driver/Src/stm32f0xx_hal_rcc.c ****         /* Wait till PLL is disabled */
 684:Drivers/STM32F0xx_HAL_Driver/Src/stm32f0xx_hal_rcc.c ****         while(__HAL_RCC_GET_FLAG(RCC_FLAG_PLLRDY)  != RESET)
 685:Drivers/STM32F0xx_HAL_Driver/Src/stm32f0xx_hal_rcc.c ****         {
 686:Drivers/STM32F0xx_HAL_Driver/Src/stm32f0xx_hal_rcc.c ****           if((HAL_GetTick() - tickstart ) > PLL_TIMEOUT_VALUE)
 687:Drivers/STM32F0xx_HAL_Driver/Src/stm32f0xx_hal_rcc.c ****           {
 688:Drivers/STM32F0xx_HAL_Driver/Src/stm32f0xx_hal_rcc.c ****             return HAL_TIMEOUT;
 689:Drivers/STM32F0xx_HAL_Driver/Src/stm32f0xx_hal_rcc.c ****           }
 690:Drivers/STM32F0xx_HAL_Driver/Src/stm32f0xx_hal_rcc.c ****         }
 691:Drivers/STM32F0xx_HAL_Driver/Src/stm32f0xx_hal_rcc.c **** 
 692:Drivers/STM32F0xx_HAL_Driver/Src/stm32f0xx_hal_rcc.c ****         /* Configure the main PLL clock source, predivider and multiplication factor. */
 693:Drivers/STM32F0xx_HAL_Driver/Src/stm32f0xx_hal_rcc.c ****         __HAL_RCC_PLL_CONFIG(RCC_OscInitStruct->PLL.PLLSource,
 694:Drivers/STM32F0xx_HAL_Driver/Src/stm32f0xx_hal_rcc.c ****                              RCC_OscInitStruct->PLL.PREDIV,
 695:Drivers/STM32F0xx_HAL_Driver/Src/stm32f0xx_hal_rcc.c ****                              RCC_OscInitStruct->PLL.PLLMUL);
 696:Drivers/STM32F0xx_HAL_Driver/Src/stm32f0xx_hal_rcc.c ****         /* Enable the main PLL. */
 697:Drivers/STM32F0xx_HAL_Driver/Src/stm32f0xx_hal_rcc.c ****         __HAL_RCC_PLL_ENABLE();
 698:Drivers/STM32F0xx_HAL_Driver/Src/stm32f0xx_hal_rcc.c ****         
 699:Drivers/STM32F0xx_HAL_Driver/Src/stm32f0xx_hal_rcc.c ****         /* Get Start Tick */
 700:Drivers/STM32F0xx_HAL_Driver/Src/stm32f0xx_hal_rcc.c ****         tickstart = HAL_GetTick();
 701:Drivers/STM32F0xx_HAL_Driver/Src/stm32f0xx_hal_rcc.c ****         
 702:Drivers/STM32F0xx_HAL_Driver/Src/stm32f0xx_hal_rcc.c ****         /* Wait till PLL is ready */
 703:Drivers/STM32F0xx_HAL_Driver/Src/stm32f0xx_hal_rcc.c ****         while(__HAL_RCC_GET_FLAG(RCC_FLAG_PLLRDY)  == RESET)
 704:Drivers/STM32F0xx_HAL_Driver/Src/stm32f0xx_hal_rcc.c ****         {
 705:Drivers/STM32F0xx_HAL_Driver/Src/stm32f0xx_hal_rcc.c ****           if((HAL_GetTick() - tickstart ) > PLL_TIMEOUT_VALUE)
 706:Drivers/STM32F0xx_HAL_Driver/Src/stm32f0xx_hal_rcc.c ****           {
 707:Drivers/STM32F0xx_HAL_Driver/Src/stm32f0xx_hal_rcc.c ****             return HAL_TIMEOUT;
 708:Drivers/STM32F0xx_HAL_Driver/Src/stm32f0xx_hal_rcc.c ****           }
 709:Drivers/STM32F0xx_HAL_Driver/Src/stm32f0xx_hal_rcc.c ****         }
 710:Drivers/STM32F0xx_HAL_Driver/Src/stm32f0xx_hal_rcc.c ****       }
 711:Drivers/STM32F0xx_HAL_Driver/Src/stm32f0xx_hal_rcc.c ****       else
 712:Drivers/STM32F0xx_HAL_Driver/Src/stm32f0xx_hal_rcc.c ****       {
 713:Drivers/STM32F0xx_HAL_Driver/Src/stm32f0xx_hal_rcc.c ****         /* Disable the main PLL. */
 714:Drivers/STM32F0xx_HAL_Driver/Src/stm32f0xx_hal_rcc.c ****         __HAL_RCC_PLL_DISABLE();
ARM GAS  /tmp/cc0vgH7k.s 			page 32


 938              		.loc 1 714 9 is_stmt 1 view .LVU289
 939 032a 594A     		ldr	r2, .L129
 940 032c 1368     		ldr	r3, [r2]
 941 032e 5949     		ldr	r1, .L129+4
 942 0330 0B40     		ands	r3, r1
 943 0332 1360     		str	r3, [r2]
 715:Drivers/STM32F0xx_HAL_Driver/Src/stm32f0xx_hal_rcc.c ****  
 716:Drivers/STM32F0xx_HAL_Driver/Src/stm32f0xx_hal_rcc.c ****         /* Get Start Tick */
 717:Drivers/STM32F0xx_HAL_Driver/Src/stm32f0xx_hal_rcc.c ****         tickstart = HAL_GetTick();
 944              		.loc 1 717 9 view .LVU290
 945              		.loc 1 717 21 is_stmt 0 view .LVU291
 946 0334 FFF7FEFF 		bl	HAL_GetTick
 947              	.LVL57:
 948 0338 0400     		movs	r4, r0
 949              	.LVL58:
 718:Drivers/STM32F0xx_HAL_Driver/Src/stm32f0xx_hal_rcc.c ****         
 719:Drivers/STM32F0xx_HAL_Driver/Src/stm32f0xx_hal_rcc.c ****         /* Wait till PLL is disabled */  
 720:Drivers/STM32F0xx_HAL_Driver/Src/stm32f0xx_hal_rcc.c ****         while(__HAL_RCC_GET_FLAG(RCC_FLAG_PLLRDY)  != RESET)
 950              		.loc 1 720 9 is_stmt 1 view .LVU292
 951              	.L76:
 952              		.loc 1 720 52 view .LVU293
 953              		.loc 1 720 15 is_stmt 0 view .LVU294
 954 033a 554B     		ldr	r3, .L129
 955 033c 1B68     		ldr	r3, [r3]
 956              		.loc 1 720 52 view .LVU295
 957 033e 9B01     		lsls	r3, r3, #6
 958 0340 7AD5     		bpl	.L123
 721:Drivers/STM32F0xx_HAL_Driver/Src/stm32f0xx_hal_rcc.c ****         {
 722:Drivers/STM32F0xx_HAL_Driver/Src/stm32f0xx_hal_rcc.c ****           if((HAL_GetTick() - tickstart ) > PLL_TIMEOUT_VALUE)
 959              		.loc 1 722 11 is_stmt 1 view .LVU296
 960              		.loc 1 722 15 is_stmt 0 view .LVU297
 961 0342 FFF7FEFF 		bl	HAL_GetTick
 962              	.LVL59:
 963              		.loc 1 722 29 discriminator 1 view .LVU298
 964 0346 001B     		subs	r0, r0, r4
 965              		.loc 1 722 13 discriminator 1 view .LVU299
 966 0348 0228     		cmp	r0, #2
 967 034a F6D9     		bls	.L76
 723:Drivers/STM32F0xx_HAL_Driver/Src/stm32f0xx_hal_rcc.c ****           {
 724:Drivers/STM32F0xx_HAL_Driver/Src/stm32f0xx_hal_rcc.c ****             return HAL_TIMEOUT;
 968              		.loc 1 724 20 view .LVU300
 969 034c 0320     		movs	r0, #3
 970 034e 8EE0     		b	.L20
 971              	.LVL60:
 972              	.L120:
 973              	.LBB4:
 540:Drivers/STM32F0xx_HAL_Driver/Src/stm32f0xx_hal_rcc.c ****     }
 974              		.loc 1 540 7 is_stmt 1 view .LVU301
 975 0350 4F4A     		ldr	r2, .L129
 976 0352 D369     		ldr	r3, [r2, #28]
 977 0354 5049     		ldr	r1, .L129+8
 978 0356 0B40     		ands	r3, r1
 979 0358 D361     		str	r3, [r2, #28]
 980 035a C5E7     		b	.L48
 981              	.LVL61:
 982              	.L121:
 540:Drivers/STM32F0xx_HAL_Driver/Src/stm32f0xx_hal_rcc.c ****     }
ARM GAS  /tmp/cc0vgH7k.s 			page 33


 983              		.loc 1 540 7 is_stmt 0 view .LVU302
 984              	.LBE4:
 555:Drivers/STM32F0xx_HAL_Driver/Src/stm32f0xx_hal_rcc.c **** 
 985              		.loc 1 555 7 is_stmt 1 view .LVU303
 986 035c 4C4B     		ldr	r3, .L129
 987 035e 5A6B     		ldr	r2, [r3, #52]
 988 0360 0421     		movs	r1, #4
 989 0362 0A43     		orrs	r2, r1
 990 0364 5A63     		str	r2, [r3, #52]
 558:Drivers/STM32F0xx_HAL_Driver/Src/stm32f0xx_hal_rcc.c **** 
 991              		.loc 1 558 7 view .LVU304
 992 0366 5A6B     		ldr	r2, [r3, #52]
 993 0368 0339     		subs	r1, r1, #3
 994 036a 0A43     		orrs	r2, r1
 995 036c 5A63     		str	r2, [r3, #52]
 561:Drivers/STM32F0xx_HAL_Driver/Src/stm32f0xx_hal_rcc.c ****       
 996              		.loc 1 561 7 view .LVU305
 561:Drivers/STM32F0xx_HAL_Driver/Src/stm32f0xx_hal_rcc.c ****       
 997              		.loc 1 561 19 is_stmt 0 view .LVU306
 998 036e FFF7FEFF 		bl	HAL_GetTick
 999              	.LVL62:
 1000 0372 0500     		movs	r5, r0
 1001              	.LVL63:
 564:Drivers/STM32F0xx_HAL_Driver/Src/stm32f0xx_hal_rcc.c ****       {
 1002              		.loc 1 564 7 is_stmt 1 view .LVU307
 1003              	.L65:
 564:Drivers/STM32F0xx_HAL_Driver/Src/stm32f0xx_hal_rcc.c ****       {
 1004              		.loc 1 564 51 view .LVU308
 564:Drivers/STM32F0xx_HAL_Driver/Src/stm32f0xx_hal_rcc.c ****       {
 1005              		.loc 1 564 13 is_stmt 0 view .LVU309
 1006 0374 464B     		ldr	r3, .L129
 1007 0376 5B6B     		ldr	r3, [r3, #52]
 564:Drivers/STM32F0xx_HAL_Driver/Src/stm32f0xx_hal_rcc.c ****       {
 1008              		.loc 1 564 51 view .LVU310
 1009 0378 9B07     		lsls	r3, r3, #30
 1010 037a 06D4     		bmi	.L124
 566:Drivers/STM32F0xx_HAL_Driver/Src/stm32f0xx_hal_rcc.c ****         {
 1011              		.loc 1 566 9 is_stmt 1 view .LVU311
 566:Drivers/STM32F0xx_HAL_Driver/Src/stm32f0xx_hal_rcc.c ****         {
 1012              		.loc 1 566 13 is_stmt 0 view .LVU312
 1013 037c FFF7FEFF 		bl	HAL_GetTick
 1014              	.LVL64:
 566:Drivers/STM32F0xx_HAL_Driver/Src/stm32f0xx_hal_rcc.c ****         {
 1015              		.loc 1 566 27 discriminator 1 view .LVU313
 1016 0380 401B     		subs	r0, r0, r5
 566:Drivers/STM32F0xx_HAL_Driver/Src/stm32f0xx_hal_rcc.c ****         {
 1017              		.loc 1 566 11 discriminator 1 view .LVU314
 1018 0382 0228     		cmp	r0, #2
 1019 0384 F6D9     		bls	.L65
 568:Drivers/STM32F0xx_HAL_Driver/Src/stm32f0xx_hal_rcc.c ****         }      
 1020              		.loc 1 568 18 view .LVU315
 1021 0386 0320     		movs	r0, #3
 1022 0388 71E0     		b	.L20
 1023              	.L124:
 573:Drivers/STM32F0xx_HAL_Driver/Src/stm32f0xx_hal_rcc.c ****     }
 1024              		.loc 1 573 7 is_stmt 1 view .LVU316
 1025 038a 4149     		ldr	r1, .L129
ARM GAS  /tmp/cc0vgH7k.s 			page 34


 1026 038c 4B6B     		ldr	r3, [r1, #52]
 1027 038e F822     		movs	r2, #248
 1028 0390 9343     		bics	r3, r2
 1029 0392 A269     		ldr	r2, [r4, #24]
 1030 0394 D200     		lsls	r2, r2, #3
 1031 0396 1343     		orrs	r3, r2
 1032 0398 4B63     		str	r3, [r1, #52]
 1033 039a B9E7     		b	.L63
 1034              	.LVL65:
 1035              	.L67:
 586:Drivers/STM32F0xx_HAL_Driver/Src/stm32f0xx_hal_rcc.c **** 
 1036              		.loc 1 586 7 view .LVU317
 1037 039c 3C4B     		ldr	r3, .L129
 1038 039e 5A6B     		ldr	r2, [r3, #52]
 1039 03a0 0421     		movs	r1, #4
 1040 03a2 0A43     		orrs	r2, r1
 1041 03a4 5A63     		str	r2, [r3, #52]
 589:Drivers/STM32F0xx_HAL_Driver/Src/stm32f0xx_hal_rcc.c **** 
 1042              		.loc 1 589 7 view .LVU318
 1043 03a6 5A6B     		ldr	r2, [r3, #52]
 1044 03a8 0339     		subs	r1, r1, #3
 1045 03aa 8A43     		bics	r2, r1
 1046 03ac 5A63     		str	r2, [r3, #52]
 592:Drivers/STM32F0xx_HAL_Driver/Src/stm32f0xx_hal_rcc.c ****       
 1047              		.loc 1 592 7 view .LVU319
 592:Drivers/STM32F0xx_HAL_Driver/Src/stm32f0xx_hal_rcc.c ****       
 1048              		.loc 1 592 19 is_stmt 0 view .LVU320
 1049 03ae FFF7FEFF 		bl	HAL_GetTick
 1050              	.LVL66:
 1051 03b2 0500     		movs	r5, r0
 1052              	.LVL67:
 595:Drivers/STM32F0xx_HAL_Driver/Src/stm32f0xx_hal_rcc.c ****       {
 1053              		.loc 1 595 7 is_stmt 1 view .LVU321
 1054              	.L68:
 595:Drivers/STM32F0xx_HAL_Driver/Src/stm32f0xx_hal_rcc.c ****       {
 1055              		.loc 1 595 51 view .LVU322
 595:Drivers/STM32F0xx_HAL_Driver/Src/stm32f0xx_hal_rcc.c ****       {
 1056              		.loc 1 595 13 is_stmt 0 view .LVU323
 1057 03b4 364B     		ldr	r3, .L129
 1058 03b6 5B6B     		ldr	r3, [r3, #52]
 595:Drivers/STM32F0xx_HAL_Driver/Src/stm32f0xx_hal_rcc.c ****       {
 1059              		.loc 1 595 51 view .LVU324
 1060 03b8 9B07     		lsls	r3, r3, #30
 1061 03ba A9D5     		bpl	.L63
 597:Drivers/STM32F0xx_HAL_Driver/Src/stm32f0xx_hal_rcc.c ****         {
 1062              		.loc 1 597 9 is_stmt 1 view .LVU325
 597:Drivers/STM32F0xx_HAL_Driver/Src/stm32f0xx_hal_rcc.c ****         {
 1063              		.loc 1 597 13 is_stmt 0 view .LVU326
 1064 03bc FFF7FEFF 		bl	HAL_GetTick
 1065              	.LVL68:
 597:Drivers/STM32F0xx_HAL_Driver/Src/stm32f0xx_hal_rcc.c ****         {
 1066              		.loc 1 597 27 discriminator 1 view .LVU327
 1067 03c0 401B     		subs	r0, r0, r5
 597:Drivers/STM32F0xx_HAL_Driver/Src/stm32f0xx_hal_rcc.c ****         {
 1068              		.loc 1 597 11 discriminator 1 view .LVU328
 1069 03c2 0228     		cmp	r0, #2
 1070 03c4 F6D9     		bls	.L68
ARM GAS  /tmp/cc0vgH7k.s 			page 35


 599:Drivers/STM32F0xx_HAL_Driver/Src/stm32f0xx_hal_rcc.c ****         }
 1071              		.loc 1 599 18 view .LVU329
 1072 03c6 0320     		movs	r0, #3
 1073 03c8 51E0     		b	.L20
 1074              	.LVL69:
 1075              	.L122:
 673:Drivers/STM32F0xx_HAL_Driver/Src/stm32f0xx_hal_rcc.c ****         assert_param(IS_RCC_PLL_MUL(RCC_OscInitStruct->PLL.PLLMUL));
 1076              		.loc 1 673 9 is_stmt 1 view .LVU330
 674:Drivers/STM32F0xx_HAL_Driver/Src/stm32f0xx_hal_rcc.c ****         assert_param(IS_RCC_PREDIV(RCC_OscInitStruct->PLL.PREDIV));
 1077              		.loc 1 674 9 view .LVU331
 675:Drivers/STM32F0xx_HAL_Driver/Src/stm32f0xx_hal_rcc.c ****   
 1078              		.loc 1 675 9 view .LVU332
 678:Drivers/STM32F0xx_HAL_Driver/Src/stm32f0xx_hal_rcc.c ****         
 1079              		.loc 1 678 9 view .LVU333
 1080 03ca 314A     		ldr	r2, .L129
 1081 03cc 1368     		ldr	r3, [r2]
 1082 03ce 3149     		ldr	r1, .L129+4
 1083 03d0 0B40     		ands	r3, r1
 1084 03d2 1360     		str	r3, [r2]
 681:Drivers/STM32F0xx_HAL_Driver/Src/stm32f0xx_hal_rcc.c ****         
 1085              		.loc 1 681 9 view .LVU334
 681:Drivers/STM32F0xx_HAL_Driver/Src/stm32f0xx_hal_rcc.c ****         
 1086              		.loc 1 681 21 is_stmt 0 view .LVU335
 1087 03d4 FFF7FEFF 		bl	HAL_GetTick
 1088              	.LVL70:
 1089 03d8 0500     		movs	r5, r0
 1090              	.LVL71:
 684:Drivers/STM32F0xx_HAL_Driver/Src/stm32f0xx_hal_rcc.c ****         {
 1091              		.loc 1 684 9 is_stmt 1 view .LVU336
 1092              	.L72:
 684:Drivers/STM32F0xx_HAL_Driver/Src/stm32f0xx_hal_rcc.c ****         {
 1093              		.loc 1 684 52 view .LVU337
 684:Drivers/STM32F0xx_HAL_Driver/Src/stm32f0xx_hal_rcc.c ****         {
 1094              		.loc 1 684 15 is_stmt 0 view .LVU338
 1095 03da 2D4B     		ldr	r3, .L129
 1096 03dc 1B68     		ldr	r3, [r3]
 684:Drivers/STM32F0xx_HAL_Driver/Src/stm32f0xx_hal_rcc.c ****         {
 1097              		.loc 1 684 52 view .LVU339
 1098 03de 9B01     		lsls	r3, r3, #6
 1099 03e0 06D5     		bpl	.L125
 686:Drivers/STM32F0xx_HAL_Driver/Src/stm32f0xx_hal_rcc.c ****           {
 1100              		.loc 1 686 11 is_stmt 1 view .LVU340
 686:Drivers/STM32F0xx_HAL_Driver/Src/stm32f0xx_hal_rcc.c ****           {
 1101              		.loc 1 686 15 is_stmt 0 view .LVU341
 1102 03e2 FFF7FEFF 		bl	HAL_GetTick
 1103              	.LVL72:
 686:Drivers/STM32F0xx_HAL_Driver/Src/stm32f0xx_hal_rcc.c ****           {
 1104              		.loc 1 686 29 discriminator 1 view .LVU342
 1105 03e6 401B     		subs	r0, r0, r5
 686:Drivers/STM32F0xx_HAL_Driver/Src/stm32f0xx_hal_rcc.c ****           {
 1106              		.loc 1 686 13 discriminator 1 view .LVU343
 1107 03e8 0228     		cmp	r0, #2
 1108 03ea F6D9     		bls	.L72
 688:Drivers/STM32F0xx_HAL_Driver/Src/stm32f0xx_hal_rcc.c ****           }
 1109              		.loc 1 688 20 view .LVU344
 1110 03ec 0320     		movs	r0, #3
 1111 03ee 3EE0     		b	.L20
ARM GAS  /tmp/cc0vgH7k.s 			page 36


 1112              	.L125:
 693:Drivers/STM32F0xx_HAL_Driver/Src/stm32f0xx_hal_rcc.c ****                              RCC_OscInitStruct->PLL.PREDIV,
 1113              		.loc 1 693 9 is_stmt 1 view .LVU345
 693:Drivers/STM32F0xx_HAL_Driver/Src/stm32f0xx_hal_rcc.c ****                              RCC_OscInitStruct->PLL.PREDIV,
 1114              		.loc 1 693 9 view .LVU346
 1115 03f0 274B     		ldr	r3, .L129
 1116 03f2 DA6A     		ldr	r2, [r3, #44]
 1117 03f4 0F21     		movs	r1, #15
 1118 03f6 8A43     		bics	r2, r1
 1119 03f8 E16A     		ldr	r1, [r4, #44]
 1120 03fa 0A43     		orrs	r2, r1
 1121 03fc DA62     		str	r2, [r3, #44]
 693:Drivers/STM32F0xx_HAL_Driver/Src/stm32f0xx_hal_rcc.c ****                              RCC_OscInitStruct->PLL.PREDIV,
 1122              		.loc 1 693 9 view .LVU347
 1123 03fe 5A68     		ldr	r2, [r3, #4]
 1124 0400 2649     		ldr	r1, .L129+12
 1125 0402 0A40     		ands	r2, r1
 1126 0404 A16A     		ldr	r1, [r4, #40]
 1127 0406 606A     		ldr	r0, [r4, #36]
 1128 0408 0143     		orrs	r1, r0
 1129 040a 0A43     		orrs	r2, r1
 1130 040c 5A60     		str	r2, [r3, #4]
 693:Drivers/STM32F0xx_HAL_Driver/Src/stm32f0xx_hal_rcc.c ****                              RCC_OscInitStruct->PLL.PREDIV,
 1131              		.loc 1 693 9 view .LVU348
 697:Drivers/STM32F0xx_HAL_Driver/Src/stm32f0xx_hal_rcc.c ****         
 1132              		.loc 1 697 9 view .LVU349
 1133 040e 1968     		ldr	r1, [r3]
 1134 0410 8022     		movs	r2, #128
 1135 0412 5204     		lsls	r2, r2, #17
 1136 0414 0A43     		orrs	r2, r1
 1137 0416 1A60     		str	r2, [r3]
 700:Drivers/STM32F0xx_HAL_Driver/Src/stm32f0xx_hal_rcc.c ****         
 1138              		.loc 1 700 9 view .LVU350
 700:Drivers/STM32F0xx_HAL_Driver/Src/stm32f0xx_hal_rcc.c ****         
 1139              		.loc 1 700 21 is_stmt 0 view .LVU351
 1140 0418 FFF7FEFF 		bl	HAL_GetTick
 1141              	.LVL73:
 1142 041c 0400     		movs	r4, r0
 1143              	.LVL74:
 703:Drivers/STM32F0xx_HAL_Driver/Src/stm32f0xx_hal_rcc.c ****         {
 1144              		.loc 1 703 9 is_stmt 1 view .LVU352
 1145              	.L74:
 703:Drivers/STM32F0xx_HAL_Driver/Src/stm32f0xx_hal_rcc.c ****         {
 1146              		.loc 1 703 52 view .LVU353
 703:Drivers/STM32F0xx_HAL_Driver/Src/stm32f0xx_hal_rcc.c ****         {
 1147              		.loc 1 703 15 is_stmt 0 view .LVU354
 1148 041e 1C4B     		ldr	r3, .L129
 1149 0420 1B68     		ldr	r3, [r3]
 703:Drivers/STM32F0xx_HAL_Driver/Src/stm32f0xx_hal_rcc.c ****         {
 1150              		.loc 1 703 52 view .LVU355
 1151 0422 9B01     		lsls	r3, r3, #6
 1152 0424 06D4     		bmi	.L126
 705:Drivers/STM32F0xx_HAL_Driver/Src/stm32f0xx_hal_rcc.c ****           {
 1153              		.loc 1 705 11 is_stmt 1 view .LVU356
 705:Drivers/STM32F0xx_HAL_Driver/Src/stm32f0xx_hal_rcc.c ****           {
 1154              		.loc 1 705 15 is_stmt 0 view .LVU357
 1155 0426 FFF7FEFF 		bl	HAL_GetTick
ARM GAS  /tmp/cc0vgH7k.s 			page 37


 1156              	.LVL75:
 705:Drivers/STM32F0xx_HAL_Driver/Src/stm32f0xx_hal_rcc.c ****           {
 1157              		.loc 1 705 29 discriminator 1 view .LVU358
 1158 042a 001B     		subs	r0, r0, r4
 705:Drivers/STM32F0xx_HAL_Driver/Src/stm32f0xx_hal_rcc.c ****           {
 1159              		.loc 1 705 13 discriminator 1 view .LVU359
 1160 042c 0228     		cmp	r0, #2
 1161 042e F6D9     		bls	.L74
 707:Drivers/STM32F0xx_HAL_Driver/Src/stm32f0xx_hal_rcc.c ****           }
 1162              		.loc 1 707 20 view .LVU360
 1163 0430 0320     		movs	r0, #3
 1164 0432 1CE0     		b	.L20
 1165              	.L126:
 725:Drivers/STM32F0xx_HAL_Driver/Src/stm32f0xx_hal_rcc.c ****           }
 726:Drivers/STM32F0xx_HAL_Driver/Src/stm32f0xx_hal_rcc.c ****         }
 727:Drivers/STM32F0xx_HAL_Driver/Src/stm32f0xx_hal_rcc.c ****       }
 728:Drivers/STM32F0xx_HAL_Driver/Src/stm32f0xx_hal_rcc.c ****     }
 729:Drivers/STM32F0xx_HAL_Driver/Src/stm32f0xx_hal_rcc.c ****     else
 730:Drivers/STM32F0xx_HAL_Driver/Src/stm32f0xx_hal_rcc.c ****     {
 731:Drivers/STM32F0xx_HAL_Driver/Src/stm32f0xx_hal_rcc.c ****       /* Check if there is a request to disable the PLL used as System clock source */
 732:Drivers/STM32F0xx_HAL_Driver/Src/stm32f0xx_hal_rcc.c ****       if((RCC_OscInitStruct->PLL.PLLState) == RCC_PLL_OFF)
 733:Drivers/STM32F0xx_HAL_Driver/Src/stm32f0xx_hal_rcc.c ****       {
 734:Drivers/STM32F0xx_HAL_Driver/Src/stm32f0xx_hal_rcc.c ****         return HAL_ERROR;
 735:Drivers/STM32F0xx_HAL_Driver/Src/stm32f0xx_hal_rcc.c ****       }
 736:Drivers/STM32F0xx_HAL_Driver/Src/stm32f0xx_hal_rcc.c ****       else
 737:Drivers/STM32F0xx_HAL_Driver/Src/stm32f0xx_hal_rcc.c ****       {
 738:Drivers/STM32F0xx_HAL_Driver/Src/stm32f0xx_hal_rcc.c ****         /* Do not return HAL_ERROR if request repeats the current configuration */
 739:Drivers/STM32F0xx_HAL_Driver/Src/stm32f0xx_hal_rcc.c ****         pll_config  = RCC->CFGR;
 740:Drivers/STM32F0xx_HAL_Driver/Src/stm32f0xx_hal_rcc.c ****         pll_config2 = RCC->CFGR2;
 741:Drivers/STM32F0xx_HAL_Driver/Src/stm32f0xx_hal_rcc.c ****         if((READ_BIT(pll_config,  RCC_CFGR_PLLSRC)  != RCC_OscInitStruct->PLL.PLLSource) ||
 742:Drivers/STM32F0xx_HAL_Driver/Src/stm32f0xx_hal_rcc.c ****            (READ_BIT(pll_config2, RCC_CFGR2_PREDIV) != RCC_OscInitStruct->PLL.PREDIV)    ||
 743:Drivers/STM32F0xx_HAL_Driver/Src/stm32f0xx_hal_rcc.c ****            (READ_BIT(pll_config,  RCC_CFGR_PLLMUL)  != RCC_OscInitStruct->PLL.PLLMUL))
 744:Drivers/STM32F0xx_HAL_Driver/Src/stm32f0xx_hal_rcc.c ****         {
 745:Drivers/STM32F0xx_HAL_Driver/Src/stm32f0xx_hal_rcc.c ****           return HAL_ERROR;
 746:Drivers/STM32F0xx_HAL_Driver/Src/stm32f0xx_hal_rcc.c ****         }
 747:Drivers/STM32F0xx_HAL_Driver/Src/stm32f0xx_hal_rcc.c ****       }
 748:Drivers/STM32F0xx_HAL_Driver/Src/stm32f0xx_hal_rcc.c ****     }
 749:Drivers/STM32F0xx_HAL_Driver/Src/stm32f0xx_hal_rcc.c ****   }
 750:Drivers/STM32F0xx_HAL_Driver/Src/stm32f0xx_hal_rcc.c **** 
 751:Drivers/STM32F0xx_HAL_Driver/Src/stm32f0xx_hal_rcc.c ****   return HAL_OK;
 1166              		.loc 1 751 10 view .LVU361
 1167 0434 0020     		movs	r0, #0
 1168 0436 1AE0     		b	.L20
 1169              	.L123:
 1170              		.loc 1 751 10 view .LVU362
 1171 0438 0020     		movs	r0, #0
 1172 043a 18E0     		b	.L20
 1173              	.LVL76:
 1174              	.L70:
 732:Drivers/STM32F0xx_HAL_Driver/Src/stm32f0xx_hal_rcc.c ****       {
 1175              		.loc 1 732 7 is_stmt 1 view .LVU363
 732:Drivers/STM32F0xx_HAL_Driver/Src/stm32f0xx_hal_rcc.c ****       {
 1176              		.loc 1 732 9 is_stmt 0 view .LVU364
 1177 043c 012B     		cmp	r3, #1
 1178 043e 1ED0     		beq	.L97
 739:Drivers/STM32F0xx_HAL_Driver/Src/stm32f0xx_hal_rcc.c ****         pll_config2 = RCC->CFGR2;
 1179              		.loc 1 739 9 is_stmt 1 view .LVU365
ARM GAS  /tmp/cc0vgH7k.s 			page 38


 739:Drivers/STM32F0xx_HAL_Driver/Src/stm32f0xx_hal_rcc.c ****         pll_config2 = RCC->CFGR2;
 1180              		.loc 1 739 21 is_stmt 0 view .LVU366
 1181 0440 134B     		ldr	r3, .L129
 1182 0442 5A68     		ldr	r2, [r3, #4]
 1183              	.LVL77:
 740:Drivers/STM32F0xx_HAL_Driver/Src/stm32f0xx_hal_rcc.c ****         if((READ_BIT(pll_config,  RCC_CFGR_PLLSRC)  != RCC_OscInitStruct->PLL.PLLSource) ||
 1184              		.loc 1 740 9 is_stmt 1 view .LVU367
 740:Drivers/STM32F0xx_HAL_Driver/Src/stm32f0xx_hal_rcc.c ****         if((READ_BIT(pll_config,  RCC_CFGR_PLLSRC)  != RCC_OscInitStruct->PLL.PLLSource) ||
 1185              		.loc 1 740 21 is_stmt 0 view .LVU368
 1186 0444 D86A     		ldr	r0, [r3, #44]
 1187              	.LVL78:
 741:Drivers/STM32F0xx_HAL_Driver/Src/stm32f0xx_hal_rcc.c ****            (READ_BIT(pll_config2, RCC_CFGR2_PREDIV) != RCC_OscInitStruct->PLL.PREDIV)    ||
 1188              		.loc 1 741 9 is_stmt 1 view .LVU369
 741:Drivers/STM32F0xx_HAL_Driver/Src/stm32f0xx_hal_rcc.c ****            (READ_BIT(pll_config2, RCC_CFGR2_PREDIV) != RCC_OscInitStruct->PLL.PREDIV)    ||
 1189              		.loc 1 741 13 is_stmt 0 view .LVU370
 1190 0446 8023     		movs	r3, #128
 1191 0448 5B02     		lsls	r3, r3, #9
 1192 044a 1340     		ands	r3, r2
 741:Drivers/STM32F0xx_HAL_Driver/Src/stm32f0xx_hal_rcc.c ****            (READ_BIT(pll_config2, RCC_CFGR2_PREDIV) != RCC_OscInitStruct->PLL.PREDIV)    ||
 1193              		.loc 1 741 78 view .LVU371
 1194 044c 616A     		ldr	r1, [r4, #36]
 741:Drivers/STM32F0xx_HAL_Driver/Src/stm32f0xx_hal_rcc.c ****            (READ_BIT(pll_config2, RCC_CFGR2_PREDIV) != RCC_OscInitStruct->PLL.PREDIV)    ||
 1195              		.loc 1 741 11 view .LVU372
 1196 044e 8B42     		cmp	r3, r1
 1197 0450 17D1     		bne	.L98
 742:Drivers/STM32F0xx_HAL_Driver/Src/stm32f0xx_hal_rcc.c ****            (READ_BIT(pll_config,  RCC_CFGR_PLLMUL)  != RCC_OscInitStruct->PLL.PLLMUL))
 1198              		.loc 1 742 13 view .LVU373
 1199 0452 0F23     		movs	r3, #15
 1200 0454 0340     		ands	r3, r0
 742:Drivers/STM32F0xx_HAL_Driver/Src/stm32f0xx_hal_rcc.c ****            (READ_BIT(pll_config,  RCC_CFGR_PLLMUL)  != RCC_OscInitStruct->PLL.PLLMUL))
 1201              		.loc 1 742 78 view .LVU374
 1202 0456 E16A     		ldr	r1, [r4, #44]
 741:Drivers/STM32F0xx_HAL_Driver/Src/stm32f0xx_hal_rcc.c ****            (READ_BIT(pll_config2, RCC_CFGR2_PREDIV) != RCC_OscInitStruct->PLL.PREDIV)    ||
 1203              		.loc 1 741 90 discriminator 1 view .LVU375
 1204 0458 8B42     		cmp	r3, r1
 1205 045a 14D1     		bne	.L99
 743:Drivers/STM32F0xx_HAL_Driver/Src/stm32f0xx_hal_rcc.c ****         {
 1206              		.loc 1 743 13 view .LVU376
 1207 045c F023     		movs	r3, #240
 1208 045e 9B03     		lsls	r3, r3, #14
 1209 0460 1A40     		ands	r2, r3
 1210              	.LVL79:
 743:Drivers/STM32F0xx_HAL_Driver/Src/stm32f0xx_hal_rcc.c ****         {
 1211              		.loc 1 743 78 view .LVU377
 1212 0462 A36A     		ldr	r3, [r4, #40]
 742:Drivers/STM32F0xx_HAL_Driver/Src/stm32f0xx_hal_rcc.c ****            (READ_BIT(pll_config,  RCC_CFGR_PLLMUL)  != RCC_OscInitStruct->PLL.PLLMUL))
 1213              		.loc 1 742 90 view .LVU378
 1214 0464 9A42     		cmp	r2, r3
 1215 0466 10D1     		bne	.L100
 1216              		.loc 1 751 10 view .LVU379
 1217 0468 0020     		movs	r0, #0
 1218              	.LVL80:
 1219              		.loc 1 751 10 view .LVU380
 1220 046a 00E0     		b	.L20
 1221              	.LVL81:
 1222              	.L78:
 307:Drivers/STM32F0xx_HAL_Driver/Src/stm32f0xx_hal_rcc.c ****   }
ARM GAS  /tmp/cc0vgH7k.s 			page 39


 1223              		.loc 1 307 12 view .LVU381
 1224 046c 0120     		movs	r0, #1
 1225              	.LVL82:
 1226              	.L20:
 752:Drivers/STM32F0xx_HAL_Driver/Src/stm32f0xx_hal_rcc.c **** }
 1227              		.loc 1 752 1 view .LVU382
 1228 046e 02B0     		add	sp, sp, #8
 1229              		@ sp needed
 1230 0470 70BD     		pop	{r4, r5, r6, pc}
 1231              	.LVL83:
 1232              	.L113:
 325:Drivers/STM32F0xx_HAL_Driver/Src/stm32f0xx_hal_rcc.c ****       }
 1233              		.loc 1 325 16 view .LVU383
 1234 0472 0120     		movs	r0, #1
 1235              	.LVL84:
 325:Drivers/STM32F0xx_HAL_Driver/Src/stm32f0xx_hal_rcc.c ****       }
 1236              		.loc 1 325 16 view .LVU384
 1237 0474 FBE7     		b	.L20
 1238              	.L82:
 379:Drivers/STM32F0xx_HAL_Driver/Src/stm32f0xx_hal_rcc.c ****       }
 1239              		.loc 1 379 16 view .LVU385
 1240 0476 0120     		movs	r0, #1
 1241 0478 F9E7     		b	.L20
 1242              	.L93:
 751:Drivers/STM32F0xx_HAL_Driver/Src/stm32f0xx_hal_rcc.c **** }
 1243              		.loc 1 751 10 view .LVU386
 1244 047a 0020     		movs	r0, #0
 1245 047c F7E7     		b	.L20
 1246              	.L97:
 734:Drivers/STM32F0xx_HAL_Driver/Src/stm32f0xx_hal_rcc.c ****       }
 1247              		.loc 1 734 16 view .LVU387
 1248 047e 0120     		movs	r0, #1
 1249 0480 F5E7     		b	.L20
 1250              	.LVL85:
 1251              	.L98:
 745:Drivers/STM32F0xx_HAL_Driver/Src/stm32f0xx_hal_rcc.c ****         }
 1252              		.loc 1 745 18 view .LVU388
 1253 0482 0120     		movs	r0, #1
 1254              	.LVL86:
 745:Drivers/STM32F0xx_HAL_Driver/Src/stm32f0xx_hal_rcc.c ****         }
 1255              		.loc 1 745 18 view .LVU389
 1256 0484 F3E7     		b	.L20
 1257              	.LVL87:
 1258              	.L99:
 745:Drivers/STM32F0xx_HAL_Driver/Src/stm32f0xx_hal_rcc.c ****         }
 1259              		.loc 1 745 18 view .LVU390
 1260 0486 0120     		movs	r0, #1
 1261              	.LVL88:
 745:Drivers/STM32F0xx_HAL_Driver/Src/stm32f0xx_hal_rcc.c ****         }
 1262              		.loc 1 745 18 view .LVU391
 1263 0488 F1E7     		b	.L20
 1264              	.LVL89:
 1265              	.L100:
 745:Drivers/STM32F0xx_HAL_Driver/Src/stm32f0xx_hal_rcc.c ****         }
 1266              		.loc 1 745 18 view .LVU392
 1267 048a 0120     		movs	r0, #1
 1268              	.LVL90:
ARM GAS  /tmp/cc0vgH7k.s 			page 40


 745:Drivers/STM32F0xx_HAL_Driver/Src/stm32f0xx_hal_rcc.c ****         }
 1269              		.loc 1 745 18 view .LVU393
 1270 048c EFE7     		b	.L20
 1271              	.L130:
 1272 048e C046     		.align	2
 1273              	.L129:
 1274 0490 00100240 		.word	1073876992
 1275 0494 FFFFFFFE 		.word	-16777217
 1276 0498 FFFFFFEF 		.word	-268435457
 1277 049c FFFFC2FF 		.word	-3997697
 1278              		.cfi_endproc
 1279              	.LFE41:
 1281              		.section	.text.HAL_RCC_MCOConfig,"ax",%progbits
 1282              		.align	1
 1283              		.global	HAL_RCC_MCOConfig
 1284              		.syntax unified
 1285              		.code	16
 1286              		.thumb_func
 1288              	HAL_RCC_MCOConfig:
 1289              	.LVL91:
 1290              	.LFB43:
 753:Drivers/STM32F0xx_HAL_Driver/Src/stm32f0xx_hal_rcc.c **** 
 754:Drivers/STM32F0xx_HAL_Driver/Src/stm32f0xx_hal_rcc.c **** /**
 755:Drivers/STM32F0xx_HAL_Driver/Src/stm32f0xx_hal_rcc.c ****   * @brief  Initializes the CPU, AHB and APB buses clocks according to the specified 
 756:Drivers/STM32F0xx_HAL_Driver/Src/stm32f0xx_hal_rcc.c ****   *         parameters in the RCC_ClkInitStruct.
 757:Drivers/STM32F0xx_HAL_Driver/Src/stm32f0xx_hal_rcc.c ****   * @param  RCC_ClkInitStruct pointer to an RCC_OscInitTypeDef structure that
 758:Drivers/STM32F0xx_HAL_Driver/Src/stm32f0xx_hal_rcc.c ****   *         contains the configuration information for the RCC peripheral.
 759:Drivers/STM32F0xx_HAL_Driver/Src/stm32f0xx_hal_rcc.c ****   * @param  FLatency FLASH Latency                   
 760:Drivers/STM32F0xx_HAL_Driver/Src/stm32f0xx_hal_rcc.c ****   *          The value of this parameter depend on device used within the same series
 761:Drivers/STM32F0xx_HAL_Driver/Src/stm32f0xx_hal_rcc.c ****   * @note   The SystemCoreClock CMSIS variable is used to store System Clock Frequency 
 762:Drivers/STM32F0xx_HAL_Driver/Src/stm32f0xx_hal_rcc.c ****   *         and updated by @ref HAL_RCC_GetHCLKFreq() function called within this function
 763:Drivers/STM32F0xx_HAL_Driver/Src/stm32f0xx_hal_rcc.c ****   *
 764:Drivers/STM32F0xx_HAL_Driver/Src/stm32f0xx_hal_rcc.c ****   * @note   The HSI is used (enabled by hardware) as system clock source after
 765:Drivers/STM32F0xx_HAL_Driver/Src/stm32f0xx_hal_rcc.c ****   *         start-up from Reset, wake-up from STOP and STANDBY mode, or in case
 766:Drivers/STM32F0xx_HAL_Driver/Src/stm32f0xx_hal_rcc.c ****   *         of failure of the HSE used directly or indirectly as system clock
 767:Drivers/STM32F0xx_HAL_Driver/Src/stm32f0xx_hal_rcc.c ****   *         (if the Clock Security System CSS is enabled).
 768:Drivers/STM32F0xx_HAL_Driver/Src/stm32f0xx_hal_rcc.c ****   *           
 769:Drivers/STM32F0xx_HAL_Driver/Src/stm32f0xx_hal_rcc.c ****   * @note   A switch from one clock source to another occurs only if the target
 770:Drivers/STM32F0xx_HAL_Driver/Src/stm32f0xx_hal_rcc.c ****   *         clock source is ready (clock stable after start-up delay or PLL locked). 
 771:Drivers/STM32F0xx_HAL_Driver/Src/stm32f0xx_hal_rcc.c ****   *         If a clock source which is not yet ready is selected, the switch will
 772:Drivers/STM32F0xx_HAL_Driver/Src/stm32f0xx_hal_rcc.c ****   *         occur when the clock source will be ready. 
 773:Drivers/STM32F0xx_HAL_Driver/Src/stm32f0xx_hal_rcc.c ****   *         You can use @ref HAL_RCC_GetClockConfig() function to know which clock is
 774:Drivers/STM32F0xx_HAL_Driver/Src/stm32f0xx_hal_rcc.c ****   *         currently used as system clock source.
 775:Drivers/STM32F0xx_HAL_Driver/Src/stm32f0xx_hal_rcc.c ****   * @retval HAL status
 776:Drivers/STM32F0xx_HAL_Driver/Src/stm32f0xx_hal_rcc.c ****   */
 777:Drivers/STM32F0xx_HAL_Driver/Src/stm32f0xx_hal_rcc.c **** HAL_StatusTypeDef HAL_RCC_ClockConfig(RCC_ClkInitTypeDef  *RCC_ClkInitStruct, uint32_t FLatency)
 778:Drivers/STM32F0xx_HAL_Driver/Src/stm32f0xx_hal_rcc.c **** {
 779:Drivers/STM32F0xx_HAL_Driver/Src/stm32f0xx_hal_rcc.c ****   uint32_t tickstart;
 780:Drivers/STM32F0xx_HAL_Driver/Src/stm32f0xx_hal_rcc.c **** 
 781:Drivers/STM32F0xx_HAL_Driver/Src/stm32f0xx_hal_rcc.c ****   /* Check Null pointer */
 782:Drivers/STM32F0xx_HAL_Driver/Src/stm32f0xx_hal_rcc.c ****   if(RCC_ClkInitStruct == NULL)
 783:Drivers/STM32F0xx_HAL_Driver/Src/stm32f0xx_hal_rcc.c ****   {
 784:Drivers/STM32F0xx_HAL_Driver/Src/stm32f0xx_hal_rcc.c ****     return HAL_ERROR;
 785:Drivers/STM32F0xx_HAL_Driver/Src/stm32f0xx_hal_rcc.c ****   }
 786:Drivers/STM32F0xx_HAL_Driver/Src/stm32f0xx_hal_rcc.c **** 
 787:Drivers/STM32F0xx_HAL_Driver/Src/stm32f0xx_hal_rcc.c ****   /* Check the parameters */
 788:Drivers/STM32F0xx_HAL_Driver/Src/stm32f0xx_hal_rcc.c ****   assert_param(IS_RCC_CLOCKTYPE(RCC_ClkInitStruct->ClockType));
ARM GAS  /tmp/cc0vgH7k.s 			page 41


 789:Drivers/STM32F0xx_HAL_Driver/Src/stm32f0xx_hal_rcc.c ****   assert_param(IS_FLASH_LATENCY(FLatency));
 790:Drivers/STM32F0xx_HAL_Driver/Src/stm32f0xx_hal_rcc.c **** 
 791:Drivers/STM32F0xx_HAL_Driver/Src/stm32f0xx_hal_rcc.c ****   /* To correctly read data from FLASH memory, the number of wait states (LATENCY) 
 792:Drivers/STM32F0xx_HAL_Driver/Src/stm32f0xx_hal_rcc.c ****   must be correctly programmed according to the frequency of the CPU clock 
 793:Drivers/STM32F0xx_HAL_Driver/Src/stm32f0xx_hal_rcc.c ****     (HCLK) of the device. */
 794:Drivers/STM32F0xx_HAL_Driver/Src/stm32f0xx_hal_rcc.c **** 
 795:Drivers/STM32F0xx_HAL_Driver/Src/stm32f0xx_hal_rcc.c ****   /* Increasing the number of wait states because of higher CPU frequency */
 796:Drivers/STM32F0xx_HAL_Driver/Src/stm32f0xx_hal_rcc.c ****   if(FLatency > __HAL_FLASH_GET_LATENCY())
 797:Drivers/STM32F0xx_HAL_Driver/Src/stm32f0xx_hal_rcc.c ****   {    
 798:Drivers/STM32F0xx_HAL_Driver/Src/stm32f0xx_hal_rcc.c ****     /* Program the new number of wait states to the LATENCY bits in the FLASH_ACR register */
 799:Drivers/STM32F0xx_HAL_Driver/Src/stm32f0xx_hal_rcc.c ****     __HAL_FLASH_SET_LATENCY(FLatency);
 800:Drivers/STM32F0xx_HAL_Driver/Src/stm32f0xx_hal_rcc.c ****     
 801:Drivers/STM32F0xx_HAL_Driver/Src/stm32f0xx_hal_rcc.c ****     /* Check that the new number of wait states is taken into account to access the Flash
 802:Drivers/STM32F0xx_HAL_Driver/Src/stm32f0xx_hal_rcc.c ****     memory by reading the FLASH_ACR register */
 803:Drivers/STM32F0xx_HAL_Driver/Src/stm32f0xx_hal_rcc.c ****     if(__HAL_FLASH_GET_LATENCY() != FLatency)
 804:Drivers/STM32F0xx_HAL_Driver/Src/stm32f0xx_hal_rcc.c ****     {
 805:Drivers/STM32F0xx_HAL_Driver/Src/stm32f0xx_hal_rcc.c ****       return HAL_ERROR;
 806:Drivers/STM32F0xx_HAL_Driver/Src/stm32f0xx_hal_rcc.c ****     }
 807:Drivers/STM32F0xx_HAL_Driver/Src/stm32f0xx_hal_rcc.c ****   }
 808:Drivers/STM32F0xx_HAL_Driver/Src/stm32f0xx_hal_rcc.c **** 
 809:Drivers/STM32F0xx_HAL_Driver/Src/stm32f0xx_hal_rcc.c ****   /*-------------------------- HCLK Configuration --------------------------*/
 810:Drivers/STM32F0xx_HAL_Driver/Src/stm32f0xx_hal_rcc.c ****   if(((RCC_ClkInitStruct->ClockType) & RCC_CLOCKTYPE_HCLK) == RCC_CLOCKTYPE_HCLK)
 811:Drivers/STM32F0xx_HAL_Driver/Src/stm32f0xx_hal_rcc.c ****   {
 812:Drivers/STM32F0xx_HAL_Driver/Src/stm32f0xx_hal_rcc.c ****     /* Set the highest APB divider in order to ensure that we do not go through
 813:Drivers/STM32F0xx_HAL_Driver/Src/stm32f0xx_hal_rcc.c ****        a non-spec phase whatever we decrease or increase HCLK. */
 814:Drivers/STM32F0xx_HAL_Driver/Src/stm32f0xx_hal_rcc.c ****     if(((RCC_ClkInitStruct->ClockType) & RCC_CLOCKTYPE_PCLK1) == RCC_CLOCKTYPE_PCLK1)
 815:Drivers/STM32F0xx_HAL_Driver/Src/stm32f0xx_hal_rcc.c ****     {
 816:Drivers/STM32F0xx_HAL_Driver/Src/stm32f0xx_hal_rcc.c ****       MODIFY_REG(RCC->CFGR, RCC_CFGR_PPRE, RCC_HCLK_DIV16);
 817:Drivers/STM32F0xx_HAL_Driver/Src/stm32f0xx_hal_rcc.c ****     }
 818:Drivers/STM32F0xx_HAL_Driver/Src/stm32f0xx_hal_rcc.c **** 
 819:Drivers/STM32F0xx_HAL_Driver/Src/stm32f0xx_hal_rcc.c ****     /* Set the new HCLK clock divider */
 820:Drivers/STM32F0xx_HAL_Driver/Src/stm32f0xx_hal_rcc.c ****     assert_param(IS_RCC_HCLK(RCC_ClkInitStruct->AHBCLKDivider));
 821:Drivers/STM32F0xx_HAL_Driver/Src/stm32f0xx_hal_rcc.c ****     MODIFY_REG(RCC->CFGR, RCC_CFGR_HPRE, RCC_ClkInitStruct->AHBCLKDivider);
 822:Drivers/STM32F0xx_HAL_Driver/Src/stm32f0xx_hal_rcc.c ****   }
 823:Drivers/STM32F0xx_HAL_Driver/Src/stm32f0xx_hal_rcc.c **** 
 824:Drivers/STM32F0xx_HAL_Driver/Src/stm32f0xx_hal_rcc.c ****   /*------------------------- SYSCLK Configuration ---------------------------*/ 
 825:Drivers/STM32F0xx_HAL_Driver/Src/stm32f0xx_hal_rcc.c ****   if(((RCC_ClkInitStruct->ClockType) & RCC_CLOCKTYPE_SYSCLK) == RCC_CLOCKTYPE_SYSCLK)
 826:Drivers/STM32F0xx_HAL_Driver/Src/stm32f0xx_hal_rcc.c ****   {
 827:Drivers/STM32F0xx_HAL_Driver/Src/stm32f0xx_hal_rcc.c ****     assert_param(IS_RCC_SYSCLKSOURCE(RCC_ClkInitStruct->SYSCLKSource));
 828:Drivers/STM32F0xx_HAL_Driver/Src/stm32f0xx_hal_rcc.c ****     
 829:Drivers/STM32F0xx_HAL_Driver/Src/stm32f0xx_hal_rcc.c ****     /* HSE is selected as System Clock Source */
 830:Drivers/STM32F0xx_HAL_Driver/Src/stm32f0xx_hal_rcc.c ****     if(RCC_ClkInitStruct->SYSCLKSource == RCC_SYSCLKSOURCE_HSE)
 831:Drivers/STM32F0xx_HAL_Driver/Src/stm32f0xx_hal_rcc.c ****     {
 832:Drivers/STM32F0xx_HAL_Driver/Src/stm32f0xx_hal_rcc.c ****       /* Check the HSE ready flag */  
 833:Drivers/STM32F0xx_HAL_Driver/Src/stm32f0xx_hal_rcc.c ****       if(__HAL_RCC_GET_FLAG(RCC_FLAG_HSERDY) == RESET)
 834:Drivers/STM32F0xx_HAL_Driver/Src/stm32f0xx_hal_rcc.c ****       {
 835:Drivers/STM32F0xx_HAL_Driver/Src/stm32f0xx_hal_rcc.c ****         return HAL_ERROR;
 836:Drivers/STM32F0xx_HAL_Driver/Src/stm32f0xx_hal_rcc.c ****       }
 837:Drivers/STM32F0xx_HAL_Driver/Src/stm32f0xx_hal_rcc.c ****     }
 838:Drivers/STM32F0xx_HAL_Driver/Src/stm32f0xx_hal_rcc.c ****     /* PLL is selected as System Clock Source */
 839:Drivers/STM32F0xx_HAL_Driver/Src/stm32f0xx_hal_rcc.c ****     else if(RCC_ClkInitStruct->SYSCLKSource == RCC_SYSCLKSOURCE_PLLCLK)
 840:Drivers/STM32F0xx_HAL_Driver/Src/stm32f0xx_hal_rcc.c ****     {
 841:Drivers/STM32F0xx_HAL_Driver/Src/stm32f0xx_hal_rcc.c ****       /* Check the PLL ready flag */  
 842:Drivers/STM32F0xx_HAL_Driver/Src/stm32f0xx_hal_rcc.c ****       if(__HAL_RCC_GET_FLAG(RCC_FLAG_PLLRDY) == RESET)
 843:Drivers/STM32F0xx_HAL_Driver/Src/stm32f0xx_hal_rcc.c ****       {
 844:Drivers/STM32F0xx_HAL_Driver/Src/stm32f0xx_hal_rcc.c ****         return HAL_ERROR;
 845:Drivers/STM32F0xx_HAL_Driver/Src/stm32f0xx_hal_rcc.c ****       }
ARM GAS  /tmp/cc0vgH7k.s 			page 42


 846:Drivers/STM32F0xx_HAL_Driver/Src/stm32f0xx_hal_rcc.c ****     }
 847:Drivers/STM32F0xx_HAL_Driver/Src/stm32f0xx_hal_rcc.c **** #if defined(RCC_CFGR_SWS_HSI48)
 848:Drivers/STM32F0xx_HAL_Driver/Src/stm32f0xx_hal_rcc.c ****     /* HSI48 is selected as System Clock Source */
 849:Drivers/STM32F0xx_HAL_Driver/Src/stm32f0xx_hal_rcc.c ****     else if(RCC_ClkInitStruct->SYSCLKSource == RCC_SYSCLKSOURCE_HSI48)
 850:Drivers/STM32F0xx_HAL_Driver/Src/stm32f0xx_hal_rcc.c ****     {
 851:Drivers/STM32F0xx_HAL_Driver/Src/stm32f0xx_hal_rcc.c ****       /* Check the HSI48 ready flag */
 852:Drivers/STM32F0xx_HAL_Driver/Src/stm32f0xx_hal_rcc.c ****       if(__HAL_RCC_GET_FLAG(RCC_FLAG_HSI48RDY) == RESET)
 853:Drivers/STM32F0xx_HAL_Driver/Src/stm32f0xx_hal_rcc.c ****       {
 854:Drivers/STM32F0xx_HAL_Driver/Src/stm32f0xx_hal_rcc.c ****         return HAL_ERROR;
 855:Drivers/STM32F0xx_HAL_Driver/Src/stm32f0xx_hal_rcc.c ****       }
 856:Drivers/STM32F0xx_HAL_Driver/Src/stm32f0xx_hal_rcc.c ****     }
 857:Drivers/STM32F0xx_HAL_Driver/Src/stm32f0xx_hal_rcc.c **** #endif /* RCC_CFGR_SWS_HSI48 */
 858:Drivers/STM32F0xx_HAL_Driver/Src/stm32f0xx_hal_rcc.c ****     /* HSI is selected as System Clock Source */
 859:Drivers/STM32F0xx_HAL_Driver/Src/stm32f0xx_hal_rcc.c ****     else
 860:Drivers/STM32F0xx_HAL_Driver/Src/stm32f0xx_hal_rcc.c ****     {
 861:Drivers/STM32F0xx_HAL_Driver/Src/stm32f0xx_hal_rcc.c ****       /* Check the HSI ready flag */  
 862:Drivers/STM32F0xx_HAL_Driver/Src/stm32f0xx_hal_rcc.c ****       if(__HAL_RCC_GET_FLAG(RCC_FLAG_HSIRDY) == RESET)
 863:Drivers/STM32F0xx_HAL_Driver/Src/stm32f0xx_hal_rcc.c ****       {
 864:Drivers/STM32F0xx_HAL_Driver/Src/stm32f0xx_hal_rcc.c ****         return HAL_ERROR;
 865:Drivers/STM32F0xx_HAL_Driver/Src/stm32f0xx_hal_rcc.c ****       }
 866:Drivers/STM32F0xx_HAL_Driver/Src/stm32f0xx_hal_rcc.c ****     }
 867:Drivers/STM32F0xx_HAL_Driver/Src/stm32f0xx_hal_rcc.c ****     __HAL_RCC_SYSCLK_CONFIG(RCC_ClkInitStruct->SYSCLKSource);
 868:Drivers/STM32F0xx_HAL_Driver/Src/stm32f0xx_hal_rcc.c **** 
 869:Drivers/STM32F0xx_HAL_Driver/Src/stm32f0xx_hal_rcc.c ****     /* Get Start Tick */
 870:Drivers/STM32F0xx_HAL_Driver/Src/stm32f0xx_hal_rcc.c ****     tickstart = HAL_GetTick();
 871:Drivers/STM32F0xx_HAL_Driver/Src/stm32f0xx_hal_rcc.c ****     
 872:Drivers/STM32F0xx_HAL_Driver/Src/stm32f0xx_hal_rcc.c ****     while (__HAL_RCC_GET_SYSCLK_SOURCE() != (RCC_ClkInitStruct->SYSCLKSource << RCC_CFGR_SWS_Pos))
 873:Drivers/STM32F0xx_HAL_Driver/Src/stm32f0xx_hal_rcc.c ****     {
 874:Drivers/STM32F0xx_HAL_Driver/Src/stm32f0xx_hal_rcc.c ****       if((HAL_GetTick() - tickstart ) > CLOCKSWITCH_TIMEOUT_VALUE)
 875:Drivers/STM32F0xx_HAL_Driver/Src/stm32f0xx_hal_rcc.c ****       {
 876:Drivers/STM32F0xx_HAL_Driver/Src/stm32f0xx_hal_rcc.c ****         return HAL_TIMEOUT;
 877:Drivers/STM32F0xx_HAL_Driver/Src/stm32f0xx_hal_rcc.c ****       }
 878:Drivers/STM32F0xx_HAL_Driver/Src/stm32f0xx_hal_rcc.c ****     }
 879:Drivers/STM32F0xx_HAL_Driver/Src/stm32f0xx_hal_rcc.c ****   }
 880:Drivers/STM32F0xx_HAL_Driver/Src/stm32f0xx_hal_rcc.c **** 
 881:Drivers/STM32F0xx_HAL_Driver/Src/stm32f0xx_hal_rcc.c ****   /* Decreasing the number of wait states because of lower CPU frequency */
 882:Drivers/STM32F0xx_HAL_Driver/Src/stm32f0xx_hal_rcc.c ****   if(FLatency < __HAL_FLASH_GET_LATENCY())
 883:Drivers/STM32F0xx_HAL_Driver/Src/stm32f0xx_hal_rcc.c ****   {    
 884:Drivers/STM32F0xx_HAL_Driver/Src/stm32f0xx_hal_rcc.c ****     /* Program the new number of wait states to the LATENCY bits in the FLASH_ACR register */
 885:Drivers/STM32F0xx_HAL_Driver/Src/stm32f0xx_hal_rcc.c ****     __HAL_FLASH_SET_LATENCY(FLatency);
 886:Drivers/STM32F0xx_HAL_Driver/Src/stm32f0xx_hal_rcc.c ****     
 887:Drivers/STM32F0xx_HAL_Driver/Src/stm32f0xx_hal_rcc.c ****     /* Check that the new number of wait states is taken into account to access the Flash
 888:Drivers/STM32F0xx_HAL_Driver/Src/stm32f0xx_hal_rcc.c ****     memory by reading the FLASH_ACR register */
 889:Drivers/STM32F0xx_HAL_Driver/Src/stm32f0xx_hal_rcc.c ****     if(__HAL_FLASH_GET_LATENCY() != FLatency)
 890:Drivers/STM32F0xx_HAL_Driver/Src/stm32f0xx_hal_rcc.c ****     {
 891:Drivers/STM32F0xx_HAL_Driver/Src/stm32f0xx_hal_rcc.c ****       return HAL_ERROR;
 892:Drivers/STM32F0xx_HAL_Driver/Src/stm32f0xx_hal_rcc.c ****     }
 893:Drivers/STM32F0xx_HAL_Driver/Src/stm32f0xx_hal_rcc.c ****   }    
 894:Drivers/STM32F0xx_HAL_Driver/Src/stm32f0xx_hal_rcc.c **** 
 895:Drivers/STM32F0xx_HAL_Driver/Src/stm32f0xx_hal_rcc.c ****   /*-------------------------- PCLK1 Configuration ---------------------------*/ 
 896:Drivers/STM32F0xx_HAL_Driver/Src/stm32f0xx_hal_rcc.c ****   if(((RCC_ClkInitStruct->ClockType) & RCC_CLOCKTYPE_PCLK1) == RCC_CLOCKTYPE_PCLK1)
 897:Drivers/STM32F0xx_HAL_Driver/Src/stm32f0xx_hal_rcc.c ****   {
 898:Drivers/STM32F0xx_HAL_Driver/Src/stm32f0xx_hal_rcc.c ****     assert_param(IS_RCC_PCLK(RCC_ClkInitStruct->APB1CLKDivider));
 899:Drivers/STM32F0xx_HAL_Driver/Src/stm32f0xx_hal_rcc.c ****     MODIFY_REG(RCC->CFGR, RCC_CFGR_PPRE, RCC_ClkInitStruct->APB1CLKDivider);
 900:Drivers/STM32F0xx_HAL_Driver/Src/stm32f0xx_hal_rcc.c ****   }
 901:Drivers/STM32F0xx_HAL_Driver/Src/stm32f0xx_hal_rcc.c ****   
 902:Drivers/STM32F0xx_HAL_Driver/Src/stm32f0xx_hal_rcc.c ****   /* Update the SystemCoreClock global variable */
ARM GAS  /tmp/cc0vgH7k.s 			page 43


 903:Drivers/STM32F0xx_HAL_Driver/Src/stm32f0xx_hal_rcc.c ****   SystemCoreClock = HAL_RCC_GetSysClockFreq() >> AHBPrescTable[(RCC->CFGR & RCC_CFGR_HPRE)>> RCC_CF
 904:Drivers/STM32F0xx_HAL_Driver/Src/stm32f0xx_hal_rcc.c **** 
 905:Drivers/STM32F0xx_HAL_Driver/Src/stm32f0xx_hal_rcc.c ****   /* Configure the source of time base considering new system clocks settings*/
 906:Drivers/STM32F0xx_HAL_Driver/Src/stm32f0xx_hal_rcc.c ****   HAL_InitTick (TICK_INT_PRIORITY);
 907:Drivers/STM32F0xx_HAL_Driver/Src/stm32f0xx_hal_rcc.c ****   
 908:Drivers/STM32F0xx_HAL_Driver/Src/stm32f0xx_hal_rcc.c ****   return HAL_OK;
 909:Drivers/STM32F0xx_HAL_Driver/Src/stm32f0xx_hal_rcc.c **** }
 910:Drivers/STM32F0xx_HAL_Driver/Src/stm32f0xx_hal_rcc.c **** 
 911:Drivers/STM32F0xx_HAL_Driver/Src/stm32f0xx_hal_rcc.c **** /**
 912:Drivers/STM32F0xx_HAL_Driver/Src/stm32f0xx_hal_rcc.c ****   * @}
 913:Drivers/STM32F0xx_HAL_Driver/Src/stm32f0xx_hal_rcc.c ****   */
 914:Drivers/STM32F0xx_HAL_Driver/Src/stm32f0xx_hal_rcc.c **** 
 915:Drivers/STM32F0xx_HAL_Driver/Src/stm32f0xx_hal_rcc.c **** /** @defgroup RCC_Exported_Functions_Group2 Peripheral Control functions
 916:Drivers/STM32F0xx_HAL_Driver/Src/stm32f0xx_hal_rcc.c ****   *  @brief   RCC clocks control functions
 917:Drivers/STM32F0xx_HAL_Driver/Src/stm32f0xx_hal_rcc.c ****   *
 918:Drivers/STM32F0xx_HAL_Driver/Src/stm32f0xx_hal_rcc.c ****   @verbatim   
 919:Drivers/STM32F0xx_HAL_Driver/Src/stm32f0xx_hal_rcc.c ****   ===============================================================================
 920:Drivers/STM32F0xx_HAL_Driver/Src/stm32f0xx_hal_rcc.c ****                   ##### Peripheral Control functions #####
 921:Drivers/STM32F0xx_HAL_Driver/Src/stm32f0xx_hal_rcc.c ****   ===============================================================================  
 922:Drivers/STM32F0xx_HAL_Driver/Src/stm32f0xx_hal_rcc.c ****     [..]
 923:Drivers/STM32F0xx_HAL_Driver/Src/stm32f0xx_hal_rcc.c ****     This subsection provides a set of functions allowing to control the RCC Clocks 
 924:Drivers/STM32F0xx_HAL_Driver/Src/stm32f0xx_hal_rcc.c ****     frequencies.
 925:Drivers/STM32F0xx_HAL_Driver/Src/stm32f0xx_hal_rcc.c **** 
 926:Drivers/STM32F0xx_HAL_Driver/Src/stm32f0xx_hal_rcc.c ****   @endverbatim
 927:Drivers/STM32F0xx_HAL_Driver/Src/stm32f0xx_hal_rcc.c ****   * @{
 928:Drivers/STM32F0xx_HAL_Driver/Src/stm32f0xx_hal_rcc.c ****   */
 929:Drivers/STM32F0xx_HAL_Driver/Src/stm32f0xx_hal_rcc.c **** 
 930:Drivers/STM32F0xx_HAL_Driver/Src/stm32f0xx_hal_rcc.c **** #if defined(RCC_CFGR_MCOPRE)
 931:Drivers/STM32F0xx_HAL_Driver/Src/stm32f0xx_hal_rcc.c **** /**
 932:Drivers/STM32F0xx_HAL_Driver/Src/stm32f0xx_hal_rcc.c ****   * @brief  Selects the clock source to output on MCO pin.
 933:Drivers/STM32F0xx_HAL_Driver/Src/stm32f0xx_hal_rcc.c ****   * @note   MCO pin should be configured in alternate function mode.
 934:Drivers/STM32F0xx_HAL_Driver/Src/stm32f0xx_hal_rcc.c ****   * @param  RCC_MCOx specifies the output direction for the clock source.
 935:Drivers/STM32F0xx_HAL_Driver/Src/stm32f0xx_hal_rcc.c ****   *          This parameter can be one of the following values:
 936:Drivers/STM32F0xx_HAL_Driver/Src/stm32f0xx_hal_rcc.c ****   *            @arg @ref RCC_MCO1 Clock source to output on MCO1 pin(PA8).
 937:Drivers/STM32F0xx_HAL_Driver/Src/stm32f0xx_hal_rcc.c ****   * @param  RCC_MCOSource specifies the clock source to output.
 938:Drivers/STM32F0xx_HAL_Driver/Src/stm32f0xx_hal_rcc.c ****   *          This parameter can be one of the following values:
 939:Drivers/STM32F0xx_HAL_Driver/Src/stm32f0xx_hal_rcc.c ****   *            @arg @ref RCC_MCO1SOURCE_NOCLOCK     No clock selected
 940:Drivers/STM32F0xx_HAL_Driver/Src/stm32f0xx_hal_rcc.c ****   *            @arg @ref RCC_MCO1SOURCE_SYSCLK      System Clock selected as MCO clock
 941:Drivers/STM32F0xx_HAL_Driver/Src/stm32f0xx_hal_rcc.c ****   *            @arg @ref RCC_MCO1SOURCE_HSI         HSI selected as MCO clock
 942:Drivers/STM32F0xx_HAL_Driver/Src/stm32f0xx_hal_rcc.c ****   *            @arg @ref RCC_MCO1SOURCE_HSE         HSE selected as MCO clock
 943:Drivers/STM32F0xx_HAL_Driver/Src/stm32f0xx_hal_rcc.c ****   *            @arg @ref RCC_MCO1SOURCE_LSI         LSI selected as MCO clock
 944:Drivers/STM32F0xx_HAL_Driver/Src/stm32f0xx_hal_rcc.c ****   *            @arg @ref RCC_MCO1SOURCE_LSE         LSE selected as MCO clock
 945:Drivers/STM32F0xx_HAL_Driver/Src/stm32f0xx_hal_rcc.c ****   *            @arg @ref RCC_MCO1SOURCE_HSI14       HSI14 selected as MCO clock
 946:Drivers/STM32F0xx_HAL_Driver/Src/stm32f0xx_hal_rcc.c ****   @if STM32F042x6
 947:Drivers/STM32F0xx_HAL_Driver/Src/stm32f0xx_hal_rcc.c ****   *            @arg @ref RCC_MCO1SOURCE_HSI48       HSI48 selected as MCO clock
 948:Drivers/STM32F0xx_HAL_Driver/Src/stm32f0xx_hal_rcc.c ****   *            @arg @ref RCC_MCO1SOURCE_PLLCLK      PLLCLK selected as MCO clock
 949:Drivers/STM32F0xx_HAL_Driver/Src/stm32f0xx_hal_rcc.c ****   @elseif STM32F048xx
 950:Drivers/STM32F0xx_HAL_Driver/Src/stm32f0xx_hal_rcc.c ****   *            @arg @ref RCC_MCO1SOURCE_HSI48       HSI48 selected as MCO clock
 951:Drivers/STM32F0xx_HAL_Driver/Src/stm32f0xx_hal_rcc.c ****   *            @arg @ref RCC_MCO1SOURCE_PLLCLK      PLLCLK selected as MCO clock
 952:Drivers/STM32F0xx_HAL_Driver/Src/stm32f0xx_hal_rcc.c ****   @elseif STM32F071xB
 953:Drivers/STM32F0xx_HAL_Driver/Src/stm32f0xx_hal_rcc.c ****   *            @arg @ref RCC_MCO1SOURCE_HSI48       HSI48 selected as MCO clock
 954:Drivers/STM32F0xx_HAL_Driver/Src/stm32f0xx_hal_rcc.c ****   *            @arg @ref RCC_MCO1SOURCE_PLLCLK      PLLCLK selected as MCO clock
 955:Drivers/STM32F0xx_HAL_Driver/Src/stm32f0xx_hal_rcc.c ****   @elseif STM32F072xB
 956:Drivers/STM32F0xx_HAL_Driver/Src/stm32f0xx_hal_rcc.c ****   *            @arg @ref RCC_MCO1SOURCE_HSI48       HSI48 selected as MCO clock
 957:Drivers/STM32F0xx_HAL_Driver/Src/stm32f0xx_hal_rcc.c ****   *            @arg @ref RCC_MCO1SOURCE_PLLCLK      PLLCLK selected as MCO clock
 958:Drivers/STM32F0xx_HAL_Driver/Src/stm32f0xx_hal_rcc.c ****   @elseif STM32F078xx
 959:Drivers/STM32F0xx_HAL_Driver/Src/stm32f0xx_hal_rcc.c ****   *            @arg @ref RCC_MCO1SOURCE_HSI48       HSI48 selected as MCO clock
ARM GAS  /tmp/cc0vgH7k.s 			page 44


 960:Drivers/STM32F0xx_HAL_Driver/Src/stm32f0xx_hal_rcc.c ****   *            @arg @ref RCC_MCO1SOURCE_PLLCLK      PLLCLK selected as MCO clock
 961:Drivers/STM32F0xx_HAL_Driver/Src/stm32f0xx_hal_rcc.c ****   @elseif STM32F091xC
 962:Drivers/STM32F0xx_HAL_Driver/Src/stm32f0xx_hal_rcc.c ****   *            @arg @ref RCC_MCO1SOURCE_HSI48       HSI48 selected as MCO clock
 963:Drivers/STM32F0xx_HAL_Driver/Src/stm32f0xx_hal_rcc.c ****   *            @arg @ref RCC_MCO1SOURCE_PLLCLK      PLLCLK selected as MCO clock
 964:Drivers/STM32F0xx_HAL_Driver/Src/stm32f0xx_hal_rcc.c ****   @elseif STM32F098xx
 965:Drivers/STM32F0xx_HAL_Driver/Src/stm32f0xx_hal_rcc.c ****   *            @arg @ref RCC_MCO1SOURCE_HSI48       HSI48 selected as MCO clock
 966:Drivers/STM32F0xx_HAL_Driver/Src/stm32f0xx_hal_rcc.c ****   *            @arg @ref RCC_MCO1SOURCE_PLLCLK      PLLCLK selected as MCO clock
 967:Drivers/STM32F0xx_HAL_Driver/Src/stm32f0xx_hal_rcc.c ****   @elif STM32F030x6
 968:Drivers/STM32F0xx_HAL_Driver/Src/stm32f0xx_hal_rcc.c ****   *            @arg @ref RCC_MCO1SOURCE_PLLCLK      PLLCLK selected as MCO clock
 969:Drivers/STM32F0xx_HAL_Driver/Src/stm32f0xx_hal_rcc.c ****   @elif STM32F030xC
 970:Drivers/STM32F0xx_HAL_Driver/Src/stm32f0xx_hal_rcc.c ****   *            @arg @ref RCC_MCO1SOURCE_PLLCLK      PLLCLK selected as MCO clock
 971:Drivers/STM32F0xx_HAL_Driver/Src/stm32f0xx_hal_rcc.c ****   @elif STM32F031x6
 972:Drivers/STM32F0xx_HAL_Driver/Src/stm32f0xx_hal_rcc.c ****   *            @arg @ref RCC_MCO1SOURCE_PLLCLK      PLLCLK selected as MCO clock
 973:Drivers/STM32F0xx_HAL_Driver/Src/stm32f0xx_hal_rcc.c ****   @elif STM32F038xx
 974:Drivers/STM32F0xx_HAL_Driver/Src/stm32f0xx_hal_rcc.c ****   *            @arg @ref RCC_MCO1SOURCE_PLLCLK      PLLCLK selected as MCO clock
 975:Drivers/STM32F0xx_HAL_Driver/Src/stm32f0xx_hal_rcc.c ****   @elif STM32F070x6
 976:Drivers/STM32F0xx_HAL_Driver/Src/stm32f0xx_hal_rcc.c ****   *            @arg @ref RCC_MCO1SOURCE_PLLCLK      PLLCLK selected as MCO clock
 977:Drivers/STM32F0xx_HAL_Driver/Src/stm32f0xx_hal_rcc.c ****   @elif STM32F070xB
 978:Drivers/STM32F0xx_HAL_Driver/Src/stm32f0xx_hal_rcc.c ****   *            @arg @ref RCC_MCO1SOURCE_PLLCLK      PLLCLK selected as MCO clock
 979:Drivers/STM32F0xx_HAL_Driver/Src/stm32f0xx_hal_rcc.c ****   @endif
 980:Drivers/STM32F0xx_HAL_Driver/Src/stm32f0xx_hal_rcc.c ****   *            @arg @ref RCC_MCO1SOURCE_PLLCLK_DIV2 PLLCLK Divided by 2 selected as MCO clock
 981:Drivers/STM32F0xx_HAL_Driver/Src/stm32f0xx_hal_rcc.c ****   * @param  RCC_MCODiv specifies the MCO DIV.
 982:Drivers/STM32F0xx_HAL_Driver/Src/stm32f0xx_hal_rcc.c ****   *          This parameter can be one of the following values:
 983:Drivers/STM32F0xx_HAL_Driver/Src/stm32f0xx_hal_rcc.c ****   *            @arg @ref RCC_MCODIV_1   no division applied to MCO clock
 984:Drivers/STM32F0xx_HAL_Driver/Src/stm32f0xx_hal_rcc.c ****   *            @arg @ref RCC_MCODIV_2   division by 2 applied to MCO clock
 985:Drivers/STM32F0xx_HAL_Driver/Src/stm32f0xx_hal_rcc.c ****   *            @arg @ref RCC_MCODIV_4   division by 4 applied to MCO clock
 986:Drivers/STM32F0xx_HAL_Driver/Src/stm32f0xx_hal_rcc.c ****   *            @arg @ref RCC_MCODIV_8   division by 8 applied to MCO clock
 987:Drivers/STM32F0xx_HAL_Driver/Src/stm32f0xx_hal_rcc.c ****   *            @arg @ref RCC_MCODIV_16  division by 16 applied to MCO clock
 988:Drivers/STM32F0xx_HAL_Driver/Src/stm32f0xx_hal_rcc.c ****   *            @arg @ref RCC_MCODIV_32  division by 32 applied to MCO clock
 989:Drivers/STM32F0xx_HAL_Driver/Src/stm32f0xx_hal_rcc.c ****   *            @arg @ref RCC_MCODIV_64  division by 64 applied to MCO clock
 990:Drivers/STM32F0xx_HAL_Driver/Src/stm32f0xx_hal_rcc.c ****   *            @arg @ref RCC_MCODIV_128 division by 128 applied to MCO clock
 991:Drivers/STM32F0xx_HAL_Driver/Src/stm32f0xx_hal_rcc.c ****   * @retval None
 992:Drivers/STM32F0xx_HAL_Driver/Src/stm32f0xx_hal_rcc.c ****   */
 993:Drivers/STM32F0xx_HAL_Driver/Src/stm32f0xx_hal_rcc.c **** #else
 994:Drivers/STM32F0xx_HAL_Driver/Src/stm32f0xx_hal_rcc.c **** /**
 995:Drivers/STM32F0xx_HAL_Driver/Src/stm32f0xx_hal_rcc.c ****   * @brief  Selects the clock source to output on MCO pin.
 996:Drivers/STM32F0xx_HAL_Driver/Src/stm32f0xx_hal_rcc.c ****   * @note   MCO pin should be configured in alternate function mode.
 997:Drivers/STM32F0xx_HAL_Driver/Src/stm32f0xx_hal_rcc.c ****   * @param  RCC_MCOx specifies the output direction for the clock source.
 998:Drivers/STM32F0xx_HAL_Driver/Src/stm32f0xx_hal_rcc.c ****   *          This parameter can be one of the following values:
 999:Drivers/STM32F0xx_HAL_Driver/Src/stm32f0xx_hal_rcc.c ****   *            @arg @ref RCC_MCO1 Clock source to output on MCO1 pin(PA8).
1000:Drivers/STM32F0xx_HAL_Driver/Src/stm32f0xx_hal_rcc.c ****   * @param  RCC_MCOSource specifies the clock source to output.
1001:Drivers/STM32F0xx_HAL_Driver/Src/stm32f0xx_hal_rcc.c ****   *          This parameter can be one of the following values:
1002:Drivers/STM32F0xx_HAL_Driver/Src/stm32f0xx_hal_rcc.c ****   *            @arg @ref RCC_MCO1SOURCE_NOCLOCK     No clock selected as MCO clock
1003:Drivers/STM32F0xx_HAL_Driver/Src/stm32f0xx_hal_rcc.c ****   *            @arg @ref RCC_MCO1SOURCE_SYSCLK      System clock selected as MCO clock
1004:Drivers/STM32F0xx_HAL_Driver/Src/stm32f0xx_hal_rcc.c ****   *            @arg @ref RCC_MCO1SOURCE_HSI         HSI selected as MCO clock
1005:Drivers/STM32F0xx_HAL_Driver/Src/stm32f0xx_hal_rcc.c ****   *            @arg @ref RCC_MCO1SOURCE_HSE         HSE selected as MCO clock
1006:Drivers/STM32F0xx_HAL_Driver/Src/stm32f0xx_hal_rcc.c ****   *            @arg @ref RCC_MCO1SOURCE_LSI         LSI selected as MCO clock
1007:Drivers/STM32F0xx_HAL_Driver/Src/stm32f0xx_hal_rcc.c ****   *            @arg @ref RCC_MCO1SOURCE_LSE         LSE selected as MCO clock
1008:Drivers/STM32F0xx_HAL_Driver/Src/stm32f0xx_hal_rcc.c ****   *            @arg @ref RCC_MCO1SOURCE_HSI14       HSI14 selected as MCO clock
1009:Drivers/STM32F0xx_HAL_Driver/Src/stm32f0xx_hal_rcc.c ****   *            @arg @ref RCC_MCO1SOURCE_PLLCLK_DIV2 PLLCLK Divided by 2 selected as MCO clock
1010:Drivers/STM32F0xx_HAL_Driver/Src/stm32f0xx_hal_rcc.c ****   * @param  RCC_MCODiv specifies the MCO DIV.
1011:Drivers/STM32F0xx_HAL_Driver/Src/stm32f0xx_hal_rcc.c ****   *          This parameter can be one of the following values:
1012:Drivers/STM32F0xx_HAL_Driver/Src/stm32f0xx_hal_rcc.c ****   *            @arg @ref RCC_MCODIV_1 no division applied to MCO clock
1013:Drivers/STM32F0xx_HAL_Driver/Src/stm32f0xx_hal_rcc.c ****   * @retval None
1014:Drivers/STM32F0xx_HAL_Driver/Src/stm32f0xx_hal_rcc.c ****   */
1015:Drivers/STM32F0xx_HAL_Driver/Src/stm32f0xx_hal_rcc.c **** #endif
1016:Drivers/STM32F0xx_HAL_Driver/Src/stm32f0xx_hal_rcc.c **** void HAL_RCC_MCOConfig(uint32_t RCC_MCOx, uint32_t RCC_MCOSource, uint32_t RCC_MCODiv)
ARM GAS  /tmp/cc0vgH7k.s 			page 45


1017:Drivers/STM32F0xx_HAL_Driver/Src/stm32f0xx_hal_rcc.c **** {
 1291              		.loc 1 1017 1 is_stmt 1 view -0
 1292              		.cfi_startproc
 1293              		@ args = 0, pretend = 0, frame = 24
 1294              		@ frame_needed = 0, uses_anonymous_args = 0
 1295              		.loc 1 1017 1 is_stmt 0 view .LVU395
 1296 0000 30B5     		push	{r4, r5, lr}
 1297              	.LCFI3:
 1298              		.cfi_def_cfa_offset 12
 1299              		.cfi_offset 4, -12
 1300              		.cfi_offset 5, -8
 1301              		.cfi_offset 14, -4
 1302 0002 87B0     		sub	sp, sp, #28
 1303              	.LCFI4:
 1304              		.cfi_def_cfa_offset 40
 1305 0004 0D00     		movs	r5, r1
1018:Drivers/STM32F0xx_HAL_Driver/Src/stm32f0xx_hal_rcc.c ****   GPIO_InitTypeDef gpio;
 1306              		.loc 1 1018 3 is_stmt 1 view .LVU396
1019:Drivers/STM32F0xx_HAL_Driver/Src/stm32f0xx_hal_rcc.c **** 
1020:Drivers/STM32F0xx_HAL_Driver/Src/stm32f0xx_hal_rcc.c ****   /* Check the parameters */
1021:Drivers/STM32F0xx_HAL_Driver/Src/stm32f0xx_hal_rcc.c ****   assert_param(IS_RCC_MCO(RCC_MCOx));
 1307              		.loc 1 1021 3 view .LVU397
1022:Drivers/STM32F0xx_HAL_Driver/Src/stm32f0xx_hal_rcc.c ****   assert_param(IS_RCC_MCODIV(RCC_MCODiv));
 1308              		.loc 1 1022 3 view .LVU398
1023:Drivers/STM32F0xx_HAL_Driver/Src/stm32f0xx_hal_rcc.c ****   assert_param(IS_RCC_MCO1SOURCE(RCC_MCOSource));
 1309              		.loc 1 1023 3 view .LVU399
1024:Drivers/STM32F0xx_HAL_Driver/Src/stm32f0xx_hal_rcc.c **** 
1025:Drivers/STM32F0xx_HAL_Driver/Src/stm32f0xx_hal_rcc.c ****   /* Prevent unused argument(s) compilation warning */
1026:Drivers/STM32F0xx_HAL_Driver/Src/stm32f0xx_hal_rcc.c ****   UNUSED(RCC_MCOx);
 1310              		.loc 1 1026 3 view .LVU400
1027:Drivers/STM32F0xx_HAL_Driver/Src/stm32f0xx_hal_rcc.c **** 
1028:Drivers/STM32F0xx_HAL_Driver/Src/stm32f0xx_hal_rcc.c ****   /* Configure the MCO1 pin in alternate function mode */
1029:Drivers/STM32F0xx_HAL_Driver/Src/stm32f0xx_hal_rcc.c ****   gpio.Mode      = GPIO_MODE_AF_PP;
 1311              		.loc 1 1029 3 view .LVU401
 1312              		.loc 1 1029 18 is_stmt 0 view .LVU402
 1313 0006 01A9     		add	r1, sp, #4
 1314              	.LVL92:
 1315              		.loc 1 1029 18 view .LVU403
 1316 0008 0223     		movs	r3, #2
 1317 000a 4B60     		str	r3, [r1, #4]
1030:Drivers/STM32F0xx_HAL_Driver/Src/stm32f0xx_hal_rcc.c ****   gpio.Speed     = GPIO_SPEED_FREQ_HIGH;
 1318              		.loc 1 1030 3 is_stmt 1 view .LVU404
 1319              		.loc 1 1030 18 is_stmt 0 view .LVU405
 1320 000c 0133     		adds	r3, r3, #1
 1321 000e CB60     		str	r3, [r1, #12]
1031:Drivers/STM32F0xx_HAL_Driver/Src/stm32f0xx_hal_rcc.c ****   gpio.Pull      = GPIO_NOPULL;
 1322              		.loc 1 1031 3 is_stmt 1 view .LVU406
 1323              		.loc 1 1031 18 is_stmt 0 view .LVU407
 1324 0010 0023     		movs	r3, #0
 1325 0012 8B60     		str	r3, [r1, #8]
1032:Drivers/STM32F0xx_HAL_Driver/Src/stm32f0xx_hal_rcc.c ****   gpio.Pin       = MCO1_PIN;
 1326              		.loc 1 1032 3 is_stmt 1 view .LVU408
 1327              		.loc 1 1032 18 is_stmt 0 view .LVU409
 1328 0014 8022     		movs	r2, #128
 1329              	.LVL93:
 1330              		.loc 1 1032 18 view .LVU410
 1331 0016 5200     		lsls	r2, r2, #1
ARM GAS  /tmp/cc0vgH7k.s 			page 46


 1332 0018 0192     		str	r2, [sp, #4]
1033:Drivers/STM32F0xx_HAL_Driver/Src/stm32f0xx_hal_rcc.c ****   gpio.Alternate = GPIO_AF0_MCO;
 1333              		.loc 1 1033 3 is_stmt 1 view .LVU411
 1334              		.loc 1 1033 18 is_stmt 0 view .LVU412
 1335 001a 0B61     		str	r3, [r1, #16]
1034:Drivers/STM32F0xx_HAL_Driver/Src/stm32f0xx_hal_rcc.c **** 
1035:Drivers/STM32F0xx_HAL_Driver/Src/stm32f0xx_hal_rcc.c ****   /* MCO1 Clock Enable */
1036:Drivers/STM32F0xx_HAL_Driver/Src/stm32f0xx_hal_rcc.c ****   MCO1_CLK_ENABLE();
 1336              		.loc 1 1036 3 is_stmt 1 view .LVU413
 1337              	.LBB5:
 1338              		.loc 1 1036 3 view .LVU414
 1339              		.loc 1 1036 3 view .LVU415
 1340 001c 0A4C     		ldr	r4, .L132
 1341 001e 6369     		ldr	r3, [r4, #20]
 1342 0020 8022     		movs	r2, #128
 1343 0022 9202     		lsls	r2, r2, #10
 1344 0024 1343     		orrs	r3, r2
 1345 0026 6361     		str	r3, [r4, #20]
 1346              		.loc 1 1036 3 view .LVU416
 1347 0028 6369     		ldr	r3, [r4, #20]
 1348 002a 1340     		ands	r3, r2
 1349 002c 0093     		str	r3, [sp]
 1350              		.loc 1 1036 3 view .LVU417
 1351 002e 009B     		ldr	r3, [sp]
 1352              	.LBE5:
 1353              		.loc 1 1036 3 view .LVU418
1037:Drivers/STM32F0xx_HAL_Driver/Src/stm32f0xx_hal_rcc.c ****   
1038:Drivers/STM32F0xx_HAL_Driver/Src/stm32f0xx_hal_rcc.c ****   HAL_GPIO_Init(MCO1_GPIO_PORT, &gpio);
 1354              		.loc 1 1038 3 view .LVU419
 1355 0030 9020     		movs	r0, #144
 1356              	.LVL94:
 1357              		.loc 1 1038 3 is_stmt 0 view .LVU420
 1358 0032 C005     		lsls	r0, r0, #23
 1359 0034 FFF7FEFF 		bl	HAL_GPIO_Init
 1360              	.LVL95:
1039:Drivers/STM32F0xx_HAL_Driver/Src/stm32f0xx_hal_rcc.c ****   
1040:Drivers/STM32F0xx_HAL_Driver/Src/stm32f0xx_hal_rcc.c ****   /* Configure the MCO clock source */
1041:Drivers/STM32F0xx_HAL_Driver/Src/stm32f0xx_hal_rcc.c ****   __HAL_RCC_MCO1_CONFIG(RCC_MCOSource, RCC_MCODiv);
 1361              		.loc 1 1041 3 is_stmt 1 view .LVU421
 1362 0038 6168     		ldr	r1, [r4, #4]
 1363 003a 044B     		ldr	r3, .L132+4
 1364 003c 1940     		ands	r1, r3
 1365 003e 2943     		orrs	r1, r5
 1366 0040 6160     		str	r1, [r4, #4]
1042:Drivers/STM32F0xx_HAL_Driver/Src/stm32f0xx_hal_rcc.c **** }
 1367              		.loc 1 1042 1 is_stmt 0 view .LVU422
 1368 0042 07B0     		add	sp, sp, #28
 1369              		@ sp needed
 1370              	.LVL96:
 1371              		.loc 1 1042 1 view .LVU423
 1372 0044 30BD     		pop	{r4, r5, pc}
 1373              	.L133:
 1374 0046 C046     		.align	2
 1375              	.L132:
 1376 0048 00100240 		.word	1073876992
 1377 004c FFFFFFF0 		.word	-251658241
 1378              		.cfi_endproc
ARM GAS  /tmp/cc0vgH7k.s 			page 47


 1379              	.LFE43:
 1381              		.section	.text.HAL_RCC_EnableCSS,"ax",%progbits
 1382              		.align	1
 1383              		.global	HAL_RCC_EnableCSS
 1384              		.syntax unified
 1385              		.code	16
 1386              		.thumb_func
 1388              	HAL_RCC_EnableCSS:
 1389              	.LFB44:
1043:Drivers/STM32F0xx_HAL_Driver/Src/stm32f0xx_hal_rcc.c **** 
1044:Drivers/STM32F0xx_HAL_Driver/Src/stm32f0xx_hal_rcc.c **** /**
1045:Drivers/STM32F0xx_HAL_Driver/Src/stm32f0xx_hal_rcc.c ****   * @brief  Enables the Clock Security System.
1046:Drivers/STM32F0xx_HAL_Driver/Src/stm32f0xx_hal_rcc.c ****   * @note   If a failure is detected on the HSE oscillator clock, this oscillator
1047:Drivers/STM32F0xx_HAL_Driver/Src/stm32f0xx_hal_rcc.c ****   *         is automatically disabled and an interrupt is generated to inform the
1048:Drivers/STM32F0xx_HAL_Driver/Src/stm32f0xx_hal_rcc.c ****   *         software about the failure (Clock Security System Interrupt, CSSI),
1049:Drivers/STM32F0xx_HAL_Driver/Src/stm32f0xx_hal_rcc.c ****   *         allowing the MCU to perform rescue operations. The CSSI is linked to 
1050:Drivers/STM32F0xx_HAL_Driver/Src/stm32f0xx_hal_rcc.c ****   *         the Cortex-M0 NMI (Non-Maskable Interrupt) exception vector.  
1051:Drivers/STM32F0xx_HAL_Driver/Src/stm32f0xx_hal_rcc.c ****   * @retval None
1052:Drivers/STM32F0xx_HAL_Driver/Src/stm32f0xx_hal_rcc.c ****   */
1053:Drivers/STM32F0xx_HAL_Driver/Src/stm32f0xx_hal_rcc.c **** void HAL_RCC_EnableCSS(void)
1054:Drivers/STM32F0xx_HAL_Driver/Src/stm32f0xx_hal_rcc.c **** {
 1390              		.loc 1 1054 1 is_stmt 1 view -0
 1391              		.cfi_startproc
 1392              		@ args = 0, pretend = 0, frame = 0
 1393              		@ frame_needed = 0, uses_anonymous_args = 0
 1394              		@ link register save eliminated.
1055:Drivers/STM32F0xx_HAL_Driver/Src/stm32f0xx_hal_rcc.c ****   SET_BIT(RCC->CR, RCC_CR_CSSON) ;
 1395              		.loc 1 1055 3 view .LVU425
 1396 0000 034A     		ldr	r2, .L135
 1397 0002 1168     		ldr	r1, [r2]
 1398 0004 8023     		movs	r3, #128
 1399 0006 1B03     		lsls	r3, r3, #12
 1400 0008 0B43     		orrs	r3, r1
 1401 000a 1360     		str	r3, [r2]
1056:Drivers/STM32F0xx_HAL_Driver/Src/stm32f0xx_hal_rcc.c **** }
 1402              		.loc 1 1056 1 is_stmt 0 view .LVU426
 1403              		@ sp needed
 1404 000c 7047     		bx	lr
 1405              	.L136:
 1406 000e C046     		.align	2
 1407              	.L135:
 1408 0010 00100240 		.word	1073876992
 1409              		.cfi_endproc
 1410              	.LFE44:
 1412              		.section	.text.HAL_RCC_DisableCSS,"ax",%progbits
 1413              		.align	1
 1414              		.global	HAL_RCC_DisableCSS
 1415              		.syntax unified
 1416              		.code	16
 1417              		.thumb_func
 1419              	HAL_RCC_DisableCSS:
 1420              	.LFB45:
1057:Drivers/STM32F0xx_HAL_Driver/Src/stm32f0xx_hal_rcc.c **** 
1058:Drivers/STM32F0xx_HAL_Driver/Src/stm32f0xx_hal_rcc.c **** /**
1059:Drivers/STM32F0xx_HAL_Driver/Src/stm32f0xx_hal_rcc.c ****   * @brief  Disables the Clock Security System.
1060:Drivers/STM32F0xx_HAL_Driver/Src/stm32f0xx_hal_rcc.c ****   * @retval None
1061:Drivers/STM32F0xx_HAL_Driver/Src/stm32f0xx_hal_rcc.c ****   */
ARM GAS  /tmp/cc0vgH7k.s 			page 48


1062:Drivers/STM32F0xx_HAL_Driver/Src/stm32f0xx_hal_rcc.c **** void HAL_RCC_DisableCSS(void)
1063:Drivers/STM32F0xx_HAL_Driver/Src/stm32f0xx_hal_rcc.c **** {
 1421              		.loc 1 1063 1 is_stmt 1 view -0
 1422              		.cfi_startproc
 1423              		@ args = 0, pretend = 0, frame = 0
 1424              		@ frame_needed = 0, uses_anonymous_args = 0
 1425              		@ link register save eliminated.
1064:Drivers/STM32F0xx_HAL_Driver/Src/stm32f0xx_hal_rcc.c ****   CLEAR_BIT(RCC->CR, RCC_CR_CSSON) ;
 1426              		.loc 1 1064 3 view .LVU428
 1427 0000 024A     		ldr	r2, .L138
 1428 0002 1368     		ldr	r3, [r2]
 1429 0004 0249     		ldr	r1, .L138+4
 1430 0006 0B40     		ands	r3, r1
 1431 0008 1360     		str	r3, [r2]
1065:Drivers/STM32F0xx_HAL_Driver/Src/stm32f0xx_hal_rcc.c **** }
 1432              		.loc 1 1065 1 is_stmt 0 view .LVU429
 1433              		@ sp needed
 1434 000a 7047     		bx	lr
 1435              	.L139:
 1436              		.align	2
 1437              	.L138:
 1438 000c 00100240 		.word	1073876992
 1439 0010 FFFFF7FF 		.word	-524289
 1440              		.cfi_endproc
 1441              	.LFE45:
 1443              		.section	.text.HAL_RCC_GetSysClockFreq,"ax",%progbits
 1444              		.align	1
 1445              		.global	HAL_RCC_GetSysClockFreq
 1446              		.syntax unified
 1447              		.code	16
 1448              		.thumb_func
 1450              	HAL_RCC_GetSysClockFreq:
 1451              	.LFB46:
1066:Drivers/STM32F0xx_HAL_Driver/Src/stm32f0xx_hal_rcc.c **** 
1067:Drivers/STM32F0xx_HAL_Driver/Src/stm32f0xx_hal_rcc.c **** /**
1068:Drivers/STM32F0xx_HAL_Driver/Src/stm32f0xx_hal_rcc.c ****   * @brief  Returns the SYSCLK frequency     
1069:Drivers/STM32F0xx_HAL_Driver/Src/stm32f0xx_hal_rcc.c ****   * @note   The system frequency computed by this function is not the real 
1070:Drivers/STM32F0xx_HAL_Driver/Src/stm32f0xx_hal_rcc.c ****   *         frequency in the chip. It is calculated based on the predefined 
1071:Drivers/STM32F0xx_HAL_Driver/Src/stm32f0xx_hal_rcc.c ****   *         constant and the selected clock source:
1072:Drivers/STM32F0xx_HAL_Driver/Src/stm32f0xx_hal_rcc.c ****   * @note     If SYSCLK source is HSI, function returns values based on HSI_VALUE(*)
1073:Drivers/STM32F0xx_HAL_Driver/Src/stm32f0xx_hal_rcc.c ****   * @note     If SYSCLK source is HSE, function returns a value based on HSE_VALUE
1074:Drivers/STM32F0xx_HAL_Driver/Src/stm32f0xx_hal_rcc.c ****   *           divided by PREDIV factor(**)
1075:Drivers/STM32F0xx_HAL_Driver/Src/stm32f0xx_hal_rcc.c ****   * @note     If SYSCLK source is PLL, function returns a value based on HSE_VALUE
1076:Drivers/STM32F0xx_HAL_Driver/Src/stm32f0xx_hal_rcc.c ****   *           divided by PREDIV factor(**) or depending on STM32F0xxxx devices either a value based
1077:Drivers/STM32F0xx_HAL_Driver/Src/stm32f0xx_hal_rcc.c ****   *           on HSI_VALUE divided by 2 or HSI_VALUE divided by PREDIV factor(*) multiplied by the 
1078:Drivers/STM32F0xx_HAL_Driver/Src/stm32f0xx_hal_rcc.c ****   *           PLL factor.
1079:Drivers/STM32F0xx_HAL_Driver/Src/stm32f0xx_hal_rcc.c ****   * @note     (*) HSI_VALUE is a constant defined in stm32f0xx_hal_conf.h file (default value
1080:Drivers/STM32F0xx_HAL_Driver/Src/stm32f0xx_hal_rcc.c ****   *               8 MHz) but the real value may vary depending on the variations
1081:Drivers/STM32F0xx_HAL_Driver/Src/stm32f0xx_hal_rcc.c ****   *               in voltage and temperature.
1082:Drivers/STM32F0xx_HAL_Driver/Src/stm32f0xx_hal_rcc.c ****   * @note     (**) HSE_VALUE is a constant defined in stm32f0xx_hal_conf.h file (default value
1083:Drivers/STM32F0xx_HAL_Driver/Src/stm32f0xx_hal_rcc.c ****   *                8 MHz), user has to ensure that HSE_VALUE is same as the real
1084:Drivers/STM32F0xx_HAL_Driver/Src/stm32f0xx_hal_rcc.c ****   *                frequency of the crystal used. Otherwise, this function may
1085:Drivers/STM32F0xx_HAL_Driver/Src/stm32f0xx_hal_rcc.c ****   *                have wrong result.
1086:Drivers/STM32F0xx_HAL_Driver/Src/stm32f0xx_hal_rcc.c ****   *                  
1087:Drivers/STM32F0xx_HAL_Driver/Src/stm32f0xx_hal_rcc.c ****   * @note   The result of this function could be not correct when using fractional
1088:Drivers/STM32F0xx_HAL_Driver/Src/stm32f0xx_hal_rcc.c ****   *         value for HSE crystal.
1089:Drivers/STM32F0xx_HAL_Driver/Src/stm32f0xx_hal_rcc.c ****   *           
ARM GAS  /tmp/cc0vgH7k.s 			page 49


1090:Drivers/STM32F0xx_HAL_Driver/Src/stm32f0xx_hal_rcc.c ****   * @note   This function can be used by the user application to compute the 
1091:Drivers/STM32F0xx_HAL_Driver/Src/stm32f0xx_hal_rcc.c ****   *         baud-rate for the communication peripherals or configure other parameters.
1092:Drivers/STM32F0xx_HAL_Driver/Src/stm32f0xx_hal_rcc.c ****   *           
1093:Drivers/STM32F0xx_HAL_Driver/Src/stm32f0xx_hal_rcc.c ****   * @note   Each time SYSCLK changes, this function must be called to update the
1094:Drivers/STM32F0xx_HAL_Driver/Src/stm32f0xx_hal_rcc.c ****   *         right SYSCLK value. Otherwise, any configuration based on this function will be incorre
1095:Drivers/STM32F0xx_HAL_Driver/Src/stm32f0xx_hal_rcc.c ****   *         
1096:Drivers/STM32F0xx_HAL_Driver/Src/stm32f0xx_hal_rcc.c ****   * @retval SYSCLK frequency
1097:Drivers/STM32F0xx_HAL_Driver/Src/stm32f0xx_hal_rcc.c ****   */
1098:Drivers/STM32F0xx_HAL_Driver/Src/stm32f0xx_hal_rcc.c **** uint32_t HAL_RCC_GetSysClockFreq(void)
1099:Drivers/STM32F0xx_HAL_Driver/Src/stm32f0xx_hal_rcc.c **** {
 1452              		.loc 1 1099 1 is_stmt 1 view -0
 1453              		.cfi_startproc
 1454              		@ args = 0, pretend = 0, frame = 0
 1455              		@ frame_needed = 0, uses_anonymous_args = 0
 1456 0000 10B5     		push	{r4, lr}
 1457              	.LCFI5:
 1458              		.cfi_def_cfa_offset 8
 1459              		.cfi_offset 4, -8
 1460              		.cfi_offset 14, -4
1100:Drivers/STM32F0xx_HAL_Driver/Src/stm32f0xx_hal_rcc.c ****   static const uint8_t aPLLMULFactorTable[16U] = { 2U,  3U,  4U,  5U,  6U,  7U,  8U,  9U,
 1461              		.loc 1 1100 3 view .LVU431
1101:Drivers/STM32F0xx_HAL_Driver/Src/stm32f0xx_hal_rcc.c ****                                                    10U, 11U, 12U, 13U, 14U, 15U, 16U, 16U};
1102:Drivers/STM32F0xx_HAL_Driver/Src/stm32f0xx_hal_rcc.c ****   static const uint8_t aPredivFactorTable[16U] = { 1U, 2U,  3U,  4U,  5U,  6U,  7U,  8U,
 1462              		.loc 1 1102 3 view .LVU432
1103:Drivers/STM32F0xx_HAL_Driver/Src/stm32f0xx_hal_rcc.c ****                                                    9U,10U, 11U, 12U, 13U, 14U, 15U, 16U};
1104:Drivers/STM32F0xx_HAL_Driver/Src/stm32f0xx_hal_rcc.c **** 
1105:Drivers/STM32F0xx_HAL_Driver/Src/stm32f0xx_hal_rcc.c ****   uint32_t tmpreg = 0U, prediv = 0U, pllclk = 0U, pllmul = 0U;
 1463              		.loc 1 1105 3 view .LVU433
 1464              	.LVL97:
1106:Drivers/STM32F0xx_HAL_Driver/Src/stm32f0xx_hal_rcc.c ****   uint32_t sysclockfreq = 0U;
 1465              		.loc 1 1106 3 view .LVU434
1107:Drivers/STM32F0xx_HAL_Driver/Src/stm32f0xx_hal_rcc.c ****   
1108:Drivers/STM32F0xx_HAL_Driver/Src/stm32f0xx_hal_rcc.c ****   tmpreg = RCC->CFGR;
 1466              		.loc 1 1108 3 view .LVU435
 1467              		.loc 1 1108 10 is_stmt 0 view .LVU436
 1468 0002 114B     		ldr	r3, .L145
 1469 0004 5A68     		ldr	r2, [r3, #4]
 1470              	.LVL98:
1109:Drivers/STM32F0xx_HAL_Driver/Src/stm32f0xx_hal_rcc.c ****   
1110:Drivers/STM32F0xx_HAL_Driver/Src/stm32f0xx_hal_rcc.c ****   /* Get SYSCLK source -------------------------------------------------------*/
1111:Drivers/STM32F0xx_HAL_Driver/Src/stm32f0xx_hal_rcc.c ****   switch (tmpreg & RCC_CFGR_SWS)
 1471              		.loc 1 1111 3 is_stmt 1 view .LVU437
 1472              		.loc 1 1111 18 is_stmt 0 view .LVU438
 1473 0006 0C23     		movs	r3, #12
 1474 0008 1340     		ands	r3, r2
 1475              		.loc 1 1111 3 view .LVU439
 1476 000a 082B     		cmp	r3, #8
 1477 000c 01D0     		beq	.L144
1112:Drivers/STM32F0xx_HAL_Driver/Src/stm32f0xx_hal_rcc.c ****   {
1113:Drivers/STM32F0xx_HAL_Driver/Src/stm32f0xx_hal_rcc.c ****     case RCC_SYSCLKSOURCE_STATUS_HSE:  /* HSE used as system clock */
1114:Drivers/STM32F0xx_HAL_Driver/Src/stm32f0xx_hal_rcc.c ****     {
1115:Drivers/STM32F0xx_HAL_Driver/Src/stm32f0xx_hal_rcc.c ****       sysclockfreq = HSE_VALUE;
 1478              		.loc 1 1115 20 view .LVU440
 1479 000e 0F48     		ldr	r0, .L145+4
 1480              	.LVL99:
1116:Drivers/STM32F0xx_HAL_Driver/Src/stm32f0xx_hal_rcc.c ****       break;
1117:Drivers/STM32F0xx_HAL_Driver/Src/stm32f0xx_hal_rcc.c ****     }
ARM GAS  /tmp/cc0vgH7k.s 			page 50


1118:Drivers/STM32F0xx_HAL_Driver/Src/stm32f0xx_hal_rcc.c ****     case RCC_SYSCLKSOURCE_STATUS_PLLCLK:  /* PLL used as system clock */
1119:Drivers/STM32F0xx_HAL_Driver/Src/stm32f0xx_hal_rcc.c ****     {
1120:Drivers/STM32F0xx_HAL_Driver/Src/stm32f0xx_hal_rcc.c ****       pllmul = aPLLMULFactorTable[(uint32_t)(tmpreg & RCC_CFGR_PLLMUL) >> RCC_CFGR_PLLMUL_BITNUMBER
1121:Drivers/STM32F0xx_HAL_Driver/Src/stm32f0xx_hal_rcc.c ****       prediv = aPredivFactorTable[(uint32_t)(RCC->CFGR2 & RCC_CFGR2_PREDIV) >> RCC_CFGR2_PREDIV_BIT
1122:Drivers/STM32F0xx_HAL_Driver/Src/stm32f0xx_hal_rcc.c ****       if ((tmpreg & RCC_CFGR_PLLSRC) == RCC_PLLSOURCE_HSE)
1123:Drivers/STM32F0xx_HAL_Driver/Src/stm32f0xx_hal_rcc.c ****       {
1124:Drivers/STM32F0xx_HAL_Driver/Src/stm32f0xx_hal_rcc.c ****         /* HSE used as PLL clock source : PLLCLK = HSE/PREDIV * PLLMUL */
1125:Drivers/STM32F0xx_HAL_Driver/Src/stm32f0xx_hal_rcc.c ****         pllclk = (uint32_t)((uint64_t) HSE_VALUE / (uint64_t) (prediv)) * ((uint64_t) pllmul);
1126:Drivers/STM32F0xx_HAL_Driver/Src/stm32f0xx_hal_rcc.c ****       }
1127:Drivers/STM32F0xx_HAL_Driver/Src/stm32f0xx_hal_rcc.c **** #if defined(RCC_CFGR_PLLSRC_HSI48_PREDIV)
1128:Drivers/STM32F0xx_HAL_Driver/Src/stm32f0xx_hal_rcc.c ****       else if ((tmpreg & RCC_CFGR_PLLSRC) == RCC_PLLSOURCE_HSI48)
1129:Drivers/STM32F0xx_HAL_Driver/Src/stm32f0xx_hal_rcc.c ****       {
1130:Drivers/STM32F0xx_HAL_Driver/Src/stm32f0xx_hal_rcc.c ****         /* HSI48 used as PLL clock source : PLLCLK = HSI48/PREDIV * PLLMUL */
1131:Drivers/STM32F0xx_HAL_Driver/Src/stm32f0xx_hal_rcc.c ****         pllclk = (uint32_t)((uint64_t) HSI48_VALUE / (uint64_t) (prediv)) * ((uint64_t) pllmul);
1132:Drivers/STM32F0xx_HAL_Driver/Src/stm32f0xx_hal_rcc.c ****       }
1133:Drivers/STM32F0xx_HAL_Driver/Src/stm32f0xx_hal_rcc.c **** #endif /* RCC_CFGR_PLLSRC_HSI48_PREDIV */
1134:Drivers/STM32F0xx_HAL_Driver/Src/stm32f0xx_hal_rcc.c ****       else
1135:Drivers/STM32F0xx_HAL_Driver/Src/stm32f0xx_hal_rcc.c ****       {
1136:Drivers/STM32F0xx_HAL_Driver/Src/stm32f0xx_hal_rcc.c **** #if  (defined(STM32F042x6) || defined(STM32F048xx) || defined(STM32F070x6) || defined(STM32F071xB) 
1137:Drivers/STM32F0xx_HAL_Driver/Src/stm32f0xx_hal_rcc.c ****         /* HSI used as PLL clock source : PLLCLK = HSI/PREDIV * PLLMUL */
1138:Drivers/STM32F0xx_HAL_Driver/Src/stm32f0xx_hal_rcc.c ****         pllclk = (uint32_t)((uint64_t) HSI_VALUE / (uint64_t) (prediv)) * ((uint64_t) pllmul);
1139:Drivers/STM32F0xx_HAL_Driver/Src/stm32f0xx_hal_rcc.c **** #else
1140:Drivers/STM32F0xx_HAL_Driver/Src/stm32f0xx_hal_rcc.c ****         /* HSI used as PLL clock source : PLLCLK = HSI/2 * PLLMUL */
1141:Drivers/STM32F0xx_HAL_Driver/Src/stm32f0xx_hal_rcc.c ****         pllclk = (uint32_t)((uint64_t) (HSI_VALUE >> 1U) * ((uint64_t) pllmul));
1142:Drivers/STM32F0xx_HAL_Driver/Src/stm32f0xx_hal_rcc.c **** #endif
1143:Drivers/STM32F0xx_HAL_Driver/Src/stm32f0xx_hal_rcc.c ****       }
1144:Drivers/STM32F0xx_HAL_Driver/Src/stm32f0xx_hal_rcc.c ****       sysclockfreq = pllclk;
1145:Drivers/STM32F0xx_HAL_Driver/Src/stm32f0xx_hal_rcc.c ****       break;
1146:Drivers/STM32F0xx_HAL_Driver/Src/stm32f0xx_hal_rcc.c ****     }
1147:Drivers/STM32F0xx_HAL_Driver/Src/stm32f0xx_hal_rcc.c **** #if defined(RCC_CFGR_SWS_HSI48)
1148:Drivers/STM32F0xx_HAL_Driver/Src/stm32f0xx_hal_rcc.c ****     case RCC_SYSCLKSOURCE_STATUS_HSI48:    /* HSI48 used as system clock source */
1149:Drivers/STM32F0xx_HAL_Driver/Src/stm32f0xx_hal_rcc.c ****     {
1150:Drivers/STM32F0xx_HAL_Driver/Src/stm32f0xx_hal_rcc.c ****       sysclockfreq = HSI48_VALUE;
1151:Drivers/STM32F0xx_HAL_Driver/Src/stm32f0xx_hal_rcc.c ****       break;
1152:Drivers/STM32F0xx_HAL_Driver/Src/stm32f0xx_hal_rcc.c ****     }
1153:Drivers/STM32F0xx_HAL_Driver/Src/stm32f0xx_hal_rcc.c **** #endif /* RCC_CFGR_SWS_HSI48 */
1154:Drivers/STM32F0xx_HAL_Driver/Src/stm32f0xx_hal_rcc.c ****     case RCC_SYSCLKSOURCE_STATUS_HSI:  /* HSI used as system clock source */
1155:Drivers/STM32F0xx_HAL_Driver/Src/stm32f0xx_hal_rcc.c ****     default: /* HSI used as system clock */
1156:Drivers/STM32F0xx_HAL_Driver/Src/stm32f0xx_hal_rcc.c ****     {
1157:Drivers/STM32F0xx_HAL_Driver/Src/stm32f0xx_hal_rcc.c ****       sysclockfreq = HSI_VALUE;
1158:Drivers/STM32F0xx_HAL_Driver/Src/stm32f0xx_hal_rcc.c ****       break;
1159:Drivers/STM32F0xx_HAL_Driver/Src/stm32f0xx_hal_rcc.c ****     }
1160:Drivers/STM32F0xx_HAL_Driver/Src/stm32f0xx_hal_rcc.c ****   }
1161:Drivers/STM32F0xx_HAL_Driver/Src/stm32f0xx_hal_rcc.c ****   return sysclockfreq;
 1481              		.loc 1 1161 3 is_stmt 1 view .LVU441
 1482              	.L140:
1162:Drivers/STM32F0xx_HAL_Driver/Src/stm32f0xx_hal_rcc.c **** }
 1483              		.loc 1 1162 1 is_stmt 0 view .LVU442
 1484              		@ sp needed
 1485 0010 10BD     		pop	{r4, pc}
 1486              	.LVL100:
 1487              	.L144:
1120:Drivers/STM32F0xx_HAL_Driver/Src/stm32f0xx_hal_rcc.c ****       prediv = aPredivFactorTable[(uint32_t)(RCC->CFGR2 & RCC_CFGR2_PREDIV) >> RCC_CFGR2_PREDIV_BIT
 1488              		.loc 1 1120 7 is_stmt 1 view .LVU443
1120:Drivers/STM32F0xx_HAL_Driver/Src/stm32f0xx_hal_rcc.c ****       prediv = aPredivFactorTable[(uint32_t)(RCC->CFGR2 & RCC_CFGR2_PREDIV) >> RCC_CFGR2_PREDIV_BIT
 1489              		.loc 1 1120 72 is_stmt 0 view .LVU444
 1490 0012 910C     		lsrs	r1, r2, #18
ARM GAS  /tmp/cc0vgH7k.s 			page 51


 1491 0014 0733     		adds	r3, r3, #7
 1492 0016 1940     		ands	r1, r3
1120:Drivers/STM32F0xx_HAL_Driver/Src/stm32f0xx_hal_rcc.c ****       prediv = aPredivFactorTable[(uint32_t)(RCC->CFGR2 & RCC_CFGR2_PREDIV) >> RCC_CFGR2_PREDIV_BIT
 1493              		.loc 1 1120 34 view .LVU445
 1494 0018 0D48     		ldr	r0, .L145+8
 1495 001a 445C     		ldrb	r4, [r0, r1]
 1496              	.LVL101:
1121:Drivers/STM32F0xx_HAL_Driver/Src/stm32f0xx_hal_rcc.c ****       if ((tmpreg & RCC_CFGR_PLLSRC) == RCC_PLLSOURCE_HSE)
 1497              		.loc 1 1121 7 is_stmt 1 view .LVU446
1121:Drivers/STM32F0xx_HAL_Driver/Src/stm32f0xx_hal_rcc.c ****       if ((tmpreg & RCC_CFGR_PLLSRC) == RCC_PLLSOURCE_HSE)
 1498              		.loc 1 1121 49 is_stmt 0 view .LVU447
 1499 001c 0A49     		ldr	r1, .L145
 1500 001e C96A     		ldr	r1, [r1, #44]
1121:Drivers/STM32F0xx_HAL_Driver/Src/stm32f0xx_hal_rcc.c ****       if ((tmpreg & RCC_CFGR_PLLSRC) == RCC_PLLSOURCE_HSE)
 1501              		.loc 1 1121 77 view .LVU448
 1502 0020 0B40     		ands	r3, r1
1121:Drivers/STM32F0xx_HAL_Driver/Src/stm32f0xx_hal_rcc.c ****       if ((tmpreg & RCC_CFGR_PLLSRC) == RCC_PLLSOURCE_HSE)
 1503              		.loc 1 1121 34 view .LVU449
 1504 0022 0C49     		ldr	r1, .L145+12
 1505 0024 C95C     		ldrb	r1, [r1, r3]
 1506              	.LVL102:
1122:Drivers/STM32F0xx_HAL_Driver/Src/stm32f0xx_hal_rcc.c ****       {
 1507              		.loc 1 1122 7 is_stmt 1 view .LVU450
1122:Drivers/STM32F0xx_HAL_Driver/Src/stm32f0xx_hal_rcc.c ****       {
 1508              		.loc 1 1122 10 is_stmt 0 view .LVU451
 1509 0026 D203     		lsls	r2, r2, #15
 1510 0028 05D5     		bpl	.L142
 1511              	.LVL103:
1125:Drivers/STM32F0xx_HAL_Driver/Src/stm32f0xx_hal_rcc.c ****       }
 1512              		.loc 1 1125 9 is_stmt 1 view .LVU452
1125:Drivers/STM32F0xx_HAL_Driver/Src/stm32f0xx_hal_rcc.c ****       }
 1513              		.loc 1 1125 18 is_stmt 0 view .LVU453
 1514 002a 0848     		ldr	r0, .L145+4
 1515 002c FFF7FEFF 		bl	__aeabi_uidiv
 1516              	.LVL104:
1125:Drivers/STM32F0xx_HAL_Driver/Src/stm32f0xx_hal_rcc.c ****       }
 1517              		.loc 1 1125 16 view .LVU454
 1518 0030 4443     		muls	r4, r0
 1519              	.LVL105:
1125:Drivers/STM32F0xx_HAL_Driver/Src/stm32f0xx_hal_rcc.c ****       }
 1520              		.loc 1 1125 16 view .LVU455
 1521 0032 2000     		movs	r0, r4
 1522              	.LVL106:
1125:Drivers/STM32F0xx_HAL_Driver/Src/stm32f0xx_hal_rcc.c ****       }
 1523              		.loc 1 1125 16 view .LVU456
 1524 0034 ECE7     		b	.L140
 1525              	.LVL107:
 1526              	.L142:
1141:Drivers/STM32F0xx_HAL_Driver/Src/stm32f0xx_hal_rcc.c **** #endif
 1527              		.loc 1 1141 9 is_stmt 1 view .LVU457
1141:Drivers/STM32F0xx_HAL_Driver/Src/stm32f0xx_hal_rcc.c **** #endif
 1528              		.loc 1 1141 16 is_stmt 0 view .LVU458
 1529 0036 6201     		lsls	r2, r4, #5
 1530 0038 121B     		subs	r2, r2, r4
 1531 003a 9301     		lsls	r3, r2, #6
 1532 003c 9B1A     		subs	r3, r3, r2
 1533 003e DB00     		lsls	r3, r3, #3
ARM GAS  /tmp/cc0vgH7k.s 			page 52


 1534 0040 A446     		mov	ip, r4
 1535 0042 6344     		add	r3, r3, ip
 1536 0044 1802     		lsls	r0, r3, #8
 1537              	.LVL108:
1141:Drivers/STM32F0xx_HAL_Driver/Src/stm32f0xx_hal_rcc.c **** #endif
 1538              		.loc 1 1141 16 view .LVU459
 1539 0046 E3E7     		b	.L140
 1540              	.L146:
 1541              		.align	2
 1542              	.L145:
 1543 0048 00100240 		.word	1073876992
 1544 004c 00127A00 		.word	8000000
 1545 0050 00000000 		.word	aPLLMULFactorTable.1
 1546 0054 00000000 		.word	aPredivFactorTable.0
 1547              		.cfi_endproc
 1548              	.LFE46:
 1550              		.section	.text.HAL_RCC_ClockConfig,"ax",%progbits
 1551              		.align	1
 1552              		.global	HAL_RCC_ClockConfig
 1553              		.syntax unified
 1554              		.code	16
 1555              		.thumb_func
 1557              	HAL_RCC_ClockConfig:
 1558              	.LVL109:
 1559              	.LFB42:
 778:Drivers/STM32F0xx_HAL_Driver/Src/stm32f0xx_hal_rcc.c ****   uint32_t tickstart;
 1560              		.loc 1 778 1 is_stmt 1 view -0
 1561              		.cfi_startproc
 1562              		@ args = 0, pretend = 0, frame = 0
 1563              		@ frame_needed = 0, uses_anonymous_args = 0
 778:Drivers/STM32F0xx_HAL_Driver/Src/stm32f0xx_hal_rcc.c ****   uint32_t tickstart;
 1564              		.loc 1 778 1 is_stmt 0 view .LVU461
 1565 0000 70B5     		push	{r4, r5, r6, lr}
 1566              	.LCFI6:
 1567              		.cfi_def_cfa_offset 16
 1568              		.cfi_offset 4, -16
 1569              		.cfi_offset 5, -12
 1570              		.cfi_offset 6, -8
 1571              		.cfi_offset 14, -4
 1572 0002 0400     		movs	r4, r0
 1573 0004 0D00     		movs	r5, r1
 779:Drivers/STM32F0xx_HAL_Driver/Src/stm32f0xx_hal_rcc.c **** 
 1574              		.loc 1 779 3 is_stmt 1 view .LVU462
 782:Drivers/STM32F0xx_HAL_Driver/Src/stm32f0xx_hal_rcc.c ****   {
 1575              		.loc 1 782 3 view .LVU463
 782:Drivers/STM32F0xx_HAL_Driver/Src/stm32f0xx_hal_rcc.c ****   {
 1576              		.loc 1 782 5 is_stmt 0 view .LVU464
 1577 0006 0028     		cmp	r0, #0
 1578 0008 00D1     		bne	.LCB1491
 1579 000a 7EE0     		b	.L160	@long jump
 1580              	.LCB1491:
 788:Drivers/STM32F0xx_HAL_Driver/Src/stm32f0xx_hal_rcc.c ****   assert_param(IS_FLASH_LATENCY(FLatency));
 1581              		.loc 1 788 3 is_stmt 1 view .LVU465
 789:Drivers/STM32F0xx_HAL_Driver/Src/stm32f0xx_hal_rcc.c **** 
 1582              		.loc 1 789 3 view .LVU466
 796:Drivers/STM32F0xx_HAL_Driver/Src/stm32f0xx_hal_rcc.c ****   {    
 1583              		.loc 1 796 3 view .LVU467
ARM GAS  /tmp/cc0vgH7k.s 			page 53


 796:Drivers/STM32F0xx_HAL_Driver/Src/stm32f0xx_hal_rcc.c ****   {    
 1584              		.loc 1 796 17 is_stmt 0 view .LVU468
 1585 000c 434B     		ldr	r3, .L175
 1586 000e 1A68     		ldr	r2, [r3]
 1587 0010 0123     		movs	r3, #1
 1588 0012 1340     		ands	r3, r2
 796:Drivers/STM32F0xx_HAL_Driver/Src/stm32f0xx_hal_rcc.c ****   {    
 1589              		.loc 1 796 5 view .LVU469
 1590 0014 8B42     		cmp	r3, r1
 1591 0016 0AD2     		bcs	.L149
 799:Drivers/STM32F0xx_HAL_Driver/Src/stm32f0xx_hal_rcc.c ****     
 1592              		.loc 1 799 5 is_stmt 1 view .LVU470
 1593 0018 4049     		ldr	r1, .L175
 1594              	.LVL110:
 799:Drivers/STM32F0xx_HAL_Driver/Src/stm32f0xx_hal_rcc.c ****     
 1595              		.loc 1 799 5 is_stmt 0 view .LVU471
 1596 001a 0B68     		ldr	r3, [r1]
 1597 001c 0122     		movs	r2, #1
 1598 001e 9343     		bics	r3, r2
 1599 0020 2B43     		orrs	r3, r5
 1600 0022 0B60     		str	r3, [r1]
 803:Drivers/STM32F0xx_HAL_Driver/Src/stm32f0xx_hal_rcc.c ****     {
 1601              		.loc 1 803 5 is_stmt 1 view .LVU472
 803:Drivers/STM32F0xx_HAL_Driver/Src/stm32f0xx_hal_rcc.c ****     {
 1602              		.loc 1 803 8 is_stmt 0 view .LVU473
 1603 0024 0B68     		ldr	r3, [r1]
 1604 0026 1A40     		ands	r2, r3
 803:Drivers/STM32F0xx_HAL_Driver/Src/stm32f0xx_hal_rcc.c ****     {
 1605              		.loc 1 803 7 view .LVU474
 1606 0028 AA42     		cmp	r2, r5
 1607 002a 00D0     		beq	.LCB1513
 1608 002c 6FE0     		b	.L161	@long jump
 1609              	.LCB1513:
 1610              	.L149:
 810:Drivers/STM32F0xx_HAL_Driver/Src/stm32f0xx_hal_rcc.c ****   {
 1611              		.loc 1 810 3 is_stmt 1 view .LVU475
 810:Drivers/STM32F0xx_HAL_Driver/Src/stm32f0xx_hal_rcc.c ****   {
 1612              		.loc 1 810 25 is_stmt 0 view .LVU476
 1613 002e 2368     		ldr	r3, [r4]
 810:Drivers/STM32F0xx_HAL_Driver/Src/stm32f0xx_hal_rcc.c ****   {
 1614              		.loc 1 810 5 view .LVU477
 1615 0030 9A07     		lsls	r2, r3, #30
 1616 0032 0ED5     		bpl	.L150
 814:Drivers/STM32F0xx_HAL_Driver/Src/stm32f0xx_hal_rcc.c ****     {
 1617              		.loc 1 814 5 is_stmt 1 view .LVU478
 814:Drivers/STM32F0xx_HAL_Driver/Src/stm32f0xx_hal_rcc.c ****     {
 1618              		.loc 1 814 7 is_stmt 0 view .LVU479
 1619 0034 5B07     		lsls	r3, r3, #29
 1620 0036 05D5     		bpl	.L151
 816:Drivers/STM32F0xx_HAL_Driver/Src/stm32f0xx_hal_rcc.c ****     }
 1621              		.loc 1 816 7 is_stmt 1 view .LVU480
 1622 0038 394A     		ldr	r2, .L175+4
 1623 003a 5168     		ldr	r1, [r2, #4]
 1624 003c E023     		movs	r3, #224
 1625 003e DB00     		lsls	r3, r3, #3
 1626 0040 0B43     		orrs	r3, r1
 1627 0042 5360     		str	r3, [r2, #4]
ARM GAS  /tmp/cc0vgH7k.s 			page 54


 1628              	.L151:
 820:Drivers/STM32F0xx_HAL_Driver/Src/stm32f0xx_hal_rcc.c ****     MODIFY_REG(RCC->CFGR, RCC_CFGR_HPRE, RCC_ClkInitStruct->AHBCLKDivider);
 1629              		.loc 1 820 5 view .LVU481
 821:Drivers/STM32F0xx_HAL_Driver/Src/stm32f0xx_hal_rcc.c ****   }
 1630              		.loc 1 821 5 view .LVU482
 1631 0044 364A     		ldr	r2, .L175+4
 1632 0046 5368     		ldr	r3, [r2, #4]
 1633 0048 F021     		movs	r1, #240
 1634 004a 8B43     		bics	r3, r1
 1635 004c A168     		ldr	r1, [r4, #8]
 1636 004e 0B43     		orrs	r3, r1
 1637 0050 5360     		str	r3, [r2, #4]
 1638              	.L150:
 825:Drivers/STM32F0xx_HAL_Driver/Src/stm32f0xx_hal_rcc.c ****   {
 1639              		.loc 1 825 3 view .LVU483
 825:Drivers/STM32F0xx_HAL_Driver/Src/stm32f0xx_hal_rcc.c ****   {
 1640              		.loc 1 825 25 is_stmt 0 view .LVU484
 1641 0052 2368     		ldr	r3, [r4]
 825:Drivers/STM32F0xx_HAL_Driver/Src/stm32f0xx_hal_rcc.c ****   {
 1642              		.loc 1 825 5 view .LVU485
 1643 0054 DB07     		lsls	r3, r3, #31
 1644 0056 2DD5     		bpl	.L152
 827:Drivers/STM32F0xx_HAL_Driver/Src/stm32f0xx_hal_rcc.c ****     
 1645              		.loc 1 827 5 is_stmt 1 view .LVU486
 830:Drivers/STM32F0xx_HAL_Driver/Src/stm32f0xx_hal_rcc.c ****     {
 1646              		.loc 1 830 5 view .LVU487
 830:Drivers/STM32F0xx_HAL_Driver/Src/stm32f0xx_hal_rcc.c ****     {
 1647              		.loc 1 830 25 is_stmt 0 view .LVU488
 1648 0058 6368     		ldr	r3, [r4, #4]
 830:Drivers/STM32F0xx_HAL_Driver/Src/stm32f0xx_hal_rcc.c ****     {
 1649              		.loc 1 830 7 view .LVU489
 1650 005a 012B     		cmp	r3, #1
 1651 005c 1ED0     		beq	.L173
 839:Drivers/STM32F0xx_HAL_Driver/Src/stm32f0xx_hal_rcc.c ****     {
 1652              		.loc 1 839 10 is_stmt 1 view .LVU490
 839:Drivers/STM32F0xx_HAL_Driver/Src/stm32f0xx_hal_rcc.c ****     {
 1653              		.loc 1 839 12 is_stmt 0 view .LVU491
 1654 005e 022B     		cmp	r3, #2
 1655 0060 22D0     		beq	.L174
 862:Drivers/STM32F0xx_HAL_Driver/Src/stm32f0xx_hal_rcc.c ****       {
 1656              		.loc 1 862 7 is_stmt 1 view .LVU492
 862:Drivers/STM32F0xx_HAL_Driver/Src/stm32f0xx_hal_rcc.c ****       {
 1657              		.loc 1 862 10 is_stmt 0 view .LVU493
 1658 0062 2F4A     		ldr	r2, .L175+4
 1659 0064 1268     		ldr	r2, [r2]
 862:Drivers/STM32F0xx_HAL_Driver/Src/stm32f0xx_hal_rcc.c ****       {
 1660              		.loc 1 862 9 view .LVU494
 1661 0066 9207     		lsls	r2, r2, #30
 1662 0068 53D5     		bpl	.L164
 1663              	.L154:
 867:Drivers/STM32F0xx_HAL_Driver/Src/stm32f0xx_hal_rcc.c **** 
 1664              		.loc 1 867 5 is_stmt 1 view .LVU495
 1665 006a 2D49     		ldr	r1, .L175+4
 1666 006c 4A68     		ldr	r2, [r1, #4]
 1667 006e 0320     		movs	r0, #3
 1668              	.LVL111:
 867:Drivers/STM32F0xx_HAL_Driver/Src/stm32f0xx_hal_rcc.c **** 
ARM GAS  /tmp/cc0vgH7k.s 			page 55


 1669              		.loc 1 867 5 is_stmt 0 view .LVU496
 1670 0070 8243     		bics	r2, r0
 1671 0072 1343     		orrs	r3, r2
 1672 0074 4B60     		str	r3, [r1, #4]
 870:Drivers/STM32F0xx_HAL_Driver/Src/stm32f0xx_hal_rcc.c ****     
 1673              		.loc 1 870 5 is_stmt 1 view .LVU497
 870:Drivers/STM32F0xx_HAL_Driver/Src/stm32f0xx_hal_rcc.c ****     
 1674              		.loc 1 870 17 is_stmt 0 view .LVU498
 1675 0076 FFF7FEFF 		bl	HAL_GetTick
 1676              	.LVL112:
 1677 007a 0600     		movs	r6, r0
 1678              	.LVL113:
 872:Drivers/STM32F0xx_HAL_Driver/Src/stm32f0xx_hal_rcc.c ****     {
 1679              		.loc 1 872 5 is_stmt 1 view .LVU499
 1680              	.L156:
 872:Drivers/STM32F0xx_HAL_Driver/Src/stm32f0xx_hal_rcc.c ****     {
 1681              		.loc 1 872 42 view .LVU500
 872:Drivers/STM32F0xx_HAL_Driver/Src/stm32f0xx_hal_rcc.c ****     {
 1682              		.loc 1 872 12 is_stmt 0 view .LVU501
 1683 007c 284B     		ldr	r3, .L175+4
 1684 007e 5B68     		ldr	r3, [r3, #4]
 1685 0080 0C22     		movs	r2, #12
 1686 0082 1A40     		ands	r2, r3
 872:Drivers/STM32F0xx_HAL_Driver/Src/stm32f0xx_hal_rcc.c ****     {
 1687              		.loc 1 872 63 view .LVU502
 1688 0084 6368     		ldr	r3, [r4, #4]
 872:Drivers/STM32F0xx_HAL_Driver/Src/stm32f0xx_hal_rcc.c ****     {
 1689              		.loc 1 872 78 view .LVU503
 1690 0086 9B00     		lsls	r3, r3, #2
 872:Drivers/STM32F0xx_HAL_Driver/Src/stm32f0xx_hal_rcc.c ****     {
 1691              		.loc 1 872 42 view .LVU504
 1692 0088 9A42     		cmp	r2, r3
 1693 008a 13D0     		beq	.L152
 874:Drivers/STM32F0xx_HAL_Driver/Src/stm32f0xx_hal_rcc.c ****       {
 1694              		.loc 1 874 7 is_stmt 1 view .LVU505
 874:Drivers/STM32F0xx_HAL_Driver/Src/stm32f0xx_hal_rcc.c ****       {
 1695              		.loc 1 874 11 is_stmt 0 view .LVU506
 1696 008c FFF7FEFF 		bl	HAL_GetTick
 1697              	.LVL114:
 874:Drivers/STM32F0xx_HAL_Driver/Src/stm32f0xx_hal_rcc.c ****       {
 1698              		.loc 1 874 25 discriminator 1 view .LVU507
 1699 0090 801B     		subs	r0, r0, r6
 874:Drivers/STM32F0xx_HAL_Driver/Src/stm32f0xx_hal_rcc.c ****       {
 1700              		.loc 1 874 9 discriminator 1 view .LVU508
 1701 0092 244B     		ldr	r3, .L175+8
 1702 0094 9842     		cmp	r0, r3
 1703 0096 F1D9     		bls	.L156
 876:Drivers/STM32F0xx_HAL_Driver/Src/stm32f0xx_hal_rcc.c ****       }
 1704              		.loc 1 876 16 view .LVU509
 1705 0098 0320     		movs	r0, #3
 1706 009a 35E0     		b	.L148
 1707              	.LVL115:
 1708              	.L173:
 833:Drivers/STM32F0xx_HAL_Driver/Src/stm32f0xx_hal_rcc.c ****       {
 1709              		.loc 1 833 7 is_stmt 1 view .LVU510
 833:Drivers/STM32F0xx_HAL_Driver/Src/stm32f0xx_hal_rcc.c ****       {
 1710              		.loc 1 833 10 is_stmt 0 view .LVU511
ARM GAS  /tmp/cc0vgH7k.s 			page 56


 1711 009c 204A     		ldr	r2, .L175+4
 1712 009e 1268     		ldr	r2, [r2]
 833:Drivers/STM32F0xx_HAL_Driver/Src/stm32f0xx_hal_rcc.c ****       {
 1713              		.loc 1 833 9 view .LVU512
 1714 00a0 9203     		lsls	r2, r2, #14
 1715 00a2 E2D4     		bmi	.L154
 835:Drivers/STM32F0xx_HAL_Driver/Src/stm32f0xx_hal_rcc.c ****       }
 1716              		.loc 1 835 16 view .LVU513
 1717 00a4 0120     		movs	r0, #1
 1718              	.LVL116:
 835:Drivers/STM32F0xx_HAL_Driver/Src/stm32f0xx_hal_rcc.c ****       }
 1719              		.loc 1 835 16 view .LVU514
 1720 00a6 2FE0     		b	.L148
 1721              	.LVL117:
 1722              	.L174:
 842:Drivers/STM32F0xx_HAL_Driver/Src/stm32f0xx_hal_rcc.c ****       {
 1723              		.loc 1 842 7 is_stmt 1 view .LVU515
 842:Drivers/STM32F0xx_HAL_Driver/Src/stm32f0xx_hal_rcc.c ****       {
 1724              		.loc 1 842 10 is_stmt 0 view .LVU516
 1725 00a8 1D4A     		ldr	r2, .L175+4
 1726 00aa 1268     		ldr	r2, [r2]
 842:Drivers/STM32F0xx_HAL_Driver/Src/stm32f0xx_hal_rcc.c ****       {
 1727              		.loc 1 842 9 view .LVU517
 1728 00ac 9201     		lsls	r2, r2, #6
 1729 00ae DCD4     		bmi	.L154
 844:Drivers/STM32F0xx_HAL_Driver/Src/stm32f0xx_hal_rcc.c ****       }
 1730              		.loc 1 844 16 view .LVU518
 1731 00b0 0120     		movs	r0, #1
 1732              	.LVL118:
 844:Drivers/STM32F0xx_HAL_Driver/Src/stm32f0xx_hal_rcc.c ****       }
 1733              		.loc 1 844 16 view .LVU519
 1734 00b2 29E0     		b	.L148
 1735              	.L152:
 882:Drivers/STM32F0xx_HAL_Driver/Src/stm32f0xx_hal_rcc.c ****   {    
 1736              		.loc 1 882 3 is_stmt 1 view .LVU520
 882:Drivers/STM32F0xx_HAL_Driver/Src/stm32f0xx_hal_rcc.c ****   {    
 1737              		.loc 1 882 17 is_stmt 0 view .LVU521
 1738 00b4 194B     		ldr	r3, .L175
 1739 00b6 1A68     		ldr	r2, [r3]
 1740 00b8 0123     		movs	r3, #1
 1741 00ba 1340     		ands	r3, r2
 882:Drivers/STM32F0xx_HAL_Driver/Src/stm32f0xx_hal_rcc.c ****   {    
 1742              		.loc 1 882 5 view .LVU522
 1743 00bc AB42     		cmp	r3, r5
 1744 00be 09D9     		bls	.L158
 885:Drivers/STM32F0xx_HAL_Driver/Src/stm32f0xx_hal_rcc.c ****     
 1745              		.loc 1 885 5 is_stmt 1 view .LVU523
 1746 00c0 1649     		ldr	r1, .L175
 1747 00c2 0B68     		ldr	r3, [r1]
 1748 00c4 0122     		movs	r2, #1
 1749 00c6 9343     		bics	r3, r2
 1750 00c8 2B43     		orrs	r3, r5
 1751 00ca 0B60     		str	r3, [r1]
 889:Drivers/STM32F0xx_HAL_Driver/Src/stm32f0xx_hal_rcc.c ****     {
 1752              		.loc 1 889 5 view .LVU524
 889:Drivers/STM32F0xx_HAL_Driver/Src/stm32f0xx_hal_rcc.c ****     {
 1753              		.loc 1 889 8 is_stmt 0 view .LVU525
ARM GAS  /tmp/cc0vgH7k.s 			page 57


 1754 00cc 0B68     		ldr	r3, [r1]
 1755 00ce 1A40     		ands	r2, r3
 889:Drivers/STM32F0xx_HAL_Driver/Src/stm32f0xx_hal_rcc.c ****     {
 1756              		.loc 1 889 7 view .LVU526
 1757 00d0 AA42     		cmp	r2, r5
 1758 00d2 20D1     		bne	.L166
 1759              	.L158:
 896:Drivers/STM32F0xx_HAL_Driver/Src/stm32f0xx_hal_rcc.c ****   {
 1760              		.loc 1 896 3 is_stmt 1 view .LVU527
 896:Drivers/STM32F0xx_HAL_Driver/Src/stm32f0xx_hal_rcc.c ****   {
 1761              		.loc 1 896 25 is_stmt 0 view .LVU528
 1762 00d4 2368     		ldr	r3, [r4]
 896:Drivers/STM32F0xx_HAL_Driver/Src/stm32f0xx_hal_rcc.c ****   {
 1763              		.loc 1 896 5 view .LVU529
 1764 00d6 5B07     		lsls	r3, r3, #29
 1765 00d8 06D5     		bpl	.L159
 898:Drivers/STM32F0xx_HAL_Driver/Src/stm32f0xx_hal_rcc.c ****     MODIFY_REG(RCC->CFGR, RCC_CFGR_PPRE, RCC_ClkInitStruct->APB1CLKDivider);
 1766              		.loc 1 898 5 is_stmt 1 view .LVU530
 899:Drivers/STM32F0xx_HAL_Driver/Src/stm32f0xx_hal_rcc.c ****   }
 1767              		.loc 1 899 5 view .LVU531
 1768 00da 114A     		ldr	r2, .L175+4
 1769 00dc 5368     		ldr	r3, [r2, #4]
 1770 00de 1249     		ldr	r1, .L175+12
 1771 00e0 0B40     		ands	r3, r1
 1772 00e2 E168     		ldr	r1, [r4, #12]
 1773 00e4 0B43     		orrs	r3, r1
 1774 00e6 5360     		str	r3, [r2, #4]
 1775              	.L159:
 903:Drivers/STM32F0xx_HAL_Driver/Src/stm32f0xx_hal_rcc.c **** 
 1776              		.loc 1 903 3 view .LVU532
 903:Drivers/STM32F0xx_HAL_Driver/Src/stm32f0xx_hal_rcc.c **** 
 1777              		.loc 1 903 21 is_stmt 0 view .LVU533
 1778 00e8 FFF7FEFF 		bl	HAL_RCC_GetSysClockFreq
 1779              	.LVL119:
 903:Drivers/STM32F0xx_HAL_Driver/Src/stm32f0xx_hal_rcc.c **** 
 1780              		.loc 1 903 68 discriminator 1 view .LVU534
 1781 00ec 0C4B     		ldr	r3, .L175+4
 1782 00ee 5A68     		ldr	r2, [r3, #4]
 903:Drivers/STM32F0xx_HAL_Driver/Src/stm32f0xx_hal_rcc.c **** 
 1783              		.loc 1 903 91 discriminator 1 view .LVU535
 1784 00f0 1209     		lsrs	r2, r2, #4
 1785 00f2 0F23     		movs	r3, #15
 1786 00f4 1340     		ands	r3, r2
 903:Drivers/STM32F0xx_HAL_Driver/Src/stm32f0xx_hal_rcc.c **** 
 1787              		.loc 1 903 63 discriminator 1 view .LVU536
 1788 00f6 0D4A     		ldr	r2, .L175+16
 1789 00f8 D35C     		ldrb	r3, [r2, r3]
 903:Drivers/STM32F0xx_HAL_Driver/Src/stm32f0xx_hal_rcc.c **** 
 1790              		.loc 1 903 47 discriminator 1 view .LVU537
 1791 00fa D840     		lsrs	r0, r0, r3
 903:Drivers/STM32F0xx_HAL_Driver/Src/stm32f0xx_hal_rcc.c **** 
 1792              		.loc 1 903 19 discriminator 1 view .LVU538
 1793 00fc 0C4B     		ldr	r3, .L175+20
 1794 00fe 1860     		str	r0, [r3]
 906:Drivers/STM32F0xx_HAL_Driver/Src/stm32f0xx_hal_rcc.c ****   
 1795              		.loc 1 906 3 is_stmt 1 view .LVU539
 1796 0100 0020     		movs	r0, #0
ARM GAS  /tmp/cc0vgH7k.s 			page 58


 1797 0102 FFF7FEFF 		bl	HAL_InitTick
 1798              	.LVL120:
 908:Drivers/STM32F0xx_HAL_Driver/Src/stm32f0xx_hal_rcc.c **** }
 1799              		.loc 1 908 3 view .LVU540
 908:Drivers/STM32F0xx_HAL_Driver/Src/stm32f0xx_hal_rcc.c **** }
 1800              		.loc 1 908 10 is_stmt 0 view .LVU541
 1801 0106 0020     		movs	r0, #0
 1802              	.L148:
 909:Drivers/STM32F0xx_HAL_Driver/Src/stm32f0xx_hal_rcc.c **** 
 1803              		.loc 1 909 1 view .LVU542
 1804              		@ sp needed
 1805              	.LVL121:
 1806              	.LVL122:
 909:Drivers/STM32F0xx_HAL_Driver/Src/stm32f0xx_hal_rcc.c **** 
 1807              		.loc 1 909 1 view .LVU543
 1808 0108 70BD     		pop	{r4, r5, r6, pc}
 1809              	.LVL123:
 1810              	.L160:
 784:Drivers/STM32F0xx_HAL_Driver/Src/stm32f0xx_hal_rcc.c ****   }
 1811              		.loc 1 784 12 view .LVU544
 1812 010a 0120     		movs	r0, #1
 1813              	.LVL124:
 784:Drivers/STM32F0xx_HAL_Driver/Src/stm32f0xx_hal_rcc.c ****   }
 1814              		.loc 1 784 12 view .LVU545
 1815 010c FCE7     		b	.L148
 1816              	.LVL125:
 1817              	.L161:
 805:Drivers/STM32F0xx_HAL_Driver/Src/stm32f0xx_hal_rcc.c ****     }
 1818              		.loc 1 805 14 view .LVU546
 1819 010e 0120     		movs	r0, #1
 1820              	.LVL126:
 805:Drivers/STM32F0xx_HAL_Driver/Src/stm32f0xx_hal_rcc.c ****     }
 1821              		.loc 1 805 14 view .LVU547
 1822 0110 FAE7     		b	.L148
 1823              	.LVL127:
 1824              	.L164:
 864:Drivers/STM32F0xx_HAL_Driver/Src/stm32f0xx_hal_rcc.c ****       }
 1825              		.loc 1 864 16 view .LVU548
 1826 0112 0120     		movs	r0, #1
 1827              	.LVL128:
 864:Drivers/STM32F0xx_HAL_Driver/Src/stm32f0xx_hal_rcc.c ****       }
 1828              		.loc 1 864 16 view .LVU549
 1829 0114 F8E7     		b	.L148
 1830              	.L166:
 891:Drivers/STM32F0xx_HAL_Driver/Src/stm32f0xx_hal_rcc.c ****     }
 1831              		.loc 1 891 14 view .LVU550
 1832 0116 0120     		movs	r0, #1
 1833 0118 F6E7     		b	.L148
 1834              	.L176:
 1835 011a C046     		.align	2
 1836              	.L175:
 1837 011c 00200240 		.word	1073881088
 1838 0120 00100240 		.word	1073876992
 1839 0124 88130000 		.word	5000
 1840 0128 FFF8FFFF 		.word	-1793
 1841 012c 00000000 		.word	AHBPrescTable
 1842 0130 00000000 		.word	SystemCoreClock
ARM GAS  /tmp/cc0vgH7k.s 			page 59


 1843              		.cfi_endproc
 1844              	.LFE42:
 1846              		.section	.text.HAL_RCC_GetHCLKFreq,"ax",%progbits
 1847              		.align	1
 1848              		.global	HAL_RCC_GetHCLKFreq
 1849              		.syntax unified
 1850              		.code	16
 1851              		.thumb_func
 1853              	HAL_RCC_GetHCLKFreq:
 1854              	.LFB47:
1163:Drivers/STM32F0xx_HAL_Driver/Src/stm32f0xx_hal_rcc.c **** 
1164:Drivers/STM32F0xx_HAL_Driver/Src/stm32f0xx_hal_rcc.c **** /**
1165:Drivers/STM32F0xx_HAL_Driver/Src/stm32f0xx_hal_rcc.c ****   * @brief  Returns the HCLK frequency     
1166:Drivers/STM32F0xx_HAL_Driver/Src/stm32f0xx_hal_rcc.c ****   * @note   Each time HCLK changes, this function must be called to update the
1167:Drivers/STM32F0xx_HAL_Driver/Src/stm32f0xx_hal_rcc.c ****   *         right HCLK value. Otherwise, any configuration based on this function will be incorrect
1168:Drivers/STM32F0xx_HAL_Driver/Src/stm32f0xx_hal_rcc.c ****   * 
1169:Drivers/STM32F0xx_HAL_Driver/Src/stm32f0xx_hal_rcc.c ****   * @note   The SystemCoreClock CMSIS variable is used to store System Clock Frequency 
1170:Drivers/STM32F0xx_HAL_Driver/Src/stm32f0xx_hal_rcc.c ****   *         and updated within this function
1171:Drivers/STM32F0xx_HAL_Driver/Src/stm32f0xx_hal_rcc.c ****   * @retval HCLK frequency
1172:Drivers/STM32F0xx_HAL_Driver/Src/stm32f0xx_hal_rcc.c ****   */
1173:Drivers/STM32F0xx_HAL_Driver/Src/stm32f0xx_hal_rcc.c **** uint32_t HAL_RCC_GetHCLKFreq(void)
1174:Drivers/STM32F0xx_HAL_Driver/Src/stm32f0xx_hal_rcc.c **** {
 1855              		.loc 1 1174 1 is_stmt 1 view -0
 1856              		.cfi_startproc
 1857              		@ args = 0, pretend = 0, frame = 0
 1858              		@ frame_needed = 0, uses_anonymous_args = 0
 1859              		@ link register save eliminated.
1175:Drivers/STM32F0xx_HAL_Driver/Src/stm32f0xx_hal_rcc.c ****   return SystemCoreClock;
 1860              		.loc 1 1175 3 view .LVU552
 1861              		.loc 1 1175 10 is_stmt 0 view .LVU553
 1862 0000 014B     		ldr	r3, .L178
 1863              		.loc 1 1175 10 discriminator 1 view .LVU554
 1864 0002 1868     		ldr	r0, [r3]
1176:Drivers/STM32F0xx_HAL_Driver/Src/stm32f0xx_hal_rcc.c **** }
 1865              		.loc 1 1176 1 view .LVU555
 1866              		@ sp needed
 1867 0004 7047     		bx	lr
 1868              	.L179:
 1869 0006 C046     		.align	2
 1870              	.L178:
 1871 0008 00000000 		.word	SystemCoreClock
 1872              		.cfi_endproc
 1873              	.LFE47:
 1875              		.section	.text.HAL_RCC_GetPCLK1Freq,"ax",%progbits
 1876              		.align	1
 1877              		.global	HAL_RCC_GetPCLK1Freq
 1878              		.syntax unified
 1879              		.code	16
 1880              		.thumb_func
 1882              	HAL_RCC_GetPCLK1Freq:
 1883              	.LFB48:
1177:Drivers/STM32F0xx_HAL_Driver/Src/stm32f0xx_hal_rcc.c **** 
1178:Drivers/STM32F0xx_HAL_Driver/Src/stm32f0xx_hal_rcc.c **** /**
1179:Drivers/STM32F0xx_HAL_Driver/Src/stm32f0xx_hal_rcc.c ****   * @brief  Returns the PCLK1 frequency     
1180:Drivers/STM32F0xx_HAL_Driver/Src/stm32f0xx_hal_rcc.c ****   * @note   Each time PCLK1 changes, this function must be called to update the
1181:Drivers/STM32F0xx_HAL_Driver/Src/stm32f0xx_hal_rcc.c ****   *         right PCLK1 value. Otherwise, any configuration based on this function will be incorrec
1182:Drivers/STM32F0xx_HAL_Driver/Src/stm32f0xx_hal_rcc.c ****   * @retval PCLK1 frequency
ARM GAS  /tmp/cc0vgH7k.s 			page 60


1183:Drivers/STM32F0xx_HAL_Driver/Src/stm32f0xx_hal_rcc.c ****   */
1184:Drivers/STM32F0xx_HAL_Driver/Src/stm32f0xx_hal_rcc.c **** uint32_t HAL_RCC_GetPCLK1Freq(void)
1185:Drivers/STM32F0xx_HAL_Driver/Src/stm32f0xx_hal_rcc.c **** {
 1884              		.loc 1 1185 1 is_stmt 1 view -0
 1885              		.cfi_startproc
 1886              		@ args = 0, pretend = 0, frame = 0
 1887              		@ frame_needed = 0, uses_anonymous_args = 0
 1888 0000 10B5     		push	{r4, lr}
 1889              	.LCFI7:
 1890              		.cfi_def_cfa_offset 8
 1891              		.cfi_offset 4, -8
 1892              		.cfi_offset 14, -4
1186:Drivers/STM32F0xx_HAL_Driver/Src/stm32f0xx_hal_rcc.c ****   /* Get HCLK source and Compute PCLK1 frequency ---------------------------*/
1187:Drivers/STM32F0xx_HAL_Driver/Src/stm32f0xx_hal_rcc.c ****   return (HAL_RCC_GetHCLKFreq() >> APBPrescTable[(RCC->CFGR & RCC_CFGR_PPRE) >> RCC_CFGR_PPRE_BITNU
 1893              		.loc 1 1187 3 view .LVU557
 1894              		.loc 1 1187 11 is_stmt 0 view .LVU558
 1895 0002 FFF7FEFF 		bl	HAL_RCC_GetHCLKFreq
 1896              	.LVL129:
 1897              		.loc 1 1187 54 discriminator 1 view .LVU559
 1898 0006 044B     		ldr	r3, .L181
 1899 0008 5A68     		ldr	r2, [r3, #4]
 1900              		.loc 1 1187 78 discriminator 1 view .LVU560
 1901 000a 120A     		lsrs	r2, r2, #8
 1902 000c 0723     		movs	r3, #7
 1903 000e 1340     		ands	r3, r2
 1904              		.loc 1 1187 49 discriminator 1 view .LVU561
 1905 0010 024A     		ldr	r2, .L181+4
 1906 0012 D35C     		ldrb	r3, [r2, r3]
 1907              		.loc 1 1187 33 discriminator 1 view .LVU562
 1908 0014 D840     		lsrs	r0, r0, r3
1188:Drivers/STM32F0xx_HAL_Driver/Src/stm32f0xx_hal_rcc.c **** }    
 1909              		.loc 1 1188 1 view .LVU563
 1910              		@ sp needed
 1911 0016 10BD     		pop	{r4, pc}
 1912              	.L182:
 1913              		.align	2
 1914              	.L181:
 1915 0018 00100240 		.word	1073876992
 1916 001c 00000000 		.word	APBPrescTable
 1917              		.cfi_endproc
 1918              	.LFE48:
 1920              		.section	.text.HAL_RCC_GetOscConfig,"ax",%progbits
 1921              		.align	1
 1922              		.global	HAL_RCC_GetOscConfig
 1923              		.syntax unified
 1924              		.code	16
 1925              		.thumb_func
 1927              	HAL_RCC_GetOscConfig:
 1928              	.LVL130:
 1929              	.LFB49:
1189:Drivers/STM32F0xx_HAL_Driver/Src/stm32f0xx_hal_rcc.c **** 
1190:Drivers/STM32F0xx_HAL_Driver/Src/stm32f0xx_hal_rcc.c **** /**
1191:Drivers/STM32F0xx_HAL_Driver/Src/stm32f0xx_hal_rcc.c ****   * @brief  Configures the RCC_OscInitStruct according to the internal 
1192:Drivers/STM32F0xx_HAL_Driver/Src/stm32f0xx_hal_rcc.c ****   * RCC configuration registers.
1193:Drivers/STM32F0xx_HAL_Driver/Src/stm32f0xx_hal_rcc.c ****   * @param  RCC_OscInitStruct pointer to an RCC_OscInitTypeDef structure that 
1194:Drivers/STM32F0xx_HAL_Driver/Src/stm32f0xx_hal_rcc.c ****   * will be configured.
1195:Drivers/STM32F0xx_HAL_Driver/Src/stm32f0xx_hal_rcc.c ****   * @retval None
ARM GAS  /tmp/cc0vgH7k.s 			page 61


1196:Drivers/STM32F0xx_HAL_Driver/Src/stm32f0xx_hal_rcc.c ****   */
1197:Drivers/STM32F0xx_HAL_Driver/Src/stm32f0xx_hal_rcc.c **** void HAL_RCC_GetOscConfig(RCC_OscInitTypeDef  *RCC_OscInitStruct)
1198:Drivers/STM32F0xx_HAL_Driver/Src/stm32f0xx_hal_rcc.c **** {
 1930              		.loc 1 1198 1 is_stmt 1 view -0
 1931              		.cfi_startproc
 1932              		@ args = 0, pretend = 0, frame = 0
 1933              		@ frame_needed = 0, uses_anonymous_args = 0
 1934              		@ link register save eliminated.
1199:Drivers/STM32F0xx_HAL_Driver/Src/stm32f0xx_hal_rcc.c ****   /* Check the parameters */
1200:Drivers/STM32F0xx_HAL_Driver/Src/stm32f0xx_hal_rcc.c ****   assert_param(RCC_OscInitStruct != NULL);
 1935              		.loc 1 1200 3 view .LVU565
1201:Drivers/STM32F0xx_HAL_Driver/Src/stm32f0xx_hal_rcc.c **** 
1202:Drivers/STM32F0xx_HAL_Driver/Src/stm32f0xx_hal_rcc.c ****   /* Set all possible values for the Oscillator type parameter ---------------*/
1203:Drivers/STM32F0xx_HAL_Driver/Src/stm32f0xx_hal_rcc.c ****   RCC_OscInitStruct->OscillatorType = RCC_OSCILLATORTYPE_HSE | RCC_OSCILLATORTYPE_HSI  \
 1936              		.loc 1 1203 3 view .LVU566
 1937              		.loc 1 1203 37 is_stmt 0 view .LVU567
 1938 0000 1F23     		movs	r3, #31
 1939 0002 0360     		str	r3, [r0]
1204:Drivers/STM32F0xx_HAL_Driver/Src/stm32f0xx_hal_rcc.c ****                   | RCC_OSCILLATORTYPE_LSE | RCC_OSCILLATORTYPE_LSI | RCC_OSCILLATORTYPE_HSI14;
1205:Drivers/STM32F0xx_HAL_Driver/Src/stm32f0xx_hal_rcc.c **** #if defined(RCC_HSI48_SUPPORT)
1206:Drivers/STM32F0xx_HAL_Driver/Src/stm32f0xx_hal_rcc.c ****   RCC_OscInitStruct->OscillatorType |= RCC_OSCILLATORTYPE_HSI48;
1207:Drivers/STM32F0xx_HAL_Driver/Src/stm32f0xx_hal_rcc.c **** #endif /* RCC_HSI48_SUPPORT */
1208:Drivers/STM32F0xx_HAL_Driver/Src/stm32f0xx_hal_rcc.c **** 
1209:Drivers/STM32F0xx_HAL_Driver/Src/stm32f0xx_hal_rcc.c **** 
1210:Drivers/STM32F0xx_HAL_Driver/Src/stm32f0xx_hal_rcc.c ****   /* Get the HSE configuration -----------------------------------------------*/
1211:Drivers/STM32F0xx_HAL_Driver/Src/stm32f0xx_hal_rcc.c ****   if((RCC->CR &RCC_CR_HSEBYP) == RCC_CR_HSEBYP)
 1940              		.loc 1 1211 3 is_stmt 1 view .LVU568
 1941              		.loc 1 1211 10 is_stmt 0 view .LVU569
 1942 0004 2E4B     		ldr	r3, .L198
 1943 0006 1B68     		ldr	r3, [r3]
 1944              		.loc 1 1211 5 view .LVU570
 1945 0008 5B03     		lsls	r3, r3, #13
 1946 000a 39D5     		bpl	.L184
1212:Drivers/STM32F0xx_HAL_Driver/Src/stm32f0xx_hal_rcc.c ****   {
1213:Drivers/STM32F0xx_HAL_Driver/Src/stm32f0xx_hal_rcc.c ****     RCC_OscInitStruct->HSEState = RCC_HSE_BYPASS;
 1947              		.loc 1 1213 5 is_stmt 1 view .LVU571
 1948              		.loc 1 1213 33 is_stmt 0 view .LVU572
 1949 000c 0523     		movs	r3, #5
 1950 000e 4360     		str	r3, [r0, #4]
 1951              	.L185:
1214:Drivers/STM32F0xx_HAL_Driver/Src/stm32f0xx_hal_rcc.c ****   }
1215:Drivers/STM32F0xx_HAL_Driver/Src/stm32f0xx_hal_rcc.c ****   else if((RCC->CR &RCC_CR_HSEON) == RCC_CR_HSEON)
1216:Drivers/STM32F0xx_HAL_Driver/Src/stm32f0xx_hal_rcc.c ****   {
1217:Drivers/STM32F0xx_HAL_Driver/Src/stm32f0xx_hal_rcc.c ****     RCC_OscInitStruct->HSEState = RCC_HSE_ON;
1218:Drivers/STM32F0xx_HAL_Driver/Src/stm32f0xx_hal_rcc.c ****   }
1219:Drivers/STM32F0xx_HAL_Driver/Src/stm32f0xx_hal_rcc.c ****   else
1220:Drivers/STM32F0xx_HAL_Driver/Src/stm32f0xx_hal_rcc.c ****   {
1221:Drivers/STM32F0xx_HAL_Driver/Src/stm32f0xx_hal_rcc.c ****     RCC_OscInitStruct->HSEState = RCC_HSE_OFF;
1222:Drivers/STM32F0xx_HAL_Driver/Src/stm32f0xx_hal_rcc.c ****   }
1223:Drivers/STM32F0xx_HAL_Driver/Src/stm32f0xx_hal_rcc.c **** 
1224:Drivers/STM32F0xx_HAL_Driver/Src/stm32f0xx_hal_rcc.c ****   /* Get the HSI configuration -----------------------------------------------*/
1225:Drivers/STM32F0xx_HAL_Driver/Src/stm32f0xx_hal_rcc.c ****   if((RCC->CR &RCC_CR_HSION) == RCC_CR_HSION)
 1952              		.loc 1 1225 3 is_stmt 1 view .LVU573
 1953              		.loc 1 1225 10 is_stmt 0 view .LVU574
 1954 0010 2B4B     		ldr	r3, .L198
 1955 0012 1B68     		ldr	r3, [r3]
 1956              		.loc 1 1225 5 view .LVU575
ARM GAS  /tmp/cc0vgH7k.s 			page 62


 1957 0014 DB07     		lsls	r3, r3, #31
 1958 0016 3DD5     		bpl	.L187
1226:Drivers/STM32F0xx_HAL_Driver/Src/stm32f0xx_hal_rcc.c ****   {
1227:Drivers/STM32F0xx_HAL_Driver/Src/stm32f0xx_hal_rcc.c ****     RCC_OscInitStruct->HSIState = RCC_HSI_ON;
 1959              		.loc 1 1227 5 is_stmt 1 view .LVU576
 1960              		.loc 1 1227 33 is_stmt 0 view .LVU577
 1961 0018 0123     		movs	r3, #1
 1962 001a C360     		str	r3, [r0, #12]
 1963              	.L188:
1228:Drivers/STM32F0xx_HAL_Driver/Src/stm32f0xx_hal_rcc.c ****   }
1229:Drivers/STM32F0xx_HAL_Driver/Src/stm32f0xx_hal_rcc.c ****   else
1230:Drivers/STM32F0xx_HAL_Driver/Src/stm32f0xx_hal_rcc.c ****   {
1231:Drivers/STM32F0xx_HAL_Driver/Src/stm32f0xx_hal_rcc.c ****     RCC_OscInitStruct->HSIState = RCC_HSI_OFF;
1232:Drivers/STM32F0xx_HAL_Driver/Src/stm32f0xx_hal_rcc.c ****   }
1233:Drivers/STM32F0xx_HAL_Driver/Src/stm32f0xx_hal_rcc.c ****   
1234:Drivers/STM32F0xx_HAL_Driver/Src/stm32f0xx_hal_rcc.c ****   RCC_OscInitStruct->HSICalibrationValue = (uint32_t)((RCC->CR &RCC_CR_HSITRIM) >> RCC_CR_HSITRIM_B
 1964              		.loc 1 1234 3 is_stmt 1 view .LVU578
 1965              		.loc 1 1234 59 is_stmt 0 view .LVU579
 1966 001c 2849     		ldr	r1, .L198
 1967 001e 0A68     		ldr	r2, [r1]
 1968              		.loc 1 1234 44 view .LVU580
 1969 0020 D208     		lsrs	r2, r2, #3
 1970 0022 1F23     		movs	r3, #31
 1971 0024 1340     		ands	r3, r2
 1972              		.loc 1 1234 42 view .LVU581
 1973 0026 0361     		str	r3, [r0, #16]
1235:Drivers/STM32F0xx_HAL_Driver/Src/stm32f0xx_hal_rcc.c ****   
1236:Drivers/STM32F0xx_HAL_Driver/Src/stm32f0xx_hal_rcc.c ****   /* Get the LSE configuration -----------------------------------------------*/
1237:Drivers/STM32F0xx_HAL_Driver/Src/stm32f0xx_hal_rcc.c ****   if((RCC->BDCR &RCC_BDCR_LSEBYP) == RCC_BDCR_LSEBYP)
 1974              		.loc 1 1237 3 is_stmt 1 view .LVU582
 1975              		.loc 1 1237 10 is_stmt 0 view .LVU583
 1976 0028 0B6A     		ldr	r3, [r1, #32]
 1977              		.loc 1 1237 5 view .LVU584
 1978 002a 5B07     		lsls	r3, r3, #29
 1979 002c 35D5     		bpl	.L189
1238:Drivers/STM32F0xx_HAL_Driver/Src/stm32f0xx_hal_rcc.c ****   {
1239:Drivers/STM32F0xx_HAL_Driver/Src/stm32f0xx_hal_rcc.c ****     RCC_OscInitStruct->LSEState = RCC_LSE_BYPASS;
 1980              		.loc 1 1239 5 is_stmt 1 view .LVU585
 1981              		.loc 1 1239 33 is_stmt 0 view .LVU586
 1982 002e 0523     		movs	r3, #5
 1983 0030 8360     		str	r3, [r0, #8]
 1984              	.L190:
1240:Drivers/STM32F0xx_HAL_Driver/Src/stm32f0xx_hal_rcc.c ****   }
1241:Drivers/STM32F0xx_HAL_Driver/Src/stm32f0xx_hal_rcc.c ****   else if((RCC->BDCR &RCC_BDCR_LSEON) == RCC_BDCR_LSEON)
1242:Drivers/STM32F0xx_HAL_Driver/Src/stm32f0xx_hal_rcc.c ****   {
1243:Drivers/STM32F0xx_HAL_Driver/Src/stm32f0xx_hal_rcc.c ****     RCC_OscInitStruct->LSEState = RCC_LSE_ON;
1244:Drivers/STM32F0xx_HAL_Driver/Src/stm32f0xx_hal_rcc.c ****   }
1245:Drivers/STM32F0xx_HAL_Driver/Src/stm32f0xx_hal_rcc.c ****   else
1246:Drivers/STM32F0xx_HAL_Driver/Src/stm32f0xx_hal_rcc.c ****   {
1247:Drivers/STM32F0xx_HAL_Driver/Src/stm32f0xx_hal_rcc.c ****     RCC_OscInitStruct->LSEState = RCC_LSE_OFF;
1248:Drivers/STM32F0xx_HAL_Driver/Src/stm32f0xx_hal_rcc.c ****   }
1249:Drivers/STM32F0xx_HAL_Driver/Src/stm32f0xx_hal_rcc.c ****   
1250:Drivers/STM32F0xx_HAL_Driver/Src/stm32f0xx_hal_rcc.c ****   /* Get the LSI configuration -----------------------------------------------*/
1251:Drivers/STM32F0xx_HAL_Driver/Src/stm32f0xx_hal_rcc.c ****   if((RCC->CSR &RCC_CSR_LSION) == RCC_CSR_LSION)
 1985              		.loc 1 1251 3 is_stmt 1 view .LVU587
 1986              		.loc 1 1251 10 is_stmt 0 view .LVU588
 1987 0032 234B     		ldr	r3, .L198
ARM GAS  /tmp/cc0vgH7k.s 			page 63


 1988 0034 5B6A     		ldr	r3, [r3, #36]
 1989              		.loc 1 1251 5 view .LVU589
 1990 0036 DB07     		lsls	r3, r3, #31
 1991 0038 39D5     		bpl	.L192
1252:Drivers/STM32F0xx_HAL_Driver/Src/stm32f0xx_hal_rcc.c ****   {
1253:Drivers/STM32F0xx_HAL_Driver/Src/stm32f0xx_hal_rcc.c ****     RCC_OscInitStruct->LSIState = RCC_LSI_ON;
 1992              		.loc 1 1253 5 is_stmt 1 view .LVU590
 1993              		.loc 1 1253 33 is_stmt 0 view .LVU591
 1994 003a 0123     		movs	r3, #1
 1995 003c C361     		str	r3, [r0, #28]
 1996              	.L193:
1254:Drivers/STM32F0xx_HAL_Driver/Src/stm32f0xx_hal_rcc.c ****   }
1255:Drivers/STM32F0xx_HAL_Driver/Src/stm32f0xx_hal_rcc.c ****   else
1256:Drivers/STM32F0xx_HAL_Driver/Src/stm32f0xx_hal_rcc.c ****   {
1257:Drivers/STM32F0xx_HAL_Driver/Src/stm32f0xx_hal_rcc.c ****     RCC_OscInitStruct->LSIState = RCC_LSI_OFF;
1258:Drivers/STM32F0xx_HAL_Driver/Src/stm32f0xx_hal_rcc.c ****   }
1259:Drivers/STM32F0xx_HAL_Driver/Src/stm32f0xx_hal_rcc.c ****   
1260:Drivers/STM32F0xx_HAL_Driver/Src/stm32f0xx_hal_rcc.c ****   /* Get the HSI14 configuration -----------------------------------------------*/
1261:Drivers/STM32F0xx_HAL_Driver/Src/stm32f0xx_hal_rcc.c ****   if((RCC->CR2 & RCC_CR2_HSI14ON) == RCC_CR2_HSI14ON)
 1997              		.loc 1 1261 3 is_stmt 1 view .LVU592
 1998              		.loc 1 1261 10 is_stmt 0 view .LVU593
 1999 003e 204B     		ldr	r3, .L198
 2000 0040 5B6B     		ldr	r3, [r3, #52]
 2001              		.loc 1 1261 5 view .LVU594
 2002 0042 DB07     		lsls	r3, r3, #31
 2003 0044 36D5     		bpl	.L194
1262:Drivers/STM32F0xx_HAL_Driver/Src/stm32f0xx_hal_rcc.c ****   {
1263:Drivers/STM32F0xx_HAL_Driver/Src/stm32f0xx_hal_rcc.c ****     RCC_OscInitStruct->HSI14State = RCC_HSI_ON;
 2004              		.loc 1 1263 5 is_stmt 1 view .LVU595
 2005              		.loc 1 1263 35 is_stmt 0 view .LVU596
 2006 0046 0123     		movs	r3, #1
 2007 0048 4361     		str	r3, [r0, #20]
 2008              	.L195:
1264:Drivers/STM32F0xx_HAL_Driver/Src/stm32f0xx_hal_rcc.c ****   }
1265:Drivers/STM32F0xx_HAL_Driver/Src/stm32f0xx_hal_rcc.c ****   else
1266:Drivers/STM32F0xx_HAL_Driver/Src/stm32f0xx_hal_rcc.c ****   {
1267:Drivers/STM32F0xx_HAL_Driver/Src/stm32f0xx_hal_rcc.c ****     RCC_OscInitStruct->HSI14State = RCC_HSI_OFF;
1268:Drivers/STM32F0xx_HAL_Driver/Src/stm32f0xx_hal_rcc.c ****   }
1269:Drivers/STM32F0xx_HAL_Driver/Src/stm32f0xx_hal_rcc.c **** 
1270:Drivers/STM32F0xx_HAL_Driver/Src/stm32f0xx_hal_rcc.c ****   RCC_OscInitStruct->HSI14CalibrationValue = (uint32_t)((RCC->CR2 & RCC_CR2_HSI14TRIM) >> RCC_HSI14
 2009              		.loc 1 1270 3 is_stmt 1 view .LVU597
 2010              		.loc 1 1270 61 is_stmt 0 view .LVU598
 2011 004a 1D49     		ldr	r1, .L198
 2012 004c 4A6B     		ldr	r2, [r1, #52]
 2013              		.loc 1 1270 46 view .LVU599
 2014 004e D208     		lsrs	r2, r2, #3
 2015 0050 1F23     		movs	r3, #31
 2016 0052 1340     		ands	r3, r2
 2017              		.loc 1 1270 44 view .LVU600
 2018 0054 8361     		str	r3, [r0, #24]
1271:Drivers/STM32F0xx_HAL_Driver/Src/stm32f0xx_hal_rcc.c ****   
1272:Drivers/STM32F0xx_HAL_Driver/Src/stm32f0xx_hal_rcc.c **** #if defined(RCC_HSI48_SUPPORT)
1273:Drivers/STM32F0xx_HAL_Driver/Src/stm32f0xx_hal_rcc.c ****   /* Get the HSI48 configuration if any-----------------------------------------*/
1274:Drivers/STM32F0xx_HAL_Driver/Src/stm32f0xx_hal_rcc.c ****   RCC_OscInitStruct->HSI48State = __HAL_RCC_GET_HSI48_STATE();
1275:Drivers/STM32F0xx_HAL_Driver/Src/stm32f0xx_hal_rcc.c **** #endif /* RCC_HSI48_SUPPORT */
1276:Drivers/STM32F0xx_HAL_Driver/Src/stm32f0xx_hal_rcc.c **** 
1277:Drivers/STM32F0xx_HAL_Driver/Src/stm32f0xx_hal_rcc.c ****   /* Get the PLL configuration -----------------------------------------------*/
ARM GAS  /tmp/cc0vgH7k.s 			page 64


1278:Drivers/STM32F0xx_HAL_Driver/Src/stm32f0xx_hal_rcc.c ****   if((RCC->CR &RCC_CR_PLLON) == RCC_CR_PLLON)
 2019              		.loc 1 1278 3 is_stmt 1 view .LVU601
 2020              		.loc 1 1278 10 is_stmt 0 view .LVU602
 2021 0056 0B68     		ldr	r3, [r1]
 2022              		.loc 1 1278 5 view .LVU603
 2023 0058 DB01     		lsls	r3, r3, #7
 2024 005a 2ED5     		bpl	.L196
1279:Drivers/STM32F0xx_HAL_Driver/Src/stm32f0xx_hal_rcc.c ****   {
1280:Drivers/STM32F0xx_HAL_Driver/Src/stm32f0xx_hal_rcc.c ****     RCC_OscInitStruct->PLL.PLLState = RCC_PLL_ON;
 2025              		.loc 1 1280 5 is_stmt 1 view .LVU604
 2026              		.loc 1 1280 37 is_stmt 0 view .LVU605
 2027 005c 0223     		movs	r3, #2
 2028 005e 0362     		str	r3, [r0, #32]
 2029              	.L197:
1281:Drivers/STM32F0xx_HAL_Driver/Src/stm32f0xx_hal_rcc.c ****   }
1282:Drivers/STM32F0xx_HAL_Driver/Src/stm32f0xx_hal_rcc.c ****   else
1283:Drivers/STM32F0xx_HAL_Driver/Src/stm32f0xx_hal_rcc.c ****   {
1284:Drivers/STM32F0xx_HAL_Driver/Src/stm32f0xx_hal_rcc.c ****     RCC_OscInitStruct->PLL.PLLState = RCC_PLL_OFF;
1285:Drivers/STM32F0xx_HAL_Driver/Src/stm32f0xx_hal_rcc.c ****   }
1286:Drivers/STM32F0xx_HAL_Driver/Src/stm32f0xx_hal_rcc.c ****   RCC_OscInitStruct->PLL.PLLSource = (uint32_t)(RCC->CFGR & RCC_CFGR_PLLSRC);
 2030              		.loc 1 1286 3 is_stmt 1 view .LVU606
 2031              		.loc 1 1286 52 is_stmt 0 view .LVU607
 2032 0060 174B     		ldr	r3, .L198
 2033 0062 5A68     		ldr	r2, [r3, #4]
 2034              		.loc 1 1286 38 view .LVU608
 2035 0064 8021     		movs	r1, #128
 2036 0066 4902     		lsls	r1, r1, #9
 2037 0068 0A40     		ands	r2, r1
 2038              		.loc 1 1286 36 view .LVU609
 2039 006a 4262     		str	r2, [r0, #36]
1287:Drivers/STM32F0xx_HAL_Driver/Src/stm32f0xx_hal_rcc.c ****   RCC_OscInitStruct->PLL.PLLMUL = (uint32_t)(RCC->CFGR & RCC_CFGR_PLLMUL);
 2040              		.loc 1 1287 3 is_stmt 1 view .LVU610
 2041              		.loc 1 1287 49 is_stmt 0 view .LVU611
 2042 006c 5A68     		ldr	r2, [r3, #4]
 2043              		.loc 1 1287 35 view .LVU612
 2044 006e F021     		movs	r1, #240
 2045 0070 8903     		lsls	r1, r1, #14
 2046 0072 0A40     		ands	r2, r1
 2047              		.loc 1 1287 33 view .LVU613
 2048 0074 8262     		str	r2, [r0, #40]
1288:Drivers/STM32F0xx_HAL_Driver/Src/stm32f0xx_hal_rcc.c ****   RCC_OscInitStruct->PLL.PREDIV = (uint32_t)(RCC->CFGR2 & RCC_CFGR2_PREDIV);
 2049              		.loc 1 1288 3 is_stmt 1 view .LVU614
 2050              		.loc 1 1288 49 is_stmt 0 view .LVU615
 2051 0076 DA6A     		ldr	r2, [r3, #44]
 2052              		.loc 1 1288 35 view .LVU616
 2053 0078 0F23     		movs	r3, #15
 2054 007a 1340     		ands	r3, r2
 2055              		.loc 1 1288 33 view .LVU617
 2056 007c C362     		str	r3, [r0, #44]
1289:Drivers/STM32F0xx_HAL_Driver/Src/stm32f0xx_hal_rcc.c **** }
 2057              		.loc 1 1289 1 view .LVU618
 2058              		@ sp needed
 2059 007e 7047     		bx	lr
 2060              	.L184:
1215:Drivers/STM32F0xx_HAL_Driver/Src/stm32f0xx_hal_rcc.c ****   {
 2061              		.loc 1 1215 8 is_stmt 1 view .LVU619
1215:Drivers/STM32F0xx_HAL_Driver/Src/stm32f0xx_hal_rcc.c ****   {
ARM GAS  /tmp/cc0vgH7k.s 			page 65


 2062              		.loc 1 1215 15 is_stmt 0 view .LVU620
 2063 0080 0F4B     		ldr	r3, .L198
 2064 0082 1B68     		ldr	r3, [r3]
1215:Drivers/STM32F0xx_HAL_Driver/Src/stm32f0xx_hal_rcc.c ****   {
 2065              		.loc 1 1215 10 view .LVU621
 2066 0084 DB03     		lsls	r3, r3, #15
 2067 0086 02D5     		bpl	.L186
1217:Drivers/STM32F0xx_HAL_Driver/Src/stm32f0xx_hal_rcc.c ****   }
 2068              		.loc 1 1217 5 is_stmt 1 view .LVU622
1217:Drivers/STM32F0xx_HAL_Driver/Src/stm32f0xx_hal_rcc.c ****   }
 2069              		.loc 1 1217 33 is_stmt 0 view .LVU623
 2070 0088 0123     		movs	r3, #1
 2071 008a 4360     		str	r3, [r0, #4]
 2072 008c C0E7     		b	.L185
 2073              	.L186:
1221:Drivers/STM32F0xx_HAL_Driver/Src/stm32f0xx_hal_rcc.c ****   }
 2074              		.loc 1 1221 5 is_stmt 1 view .LVU624
1221:Drivers/STM32F0xx_HAL_Driver/Src/stm32f0xx_hal_rcc.c ****   }
 2075              		.loc 1 1221 33 is_stmt 0 view .LVU625
 2076 008e 0023     		movs	r3, #0
 2077 0090 4360     		str	r3, [r0, #4]
 2078 0092 BDE7     		b	.L185
 2079              	.L187:
1231:Drivers/STM32F0xx_HAL_Driver/Src/stm32f0xx_hal_rcc.c ****   }
 2080              		.loc 1 1231 5 is_stmt 1 view .LVU626
1231:Drivers/STM32F0xx_HAL_Driver/Src/stm32f0xx_hal_rcc.c ****   }
 2081              		.loc 1 1231 33 is_stmt 0 view .LVU627
 2082 0094 0023     		movs	r3, #0
 2083 0096 C360     		str	r3, [r0, #12]
 2084 0098 C0E7     		b	.L188
 2085              	.L189:
1241:Drivers/STM32F0xx_HAL_Driver/Src/stm32f0xx_hal_rcc.c ****   {
 2086              		.loc 1 1241 8 is_stmt 1 view .LVU628
1241:Drivers/STM32F0xx_HAL_Driver/Src/stm32f0xx_hal_rcc.c ****   {
 2087              		.loc 1 1241 15 is_stmt 0 view .LVU629
 2088 009a 094B     		ldr	r3, .L198
 2089 009c 1B6A     		ldr	r3, [r3, #32]
1241:Drivers/STM32F0xx_HAL_Driver/Src/stm32f0xx_hal_rcc.c ****   {
 2090              		.loc 1 1241 10 view .LVU630
 2091 009e DB07     		lsls	r3, r3, #31
 2092 00a0 02D5     		bpl	.L191
1243:Drivers/STM32F0xx_HAL_Driver/Src/stm32f0xx_hal_rcc.c ****   }
 2093              		.loc 1 1243 5 is_stmt 1 view .LVU631
1243:Drivers/STM32F0xx_HAL_Driver/Src/stm32f0xx_hal_rcc.c ****   }
 2094              		.loc 1 1243 33 is_stmt 0 view .LVU632
 2095 00a2 0123     		movs	r3, #1
 2096 00a4 8360     		str	r3, [r0, #8]
 2097 00a6 C4E7     		b	.L190
 2098              	.L191:
1247:Drivers/STM32F0xx_HAL_Driver/Src/stm32f0xx_hal_rcc.c ****   }
 2099              		.loc 1 1247 5 is_stmt 1 view .LVU633
1247:Drivers/STM32F0xx_HAL_Driver/Src/stm32f0xx_hal_rcc.c ****   }
 2100              		.loc 1 1247 33 is_stmt 0 view .LVU634
 2101 00a8 0023     		movs	r3, #0
 2102 00aa 8360     		str	r3, [r0, #8]
 2103 00ac C1E7     		b	.L190
 2104              	.L192:
ARM GAS  /tmp/cc0vgH7k.s 			page 66


1257:Drivers/STM32F0xx_HAL_Driver/Src/stm32f0xx_hal_rcc.c ****   }
 2105              		.loc 1 1257 5 is_stmt 1 view .LVU635
1257:Drivers/STM32F0xx_HAL_Driver/Src/stm32f0xx_hal_rcc.c ****   }
 2106              		.loc 1 1257 33 is_stmt 0 view .LVU636
 2107 00ae 0023     		movs	r3, #0
 2108 00b0 C361     		str	r3, [r0, #28]
 2109 00b2 C4E7     		b	.L193
 2110              	.L194:
1267:Drivers/STM32F0xx_HAL_Driver/Src/stm32f0xx_hal_rcc.c ****   }
 2111              		.loc 1 1267 5 is_stmt 1 view .LVU637
1267:Drivers/STM32F0xx_HAL_Driver/Src/stm32f0xx_hal_rcc.c ****   }
 2112              		.loc 1 1267 35 is_stmt 0 view .LVU638
 2113 00b4 0023     		movs	r3, #0
 2114 00b6 4361     		str	r3, [r0, #20]
 2115 00b8 C7E7     		b	.L195
 2116              	.L196:
1284:Drivers/STM32F0xx_HAL_Driver/Src/stm32f0xx_hal_rcc.c ****   }
 2117              		.loc 1 1284 5 is_stmt 1 view .LVU639
1284:Drivers/STM32F0xx_HAL_Driver/Src/stm32f0xx_hal_rcc.c ****   }
 2118              		.loc 1 1284 37 is_stmt 0 view .LVU640
 2119 00ba 0123     		movs	r3, #1
 2120 00bc 0362     		str	r3, [r0, #32]
 2121 00be CFE7     		b	.L197
 2122              	.L199:
 2123              		.align	2
 2124              	.L198:
 2125 00c0 00100240 		.word	1073876992
 2126              		.cfi_endproc
 2127              	.LFE49:
 2129              		.section	.text.HAL_RCC_GetClockConfig,"ax",%progbits
 2130              		.align	1
 2131              		.global	HAL_RCC_GetClockConfig
 2132              		.syntax unified
 2133              		.code	16
 2134              		.thumb_func
 2136              	HAL_RCC_GetClockConfig:
 2137              	.LVL131:
 2138              	.LFB50:
1290:Drivers/STM32F0xx_HAL_Driver/Src/stm32f0xx_hal_rcc.c **** 
1291:Drivers/STM32F0xx_HAL_Driver/Src/stm32f0xx_hal_rcc.c **** /**
1292:Drivers/STM32F0xx_HAL_Driver/Src/stm32f0xx_hal_rcc.c ****   * @brief  Get the RCC_ClkInitStruct according to the internal 
1293:Drivers/STM32F0xx_HAL_Driver/Src/stm32f0xx_hal_rcc.c ****   * RCC configuration registers.
1294:Drivers/STM32F0xx_HAL_Driver/Src/stm32f0xx_hal_rcc.c ****   * @param  RCC_ClkInitStruct pointer to an RCC_ClkInitTypeDef structure that 
1295:Drivers/STM32F0xx_HAL_Driver/Src/stm32f0xx_hal_rcc.c ****   * contains the current clock configuration.
1296:Drivers/STM32F0xx_HAL_Driver/Src/stm32f0xx_hal_rcc.c ****   * @param  pFLatency Pointer on the Flash Latency.
1297:Drivers/STM32F0xx_HAL_Driver/Src/stm32f0xx_hal_rcc.c ****   * @retval None
1298:Drivers/STM32F0xx_HAL_Driver/Src/stm32f0xx_hal_rcc.c ****   */
1299:Drivers/STM32F0xx_HAL_Driver/Src/stm32f0xx_hal_rcc.c **** void HAL_RCC_GetClockConfig(RCC_ClkInitTypeDef  *RCC_ClkInitStruct, uint32_t *pFLatency)
1300:Drivers/STM32F0xx_HAL_Driver/Src/stm32f0xx_hal_rcc.c **** {
 2139              		.loc 1 1300 1 is_stmt 1 view -0
 2140              		.cfi_startproc
 2141              		@ args = 0, pretend = 0, frame = 0
 2142              		@ frame_needed = 0, uses_anonymous_args = 0
 2143              		.loc 1 1300 1 is_stmt 0 view .LVU642
 2144 0000 10B5     		push	{r4, lr}
 2145              	.LCFI8:
 2146              		.cfi_def_cfa_offset 8
ARM GAS  /tmp/cc0vgH7k.s 			page 67


 2147              		.cfi_offset 4, -8
 2148              		.cfi_offset 14, -4
1301:Drivers/STM32F0xx_HAL_Driver/Src/stm32f0xx_hal_rcc.c ****   /* Check the parameters */
1302:Drivers/STM32F0xx_HAL_Driver/Src/stm32f0xx_hal_rcc.c ****   assert_param(RCC_ClkInitStruct != NULL);
 2149              		.loc 1 1302 3 is_stmt 1 view .LVU643
1303:Drivers/STM32F0xx_HAL_Driver/Src/stm32f0xx_hal_rcc.c ****   assert_param(pFLatency != NULL);
 2150              		.loc 1 1303 3 view .LVU644
1304:Drivers/STM32F0xx_HAL_Driver/Src/stm32f0xx_hal_rcc.c **** 
1305:Drivers/STM32F0xx_HAL_Driver/Src/stm32f0xx_hal_rcc.c ****   /* Set all possible values for the Clock type parameter --------------------*/
1306:Drivers/STM32F0xx_HAL_Driver/Src/stm32f0xx_hal_rcc.c ****   RCC_ClkInitStruct->ClockType = RCC_CLOCKTYPE_SYSCLK | RCC_CLOCKTYPE_HCLK | RCC_CLOCKTYPE_PCLK1;
 2151              		.loc 1 1306 3 view .LVU645
 2152              		.loc 1 1306 32 is_stmt 0 view .LVU646
 2153 0002 0723     		movs	r3, #7
 2154 0004 0360     		str	r3, [r0]
1307:Drivers/STM32F0xx_HAL_Driver/Src/stm32f0xx_hal_rcc.c ****   
1308:Drivers/STM32F0xx_HAL_Driver/Src/stm32f0xx_hal_rcc.c ****   /* Get the SYSCLK configuration --------------------------------------------*/ 
1309:Drivers/STM32F0xx_HAL_Driver/Src/stm32f0xx_hal_rcc.c ****   RCC_ClkInitStruct->SYSCLKSource = (uint32_t)(RCC->CFGR & RCC_CFGR_SW);
 2155              		.loc 1 1309 3 is_stmt 1 view .LVU647
 2156              		.loc 1 1309 51 is_stmt 0 view .LVU648
 2157 0006 0C4B     		ldr	r3, .L201
 2158 0008 5A68     		ldr	r2, [r3, #4]
 2159 000a 9446     		mov	ip, r2
 2160              		.loc 1 1309 37 view .LVU649
 2161 000c 0322     		movs	r2, #3
 2162 000e 6446     		mov	r4, ip
 2163 0010 2240     		ands	r2, r4
 2164              		.loc 1 1309 35 view .LVU650
 2165 0012 4260     		str	r2, [r0, #4]
1310:Drivers/STM32F0xx_HAL_Driver/Src/stm32f0xx_hal_rcc.c ****   
1311:Drivers/STM32F0xx_HAL_Driver/Src/stm32f0xx_hal_rcc.c ****   /* Get the HCLK configuration ----------------------------------------------*/ 
1312:Drivers/STM32F0xx_HAL_Driver/Src/stm32f0xx_hal_rcc.c ****   RCC_ClkInitStruct->AHBCLKDivider = (uint32_t)(RCC->CFGR & RCC_CFGR_HPRE); 
 2166              		.loc 1 1312 3 is_stmt 1 view .LVU651
 2167              		.loc 1 1312 52 is_stmt 0 view .LVU652
 2168 0014 5A68     		ldr	r2, [r3, #4]
 2169 0016 9446     		mov	ip, r2
 2170              		.loc 1 1312 38 view .LVU653
 2171 0018 F022     		movs	r2, #240
 2172 001a 6446     		mov	r4, ip
 2173 001c 2240     		ands	r2, r4
 2174              		.loc 1 1312 36 view .LVU654
 2175 001e 8260     		str	r2, [r0, #8]
1313:Drivers/STM32F0xx_HAL_Driver/Src/stm32f0xx_hal_rcc.c ****   
1314:Drivers/STM32F0xx_HAL_Driver/Src/stm32f0xx_hal_rcc.c ****   /* Get the APB1 configuration ----------------------------------------------*/ 
1315:Drivers/STM32F0xx_HAL_Driver/Src/stm32f0xx_hal_rcc.c ****   RCC_ClkInitStruct->APB1CLKDivider = (uint32_t)(RCC->CFGR & RCC_CFGR_PPRE);   
 2176              		.loc 1 1315 3 is_stmt 1 view .LVU655
 2177              		.loc 1 1315 53 is_stmt 0 view .LVU656
 2178 0020 5B68     		ldr	r3, [r3, #4]
 2179              		.loc 1 1315 39 view .LVU657
 2180 0022 E022     		movs	r2, #224
 2181 0024 D200     		lsls	r2, r2, #3
 2182 0026 1340     		ands	r3, r2
 2183              		.loc 1 1315 37 view .LVU658
 2184 0028 C360     		str	r3, [r0, #12]
1316:Drivers/STM32F0xx_HAL_Driver/Src/stm32f0xx_hal_rcc.c ****   /* Get the Flash Wait State (Latency) configuration ------------------------*/   
1317:Drivers/STM32F0xx_HAL_Driver/Src/stm32f0xx_hal_rcc.c ****   *pFLatency = __HAL_FLASH_GET_LATENCY(); 
 2185              		.loc 1 1317 3 is_stmt 1 view .LVU659
 2186              		.loc 1 1317 16 is_stmt 0 view .LVU660
ARM GAS  /tmp/cc0vgH7k.s 			page 68


 2187 002a 044B     		ldr	r3, .L201+4
 2188 002c 1A68     		ldr	r2, [r3]
 2189 002e 0123     		movs	r3, #1
 2190 0030 1340     		ands	r3, r2
 2191              		.loc 1 1317 14 view .LVU661
 2192 0032 0B60     		str	r3, [r1]
1318:Drivers/STM32F0xx_HAL_Driver/Src/stm32f0xx_hal_rcc.c **** }
 2193              		.loc 1 1318 1 view .LVU662
 2194              		@ sp needed
 2195 0034 10BD     		pop	{r4, pc}
 2196              	.L202:
 2197 0036 C046     		.align	2
 2198              	.L201:
 2199 0038 00100240 		.word	1073876992
 2200 003c 00200240 		.word	1073881088
 2201              		.cfi_endproc
 2202              	.LFE50:
 2204              		.section	.text.HAL_RCC_CSSCallback,"ax",%progbits
 2205              		.align	1
 2206              		.weak	HAL_RCC_CSSCallback
 2207              		.syntax unified
 2208              		.code	16
 2209              		.thumb_func
 2211              	HAL_RCC_CSSCallback:
 2212              	.LFB52:
1319:Drivers/STM32F0xx_HAL_Driver/Src/stm32f0xx_hal_rcc.c **** 
1320:Drivers/STM32F0xx_HAL_Driver/Src/stm32f0xx_hal_rcc.c **** /**
1321:Drivers/STM32F0xx_HAL_Driver/Src/stm32f0xx_hal_rcc.c ****   * @brief This function handles the RCC CSS interrupt request.
1322:Drivers/STM32F0xx_HAL_Driver/Src/stm32f0xx_hal_rcc.c ****   * @note This API should be called under the NMI_Handler().
1323:Drivers/STM32F0xx_HAL_Driver/Src/stm32f0xx_hal_rcc.c ****   * @retval None
1324:Drivers/STM32F0xx_HAL_Driver/Src/stm32f0xx_hal_rcc.c ****   */
1325:Drivers/STM32F0xx_HAL_Driver/Src/stm32f0xx_hal_rcc.c **** void HAL_RCC_NMI_IRQHandler(void)
1326:Drivers/STM32F0xx_HAL_Driver/Src/stm32f0xx_hal_rcc.c **** {
1327:Drivers/STM32F0xx_HAL_Driver/Src/stm32f0xx_hal_rcc.c ****   /* Check RCC CSSF flag  */
1328:Drivers/STM32F0xx_HAL_Driver/Src/stm32f0xx_hal_rcc.c ****   if(__HAL_RCC_GET_IT(RCC_IT_CSS))
1329:Drivers/STM32F0xx_HAL_Driver/Src/stm32f0xx_hal_rcc.c ****   {
1330:Drivers/STM32F0xx_HAL_Driver/Src/stm32f0xx_hal_rcc.c ****     /* RCC Clock Security System interrupt user callback */
1331:Drivers/STM32F0xx_HAL_Driver/Src/stm32f0xx_hal_rcc.c ****     HAL_RCC_CSSCallback();
1332:Drivers/STM32F0xx_HAL_Driver/Src/stm32f0xx_hal_rcc.c ****     
1333:Drivers/STM32F0xx_HAL_Driver/Src/stm32f0xx_hal_rcc.c ****     /* Clear RCC CSS pending bit */
1334:Drivers/STM32F0xx_HAL_Driver/Src/stm32f0xx_hal_rcc.c ****     __HAL_RCC_CLEAR_IT(RCC_IT_CSS);
1335:Drivers/STM32F0xx_HAL_Driver/Src/stm32f0xx_hal_rcc.c ****   }
1336:Drivers/STM32F0xx_HAL_Driver/Src/stm32f0xx_hal_rcc.c **** }
1337:Drivers/STM32F0xx_HAL_Driver/Src/stm32f0xx_hal_rcc.c **** 
1338:Drivers/STM32F0xx_HAL_Driver/Src/stm32f0xx_hal_rcc.c **** /**
1339:Drivers/STM32F0xx_HAL_Driver/Src/stm32f0xx_hal_rcc.c ****   * @brief  RCC Clock Security System interrupt callback
1340:Drivers/STM32F0xx_HAL_Driver/Src/stm32f0xx_hal_rcc.c ****   * @retval none
1341:Drivers/STM32F0xx_HAL_Driver/Src/stm32f0xx_hal_rcc.c ****   */
1342:Drivers/STM32F0xx_HAL_Driver/Src/stm32f0xx_hal_rcc.c **** __weak void HAL_RCC_CSSCallback(void)
1343:Drivers/STM32F0xx_HAL_Driver/Src/stm32f0xx_hal_rcc.c **** {
 2213              		.loc 1 1343 1 is_stmt 1 view -0
 2214              		.cfi_startproc
 2215              		@ args = 0, pretend = 0, frame = 0
 2216              		@ frame_needed = 0, uses_anonymous_args = 0
 2217              		@ link register save eliminated.
1344:Drivers/STM32F0xx_HAL_Driver/Src/stm32f0xx_hal_rcc.c ****   /* NOTE : This function Should not be modified, when the callback is needed,
1345:Drivers/STM32F0xx_HAL_Driver/Src/stm32f0xx_hal_rcc.c ****     the HAL_RCC_CSSCallback could be implemented in the user file
ARM GAS  /tmp/cc0vgH7k.s 			page 69


1346:Drivers/STM32F0xx_HAL_Driver/Src/stm32f0xx_hal_rcc.c ****     */ 
1347:Drivers/STM32F0xx_HAL_Driver/Src/stm32f0xx_hal_rcc.c **** }
 2218              		.loc 1 1347 1 view .LVU664
 2219              		@ sp needed
 2220 0000 7047     		bx	lr
 2221              		.cfi_endproc
 2222              	.LFE52:
 2224              		.section	.text.HAL_RCC_NMI_IRQHandler,"ax",%progbits
 2225              		.align	1
 2226              		.global	HAL_RCC_NMI_IRQHandler
 2227              		.syntax unified
 2228              		.code	16
 2229              		.thumb_func
 2231              	HAL_RCC_NMI_IRQHandler:
 2232              	.LFB51:
1326:Drivers/STM32F0xx_HAL_Driver/Src/stm32f0xx_hal_rcc.c ****   /* Check RCC CSSF flag  */
 2233              		.loc 1 1326 1 view -0
 2234              		.cfi_startproc
 2235              		@ args = 0, pretend = 0, frame = 0
 2236              		@ frame_needed = 0, uses_anonymous_args = 0
 2237 0000 10B5     		push	{r4, lr}
 2238              	.LCFI9:
 2239              		.cfi_def_cfa_offset 8
 2240              		.cfi_offset 4, -8
 2241              		.cfi_offset 14, -4
1328:Drivers/STM32F0xx_HAL_Driver/Src/stm32f0xx_hal_rcc.c ****   {
 2242              		.loc 1 1328 3 view .LVU666
1328:Drivers/STM32F0xx_HAL_Driver/Src/stm32f0xx_hal_rcc.c ****   {
 2243              		.loc 1 1328 6 is_stmt 0 view .LVU667
 2244 0002 054B     		ldr	r3, .L208
 2245 0004 9B68     		ldr	r3, [r3, #8]
1328:Drivers/STM32F0xx_HAL_Driver/Src/stm32f0xx_hal_rcc.c ****   {
 2246              		.loc 1 1328 5 view .LVU668
 2247 0006 1B06     		lsls	r3, r3, #24
 2248 0008 00D4     		bmi	.L207
 2249              	.L204:
1336:Drivers/STM32F0xx_HAL_Driver/Src/stm32f0xx_hal_rcc.c **** 
 2250              		.loc 1 1336 1 view .LVU669
 2251              		@ sp needed
 2252 000a 10BD     		pop	{r4, pc}
 2253              	.L207:
1331:Drivers/STM32F0xx_HAL_Driver/Src/stm32f0xx_hal_rcc.c ****     
 2254              		.loc 1 1331 5 is_stmt 1 view .LVU670
 2255 000c FFF7FEFF 		bl	HAL_RCC_CSSCallback
 2256              	.LVL132:
1334:Drivers/STM32F0xx_HAL_Driver/Src/stm32f0xx_hal_rcc.c ****   }
 2257              		.loc 1 1334 5 view .LVU671
 2258 0010 024B     		ldr	r3, .L208+4
 2259 0012 8022     		movs	r2, #128
 2260 0014 1A70     		strb	r2, [r3]
1336:Drivers/STM32F0xx_HAL_Driver/Src/stm32f0xx_hal_rcc.c **** 
 2261              		.loc 1 1336 1 is_stmt 0 view .LVU672
 2262 0016 F8E7     		b	.L204
 2263              	.L209:
 2264              		.align	2
 2265              	.L208:
 2266 0018 00100240 		.word	1073876992
ARM GAS  /tmp/cc0vgH7k.s 			page 70


 2267 001c 0A100240 		.word	1073877002
 2268              		.cfi_endproc
 2269              	.LFE51:
 2271              		.section	.rodata.aPredivFactorTable.0,"a"
 2272              		.align	2
 2275              	aPredivFactorTable.0:
 2276 0000 01020304 		.ascii	"\001\002\003\004\005\006\007\010\011\012\013\014\015"
 2276      05060708 
 2276      090A0B0C 
 2276      0D
 2277 000d 0E0F10   		.ascii	"\016\017\020"
 2278              		.section	.rodata.aPLLMULFactorTable.1,"a"
 2279              		.align	2
 2282              	aPLLMULFactorTable.1:
 2283 0000 02030405 		.ascii	"\002\003\004\005\006\007\010\011\012\013\014\015\016"
 2283      06070809 
 2283      0A0B0C0D 
 2283      0E
 2284 000d 0F1010   		.ascii	"\017\020\020"
 2285              		.text
 2286              	.Letext0:
 2287              		.file 2 "/usr/arm-none-eabi/include/machine/_default_types.h"
 2288              		.file 3 "/usr/arm-none-eabi/include/sys/_stdint.h"
 2289              		.file 4 "Drivers/CMSIS/Device/ST/STM32F0xx/Include/system_stm32f0xx.h"
 2290              		.file 5 "Drivers/CMSIS/Device/ST/STM32F0xx/Include/stm32f030x8.h"
 2291              		.file 6 "Drivers/CMSIS/Device/ST/STM32F0xx/Include/stm32f0xx.h"
 2292              		.file 7 "Drivers/STM32F0xx_HAL_Driver/Inc/stm32f0xx_hal_def.h"
 2293              		.file 8 "Drivers/STM32F0xx_HAL_Driver/Inc/stm32f0xx_hal_rcc.h"
 2294              		.file 9 "Drivers/STM32F0xx_HAL_Driver/Inc/stm32f0xx_hal_gpio.h"
 2295              		.file 10 "Drivers/STM32F0xx_HAL_Driver/Inc/stm32f0xx_hal.h"
ARM GAS  /tmp/cc0vgH7k.s 			page 71


DEFINED SYMBOLS
                            *ABS*:00000000 stm32f0xx_hal_rcc.c
     /tmp/cc0vgH7k.s:19     .text.HAL_RCC_DeInit:00000000 $t
     /tmp/cc0vgH7k.s:25     .text.HAL_RCC_DeInit:00000000 HAL_RCC_DeInit
     /tmp/cc0vgH7k.s:193    .text.HAL_RCC_DeInit:000000ac $d
     /tmp/cc0vgH7k.s:205    .text.HAL_RCC_OscConfig:00000000 $t
     /tmp/cc0vgH7k.s:211    .text.HAL_RCC_OscConfig:00000000 HAL_RCC_OscConfig
     /tmp/cc0vgH7k.s:867    .text.HAL_RCC_OscConfig:000002d0 $d
     /tmp/cc0vgH7k.s:875    .text.HAL_RCC_OscConfig:000002e4 $t
     /tmp/cc0vgH7k.s:1274   .text.HAL_RCC_OscConfig:00000490 $d
     /tmp/cc0vgH7k.s:1282   .text.HAL_RCC_MCOConfig:00000000 $t
     /tmp/cc0vgH7k.s:1288   .text.HAL_RCC_MCOConfig:00000000 HAL_RCC_MCOConfig
     /tmp/cc0vgH7k.s:1376   .text.HAL_RCC_MCOConfig:00000048 $d
     /tmp/cc0vgH7k.s:1382   .text.HAL_RCC_EnableCSS:00000000 $t
     /tmp/cc0vgH7k.s:1388   .text.HAL_RCC_EnableCSS:00000000 HAL_RCC_EnableCSS
     /tmp/cc0vgH7k.s:1408   .text.HAL_RCC_EnableCSS:00000010 $d
     /tmp/cc0vgH7k.s:1413   .text.HAL_RCC_DisableCSS:00000000 $t
     /tmp/cc0vgH7k.s:1419   .text.HAL_RCC_DisableCSS:00000000 HAL_RCC_DisableCSS
     /tmp/cc0vgH7k.s:1438   .text.HAL_RCC_DisableCSS:0000000c $d
     /tmp/cc0vgH7k.s:1444   .text.HAL_RCC_GetSysClockFreq:00000000 $t
     /tmp/cc0vgH7k.s:1450   .text.HAL_RCC_GetSysClockFreq:00000000 HAL_RCC_GetSysClockFreq
     /tmp/cc0vgH7k.s:1543   .text.HAL_RCC_GetSysClockFreq:00000048 $d
     /tmp/cc0vgH7k.s:2282   .rodata.aPLLMULFactorTable.1:00000000 aPLLMULFactorTable.1
     /tmp/cc0vgH7k.s:2275   .rodata.aPredivFactorTable.0:00000000 aPredivFactorTable.0
     /tmp/cc0vgH7k.s:1551   .text.HAL_RCC_ClockConfig:00000000 $t
     /tmp/cc0vgH7k.s:1557   .text.HAL_RCC_ClockConfig:00000000 HAL_RCC_ClockConfig
     /tmp/cc0vgH7k.s:1837   .text.HAL_RCC_ClockConfig:0000011c $d
     /tmp/cc0vgH7k.s:1847   .text.HAL_RCC_GetHCLKFreq:00000000 $t
     /tmp/cc0vgH7k.s:1853   .text.HAL_RCC_GetHCLKFreq:00000000 HAL_RCC_GetHCLKFreq
     /tmp/cc0vgH7k.s:1871   .text.HAL_RCC_GetHCLKFreq:00000008 $d
     /tmp/cc0vgH7k.s:1876   .text.HAL_RCC_GetPCLK1Freq:00000000 $t
     /tmp/cc0vgH7k.s:1882   .text.HAL_RCC_GetPCLK1Freq:00000000 HAL_RCC_GetPCLK1Freq
     /tmp/cc0vgH7k.s:1915   .text.HAL_RCC_GetPCLK1Freq:00000018 $d
     /tmp/cc0vgH7k.s:1921   .text.HAL_RCC_GetOscConfig:00000000 $t
     /tmp/cc0vgH7k.s:1927   .text.HAL_RCC_GetOscConfig:00000000 HAL_RCC_GetOscConfig
     /tmp/cc0vgH7k.s:2125   .text.HAL_RCC_GetOscConfig:000000c0 $d
     /tmp/cc0vgH7k.s:2130   .text.HAL_RCC_GetClockConfig:00000000 $t
     /tmp/cc0vgH7k.s:2136   .text.HAL_RCC_GetClockConfig:00000000 HAL_RCC_GetClockConfig
     /tmp/cc0vgH7k.s:2199   .text.HAL_RCC_GetClockConfig:00000038 $d
     /tmp/cc0vgH7k.s:2205   .text.HAL_RCC_CSSCallback:00000000 $t
     /tmp/cc0vgH7k.s:2211   .text.HAL_RCC_CSSCallback:00000000 HAL_RCC_CSSCallback
     /tmp/cc0vgH7k.s:2225   .text.HAL_RCC_NMI_IRQHandler:00000000 $t
     /tmp/cc0vgH7k.s:2231   .text.HAL_RCC_NMI_IRQHandler:00000000 HAL_RCC_NMI_IRQHandler
     /tmp/cc0vgH7k.s:2266   .text.HAL_RCC_NMI_IRQHandler:00000018 $d
     /tmp/cc0vgH7k.s:2272   .rodata.aPredivFactorTable.0:00000000 $d
     /tmp/cc0vgH7k.s:2279   .rodata.aPLLMULFactorTable.1:00000000 $d

UNDEFINED SYMBOLS
HAL_GetTick
HAL_InitTick
SystemCoreClock
uwTickPrio
HAL_GPIO_Init
__aeabi_uidiv
AHBPrescTable
APBPrescTable
