ARM GAS  /tmp/ccVarZPm.s 			page 1


   1              		.cpu cortex-m0
   2              		.arch armv6s-m
   3              		.fpu softvfp
   4              		.eabi_attribute 20, 1
   5              		.eabi_attribute 21, 1
   6              		.eabi_attribute 23, 3
   7              		.eabi_attribute 24, 1
   8              		.eabi_attribute 25, 1
   9              		.eabi_attribute 26, 1
  10              		.eabi_attribute 30, 1
  11              		.eabi_attribute 34, 0
  12              		.eabi_attribute 18, 4
  13              		.file	"stm32f0xx_hal_dma.c"
  14              		.text
  15              	.Ltext0:
  16              		.cfi_sections	.debug_frame
  17              		.file 1 "Drivers/STM32F0xx_HAL_Driver/Src/stm32f0xx_hal_dma.c"
  18              		.section	.text.DMA_SetConfig,"ax",%progbits
  19              		.align	1
  20              		.syntax unified
  21              		.code	16
  22              		.thumb_func
  24              	DMA_SetConfig:
  25              	.LVL0:
  26              	.LFB52:
   1:Drivers/STM32F0xx_HAL_Driver/Src/stm32f0xx_hal_dma.c **** /**
   2:Drivers/STM32F0xx_HAL_Driver/Src/stm32f0xx_hal_dma.c ****   ******************************************************************************
   3:Drivers/STM32F0xx_HAL_Driver/Src/stm32f0xx_hal_dma.c ****   * @file    stm32f0xx_hal_dma.c
   4:Drivers/STM32F0xx_HAL_Driver/Src/stm32f0xx_hal_dma.c ****   * @author  MCD Application Team
   5:Drivers/STM32F0xx_HAL_Driver/Src/stm32f0xx_hal_dma.c ****   * @brief   DMA HAL module driver.
   6:Drivers/STM32F0xx_HAL_Driver/Src/stm32f0xx_hal_dma.c ****   *
   7:Drivers/STM32F0xx_HAL_Driver/Src/stm32f0xx_hal_dma.c ****   *         This file provides firmware functions to manage the following
   8:Drivers/STM32F0xx_HAL_Driver/Src/stm32f0xx_hal_dma.c ****   *         functionalities of the Direct Memory Access (DMA) peripheral:
   9:Drivers/STM32F0xx_HAL_Driver/Src/stm32f0xx_hal_dma.c ****   *           + Initialization and de-initialization functions
  10:Drivers/STM32F0xx_HAL_Driver/Src/stm32f0xx_hal_dma.c ****   *           + IO operation functions
  11:Drivers/STM32F0xx_HAL_Driver/Src/stm32f0xx_hal_dma.c ****   *           + Peripheral State and errors functions
  12:Drivers/STM32F0xx_HAL_Driver/Src/stm32f0xx_hal_dma.c ****   @verbatim
  13:Drivers/STM32F0xx_HAL_Driver/Src/stm32f0xx_hal_dma.c ****   ==============================================================================
  14:Drivers/STM32F0xx_HAL_Driver/Src/stm32f0xx_hal_dma.c ****                         ##### How to use this driver #####
  15:Drivers/STM32F0xx_HAL_Driver/Src/stm32f0xx_hal_dma.c ****   ==============================================================================
  16:Drivers/STM32F0xx_HAL_Driver/Src/stm32f0xx_hal_dma.c ****   [..]
  17:Drivers/STM32F0xx_HAL_Driver/Src/stm32f0xx_hal_dma.c ****    (#) Enable and configure the peripheral to be connected to the DMA Channel
  18:Drivers/STM32F0xx_HAL_Driver/Src/stm32f0xx_hal_dma.c ****        (except for internal SRAM / FLASH memories: no initialization is
  19:Drivers/STM32F0xx_HAL_Driver/Src/stm32f0xx_hal_dma.c ****        necessary). Please refer to Reference manual for connection between peripherals
  20:Drivers/STM32F0xx_HAL_Driver/Src/stm32f0xx_hal_dma.c ****        and DMA requests .
  21:Drivers/STM32F0xx_HAL_Driver/Src/stm32f0xx_hal_dma.c **** 
  22:Drivers/STM32F0xx_HAL_Driver/Src/stm32f0xx_hal_dma.c ****    (#) For a given Channel, program the required configuration through the following parameters:
  23:Drivers/STM32F0xx_HAL_Driver/Src/stm32f0xx_hal_dma.c ****        Transfer Direction, Source and Destination data formats,
  24:Drivers/STM32F0xx_HAL_Driver/Src/stm32f0xx_hal_dma.c ****        Circular or Normal mode, Channel Priority level, Source and Destination Increment mode,
  25:Drivers/STM32F0xx_HAL_Driver/Src/stm32f0xx_hal_dma.c ****        using HAL_DMA_Init() function.
  26:Drivers/STM32F0xx_HAL_Driver/Src/stm32f0xx_hal_dma.c **** 
  27:Drivers/STM32F0xx_HAL_Driver/Src/stm32f0xx_hal_dma.c ****    (#) Use HAL_DMA_GetState() function to return the DMA state and HAL_DMA_GetError() in case of er
  28:Drivers/STM32F0xx_HAL_Driver/Src/stm32f0xx_hal_dma.c ****        detection.
  29:Drivers/STM32F0xx_HAL_Driver/Src/stm32f0xx_hal_dma.c **** 
  30:Drivers/STM32F0xx_HAL_Driver/Src/stm32f0xx_hal_dma.c ****    (#) Use HAL_DMA_Abort() function to abort the current transfer
  31:Drivers/STM32F0xx_HAL_Driver/Src/stm32f0xx_hal_dma.c **** 
  32:Drivers/STM32F0xx_HAL_Driver/Src/stm32f0xx_hal_dma.c ****      -@-   In Memory-to-Memory transfer mode, Circular mode is not allowed.
ARM GAS  /tmp/ccVarZPm.s 			page 2


  33:Drivers/STM32F0xx_HAL_Driver/Src/stm32f0xx_hal_dma.c ****      *** Polling mode IO operation ***
  34:Drivers/STM32F0xx_HAL_Driver/Src/stm32f0xx_hal_dma.c ****      =================================
  35:Drivers/STM32F0xx_HAL_Driver/Src/stm32f0xx_hal_dma.c ****     [..]
  36:Drivers/STM32F0xx_HAL_Driver/Src/stm32f0xx_hal_dma.c ****       (+) Use HAL_DMA_Start() to start DMA transfer after the configuration of Source
  37:Drivers/STM32F0xx_HAL_Driver/Src/stm32f0xx_hal_dma.c ****           address and destination address and the Length of data to be transferred
  38:Drivers/STM32F0xx_HAL_Driver/Src/stm32f0xx_hal_dma.c ****       (+) Use HAL_DMA_PollForTransfer() to poll for the end of current transfer, in this
  39:Drivers/STM32F0xx_HAL_Driver/Src/stm32f0xx_hal_dma.c ****           case a fixed Timeout can be configured by User depending from his application.
  40:Drivers/STM32F0xx_HAL_Driver/Src/stm32f0xx_hal_dma.c **** 
  41:Drivers/STM32F0xx_HAL_Driver/Src/stm32f0xx_hal_dma.c ****      *** Interrupt mode IO operation ***
  42:Drivers/STM32F0xx_HAL_Driver/Src/stm32f0xx_hal_dma.c ****      ===================================
  43:Drivers/STM32F0xx_HAL_Driver/Src/stm32f0xx_hal_dma.c ****     [..]
  44:Drivers/STM32F0xx_HAL_Driver/Src/stm32f0xx_hal_dma.c ****       (+) Configure the DMA interrupt priority using HAL_NVIC_SetPriority()
  45:Drivers/STM32F0xx_HAL_Driver/Src/stm32f0xx_hal_dma.c ****       (+) Enable the DMA IRQ handler using HAL_NVIC_EnableIRQ()
  46:Drivers/STM32F0xx_HAL_Driver/Src/stm32f0xx_hal_dma.c ****       (+) Use HAL_DMA_Start_IT() to start DMA transfer after the configuration of
  47:Drivers/STM32F0xx_HAL_Driver/Src/stm32f0xx_hal_dma.c ****           Source address and destination address and the Length of data to be transferred.
  48:Drivers/STM32F0xx_HAL_Driver/Src/stm32f0xx_hal_dma.c ****           In this case the DMA interrupt is configured
  49:Drivers/STM32F0xx_HAL_Driver/Src/stm32f0xx_hal_dma.c ****       (+) Use HAL_DMA_Channel_IRQHandler() called under DMA_IRQHandler() Interrupt subroutine
  50:Drivers/STM32F0xx_HAL_Driver/Src/stm32f0xx_hal_dma.c ****       (+) At the end of data transfer HAL_DMA_IRQHandler() function is executed and user can
  51:Drivers/STM32F0xx_HAL_Driver/Src/stm32f0xx_hal_dma.c ****           add his own function by customization of function pointer XferCpltCallback and
  52:Drivers/STM32F0xx_HAL_Driver/Src/stm32f0xx_hal_dma.c ****           XferErrorCallback (i.e a member of DMA handle structure).
  53:Drivers/STM32F0xx_HAL_Driver/Src/stm32f0xx_hal_dma.c **** 
  54:Drivers/STM32F0xx_HAL_Driver/Src/stm32f0xx_hal_dma.c ****      *** DMA HAL driver macros list ***
  55:Drivers/STM32F0xx_HAL_Driver/Src/stm32f0xx_hal_dma.c ****      =============================================
  56:Drivers/STM32F0xx_HAL_Driver/Src/stm32f0xx_hal_dma.c ****      [..]
  57:Drivers/STM32F0xx_HAL_Driver/Src/stm32f0xx_hal_dma.c ****        Below the list of most used macros in DMA HAL driver.
  58:Drivers/STM32F0xx_HAL_Driver/Src/stm32f0xx_hal_dma.c **** 
  59:Drivers/STM32F0xx_HAL_Driver/Src/stm32f0xx_hal_dma.c ****      [..]
  60:Drivers/STM32F0xx_HAL_Driver/Src/stm32f0xx_hal_dma.c ****       (@) You can refer to the DMA HAL driver header file for more useful macros
  61:Drivers/STM32F0xx_HAL_Driver/Src/stm32f0xx_hal_dma.c **** 
  62:Drivers/STM32F0xx_HAL_Driver/Src/stm32f0xx_hal_dma.c ****   @endverbatim
  63:Drivers/STM32F0xx_HAL_Driver/Src/stm32f0xx_hal_dma.c ****   ******************************************************************************
  64:Drivers/STM32F0xx_HAL_Driver/Src/stm32f0xx_hal_dma.c ****   * @attention
  65:Drivers/STM32F0xx_HAL_Driver/Src/stm32f0xx_hal_dma.c ****   *
  66:Drivers/STM32F0xx_HAL_Driver/Src/stm32f0xx_hal_dma.c ****   * Copyright (c) 2016 STMicroelectronics.
  67:Drivers/STM32F0xx_HAL_Driver/Src/stm32f0xx_hal_dma.c ****   * All rights reserved.
  68:Drivers/STM32F0xx_HAL_Driver/Src/stm32f0xx_hal_dma.c ****   *
  69:Drivers/STM32F0xx_HAL_Driver/Src/stm32f0xx_hal_dma.c ****   * This software is licensed under terms that can be found in the LICENSE file in
  70:Drivers/STM32F0xx_HAL_Driver/Src/stm32f0xx_hal_dma.c ****   * the root directory of this software component.
  71:Drivers/STM32F0xx_HAL_Driver/Src/stm32f0xx_hal_dma.c ****   * If no LICENSE file comes with this software, it is provided AS-IS.
  72:Drivers/STM32F0xx_HAL_Driver/Src/stm32f0xx_hal_dma.c ****   *
  73:Drivers/STM32F0xx_HAL_Driver/Src/stm32f0xx_hal_dma.c ****   ******************************************************************************
  74:Drivers/STM32F0xx_HAL_Driver/Src/stm32f0xx_hal_dma.c ****   */
  75:Drivers/STM32F0xx_HAL_Driver/Src/stm32f0xx_hal_dma.c **** 
  76:Drivers/STM32F0xx_HAL_Driver/Src/stm32f0xx_hal_dma.c **** /* Includes ------------------------------------------------------------------*/
  77:Drivers/STM32F0xx_HAL_Driver/Src/stm32f0xx_hal_dma.c **** #include "stm32f0xx_hal.h"
  78:Drivers/STM32F0xx_HAL_Driver/Src/stm32f0xx_hal_dma.c **** 
  79:Drivers/STM32F0xx_HAL_Driver/Src/stm32f0xx_hal_dma.c **** /** @addtogroup STM32F0xx_HAL_Driver
  80:Drivers/STM32F0xx_HAL_Driver/Src/stm32f0xx_hal_dma.c ****   * @{
  81:Drivers/STM32F0xx_HAL_Driver/Src/stm32f0xx_hal_dma.c ****   */
  82:Drivers/STM32F0xx_HAL_Driver/Src/stm32f0xx_hal_dma.c **** 
  83:Drivers/STM32F0xx_HAL_Driver/Src/stm32f0xx_hal_dma.c **** 
  84:Drivers/STM32F0xx_HAL_Driver/Src/stm32f0xx_hal_dma.c **** /** @defgroup DMA DMA
  85:Drivers/STM32F0xx_HAL_Driver/Src/stm32f0xx_hal_dma.c ****   * @brief DMA HAL module driver
  86:Drivers/STM32F0xx_HAL_Driver/Src/stm32f0xx_hal_dma.c ****   * @{
  87:Drivers/STM32F0xx_HAL_Driver/Src/stm32f0xx_hal_dma.c ****   */
  88:Drivers/STM32F0xx_HAL_Driver/Src/stm32f0xx_hal_dma.c **** 
  89:Drivers/STM32F0xx_HAL_Driver/Src/stm32f0xx_hal_dma.c **** #ifdef HAL_DMA_MODULE_ENABLED
ARM GAS  /tmp/ccVarZPm.s 			page 3


  90:Drivers/STM32F0xx_HAL_Driver/Src/stm32f0xx_hal_dma.c **** 
  91:Drivers/STM32F0xx_HAL_Driver/Src/stm32f0xx_hal_dma.c **** /* Private typedef -----------------------------------------------------------*/
  92:Drivers/STM32F0xx_HAL_Driver/Src/stm32f0xx_hal_dma.c **** /* Private define ------------------------------------------------------------*/
  93:Drivers/STM32F0xx_HAL_Driver/Src/stm32f0xx_hal_dma.c **** /* Private macro -------------------------------------------------------------*/
  94:Drivers/STM32F0xx_HAL_Driver/Src/stm32f0xx_hal_dma.c **** /* Private variables ---------------------------------------------------------*/
  95:Drivers/STM32F0xx_HAL_Driver/Src/stm32f0xx_hal_dma.c **** /* Private function prototypes -----------------------------------------------*/
  96:Drivers/STM32F0xx_HAL_Driver/Src/stm32f0xx_hal_dma.c **** /** @defgroup DMA_Private_Functions DMA Private Functions
  97:Drivers/STM32F0xx_HAL_Driver/Src/stm32f0xx_hal_dma.c ****   * @{
  98:Drivers/STM32F0xx_HAL_Driver/Src/stm32f0xx_hal_dma.c ****   */
  99:Drivers/STM32F0xx_HAL_Driver/Src/stm32f0xx_hal_dma.c **** static void DMA_SetConfig(DMA_HandleTypeDef *hdma, uint32_t SrcAddress, uint32_t DstAddress, uint32
 100:Drivers/STM32F0xx_HAL_Driver/Src/stm32f0xx_hal_dma.c **** static void DMA_CalcBaseAndBitshift(DMA_HandleTypeDef *hdma);
 101:Drivers/STM32F0xx_HAL_Driver/Src/stm32f0xx_hal_dma.c **** /**
 102:Drivers/STM32F0xx_HAL_Driver/Src/stm32f0xx_hal_dma.c ****   * @}
 103:Drivers/STM32F0xx_HAL_Driver/Src/stm32f0xx_hal_dma.c ****   */
 104:Drivers/STM32F0xx_HAL_Driver/Src/stm32f0xx_hal_dma.c **** 
 105:Drivers/STM32F0xx_HAL_Driver/Src/stm32f0xx_hal_dma.c **** /* Exported functions ---------------------------------------------------------*/
 106:Drivers/STM32F0xx_HAL_Driver/Src/stm32f0xx_hal_dma.c **** 
 107:Drivers/STM32F0xx_HAL_Driver/Src/stm32f0xx_hal_dma.c **** /** @defgroup DMA_Exported_Functions DMA Exported Functions
 108:Drivers/STM32F0xx_HAL_Driver/Src/stm32f0xx_hal_dma.c ****   * @{
 109:Drivers/STM32F0xx_HAL_Driver/Src/stm32f0xx_hal_dma.c ****   */
 110:Drivers/STM32F0xx_HAL_Driver/Src/stm32f0xx_hal_dma.c **** 
 111:Drivers/STM32F0xx_HAL_Driver/Src/stm32f0xx_hal_dma.c **** /** @defgroup DMA_Exported_Functions_Group1 Initialization and de-initialization functions
 112:Drivers/STM32F0xx_HAL_Driver/Src/stm32f0xx_hal_dma.c ****  *  @brief   Initialization and de-initialization functions
 113:Drivers/STM32F0xx_HAL_Driver/Src/stm32f0xx_hal_dma.c ****  *
 114:Drivers/STM32F0xx_HAL_Driver/Src/stm32f0xx_hal_dma.c **** @verbatim
 115:Drivers/STM32F0xx_HAL_Driver/Src/stm32f0xx_hal_dma.c ****  ===============================================================================
 116:Drivers/STM32F0xx_HAL_Driver/Src/stm32f0xx_hal_dma.c ****              ##### Initialization and de-initialization functions  #####
 117:Drivers/STM32F0xx_HAL_Driver/Src/stm32f0xx_hal_dma.c ****  ===============================================================================
 118:Drivers/STM32F0xx_HAL_Driver/Src/stm32f0xx_hal_dma.c ****     [..]
 119:Drivers/STM32F0xx_HAL_Driver/Src/stm32f0xx_hal_dma.c ****     This section provides functions allowing to initialize the DMA Channel source
 120:Drivers/STM32F0xx_HAL_Driver/Src/stm32f0xx_hal_dma.c ****     and destination addresses, incrementation and data sizes, transfer direction,
 121:Drivers/STM32F0xx_HAL_Driver/Src/stm32f0xx_hal_dma.c ****     circular/normal mode selection, memory-to-memory mode selection and Channel priority value.
 122:Drivers/STM32F0xx_HAL_Driver/Src/stm32f0xx_hal_dma.c ****     [..]
 123:Drivers/STM32F0xx_HAL_Driver/Src/stm32f0xx_hal_dma.c ****     The HAL_DMA_Init() function follows the DMA configuration procedures as described in
 124:Drivers/STM32F0xx_HAL_Driver/Src/stm32f0xx_hal_dma.c ****     reference manual.
 125:Drivers/STM32F0xx_HAL_Driver/Src/stm32f0xx_hal_dma.c **** 
 126:Drivers/STM32F0xx_HAL_Driver/Src/stm32f0xx_hal_dma.c **** @endverbatim
 127:Drivers/STM32F0xx_HAL_Driver/Src/stm32f0xx_hal_dma.c ****   * @{
 128:Drivers/STM32F0xx_HAL_Driver/Src/stm32f0xx_hal_dma.c ****   */
 129:Drivers/STM32F0xx_HAL_Driver/Src/stm32f0xx_hal_dma.c **** 
 130:Drivers/STM32F0xx_HAL_Driver/Src/stm32f0xx_hal_dma.c **** /**
 131:Drivers/STM32F0xx_HAL_Driver/Src/stm32f0xx_hal_dma.c ****   * @brief  Initialize the DMA according to the specified
 132:Drivers/STM32F0xx_HAL_Driver/Src/stm32f0xx_hal_dma.c ****   *         parameters in the DMA_InitTypeDef and initialize the associated handle.
 133:Drivers/STM32F0xx_HAL_Driver/Src/stm32f0xx_hal_dma.c ****   * @param  hdma Pointer to a DMA_HandleTypeDef structure that contains
 134:Drivers/STM32F0xx_HAL_Driver/Src/stm32f0xx_hal_dma.c ****   *               the configuration information for the specified DMA Channel.
 135:Drivers/STM32F0xx_HAL_Driver/Src/stm32f0xx_hal_dma.c ****   * @retval HAL status
 136:Drivers/STM32F0xx_HAL_Driver/Src/stm32f0xx_hal_dma.c ****   */
 137:Drivers/STM32F0xx_HAL_Driver/Src/stm32f0xx_hal_dma.c **** HAL_StatusTypeDef HAL_DMA_Init(DMA_HandleTypeDef *hdma)
 138:Drivers/STM32F0xx_HAL_Driver/Src/stm32f0xx_hal_dma.c **** {
 139:Drivers/STM32F0xx_HAL_Driver/Src/stm32f0xx_hal_dma.c ****   uint32_t tmp = 0U;
 140:Drivers/STM32F0xx_HAL_Driver/Src/stm32f0xx_hal_dma.c **** 
 141:Drivers/STM32F0xx_HAL_Driver/Src/stm32f0xx_hal_dma.c ****   /* Check the DMA handle allocation */
 142:Drivers/STM32F0xx_HAL_Driver/Src/stm32f0xx_hal_dma.c ****   if (NULL == hdma)
 143:Drivers/STM32F0xx_HAL_Driver/Src/stm32f0xx_hal_dma.c ****   {
 144:Drivers/STM32F0xx_HAL_Driver/Src/stm32f0xx_hal_dma.c ****     return HAL_ERROR;
 145:Drivers/STM32F0xx_HAL_Driver/Src/stm32f0xx_hal_dma.c ****   }
 146:Drivers/STM32F0xx_HAL_Driver/Src/stm32f0xx_hal_dma.c **** 
ARM GAS  /tmp/ccVarZPm.s 			page 4


 147:Drivers/STM32F0xx_HAL_Driver/Src/stm32f0xx_hal_dma.c ****   /* Check the parameters */
 148:Drivers/STM32F0xx_HAL_Driver/Src/stm32f0xx_hal_dma.c ****   assert_param(IS_DMA_ALL_INSTANCE(hdma->Instance));
 149:Drivers/STM32F0xx_HAL_Driver/Src/stm32f0xx_hal_dma.c ****   assert_param(IS_DMA_DIRECTION(hdma->Init.Direction));
 150:Drivers/STM32F0xx_HAL_Driver/Src/stm32f0xx_hal_dma.c ****   assert_param(IS_DMA_PERIPHERAL_INC_STATE(hdma->Init.PeriphInc));
 151:Drivers/STM32F0xx_HAL_Driver/Src/stm32f0xx_hal_dma.c ****   assert_param(IS_DMA_MEMORY_INC_STATE(hdma->Init.MemInc));
 152:Drivers/STM32F0xx_HAL_Driver/Src/stm32f0xx_hal_dma.c ****   assert_param(IS_DMA_PERIPHERAL_DATA_SIZE(hdma->Init.PeriphDataAlignment));
 153:Drivers/STM32F0xx_HAL_Driver/Src/stm32f0xx_hal_dma.c ****   assert_param(IS_DMA_MEMORY_DATA_SIZE(hdma->Init.MemDataAlignment));
 154:Drivers/STM32F0xx_HAL_Driver/Src/stm32f0xx_hal_dma.c ****   assert_param(IS_DMA_MODE(hdma->Init.Mode));
 155:Drivers/STM32F0xx_HAL_Driver/Src/stm32f0xx_hal_dma.c ****   assert_param(IS_DMA_PRIORITY(hdma->Init.Priority));
 156:Drivers/STM32F0xx_HAL_Driver/Src/stm32f0xx_hal_dma.c **** 
 157:Drivers/STM32F0xx_HAL_Driver/Src/stm32f0xx_hal_dma.c ****   /* Change DMA peripheral state */
 158:Drivers/STM32F0xx_HAL_Driver/Src/stm32f0xx_hal_dma.c ****   hdma->State = HAL_DMA_STATE_BUSY;
 159:Drivers/STM32F0xx_HAL_Driver/Src/stm32f0xx_hal_dma.c **** 
 160:Drivers/STM32F0xx_HAL_Driver/Src/stm32f0xx_hal_dma.c ****   /* Get the CR register value */
 161:Drivers/STM32F0xx_HAL_Driver/Src/stm32f0xx_hal_dma.c ****   tmp = hdma->Instance->CCR;
 162:Drivers/STM32F0xx_HAL_Driver/Src/stm32f0xx_hal_dma.c **** 
 163:Drivers/STM32F0xx_HAL_Driver/Src/stm32f0xx_hal_dma.c ****   /* Clear PL, MSIZE, PSIZE, MINC, PINC, CIRC, DIR bits */
 164:Drivers/STM32F0xx_HAL_Driver/Src/stm32f0xx_hal_dma.c ****   tmp &= ((uint32_t)~(DMA_CCR_PL    | DMA_CCR_MSIZE  | DMA_CCR_PSIZE  | \
 165:Drivers/STM32F0xx_HAL_Driver/Src/stm32f0xx_hal_dma.c ****                       DMA_CCR_MINC  | DMA_CCR_PINC   | DMA_CCR_CIRC   | \
 166:Drivers/STM32F0xx_HAL_Driver/Src/stm32f0xx_hal_dma.c ****                       DMA_CCR_DIR));
 167:Drivers/STM32F0xx_HAL_Driver/Src/stm32f0xx_hal_dma.c **** 
 168:Drivers/STM32F0xx_HAL_Driver/Src/stm32f0xx_hal_dma.c ****   /* Prepare the DMA Channel configuration */
 169:Drivers/STM32F0xx_HAL_Driver/Src/stm32f0xx_hal_dma.c ****   tmp |=  hdma->Init.Direction        |
 170:Drivers/STM32F0xx_HAL_Driver/Src/stm32f0xx_hal_dma.c ****           hdma->Init.PeriphInc           | hdma->Init.MemInc           |
 171:Drivers/STM32F0xx_HAL_Driver/Src/stm32f0xx_hal_dma.c ****           hdma->Init.PeriphDataAlignment | hdma->Init.MemDataAlignment |
 172:Drivers/STM32F0xx_HAL_Driver/Src/stm32f0xx_hal_dma.c ****           hdma->Init.Mode                | hdma->Init.Priority;
 173:Drivers/STM32F0xx_HAL_Driver/Src/stm32f0xx_hal_dma.c **** 
 174:Drivers/STM32F0xx_HAL_Driver/Src/stm32f0xx_hal_dma.c ****   /* Write to DMA Channel CR register */
 175:Drivers/STM32F0xx_HAL_Driver/Src/stm32f0xx_hal_dma.c ****   hdma->Instance->CCR = tmp;
 176:Drivers/STM32F0xx_HAL_Driver/Src/stm32f0xx_hal_dma.c **** 
 177:Drivers/STM32F0xx_HAL_Driver/Src/stm32f0xx_hal_dma.c ****   /* Initialize DmaBaseAddress and ChannelIndex parameters used
 178:Drivers/STM32F0xx_HAL_Driver/Src/stm32f0xx_hal_dma.c ****      by HAL_DMA_IRQHandler() and HAL_DMA_PollForTransfer() */
 179:Drivers/STM32F0xx_HAL_Driver/Src/stm32f0xx_hal_dma.c ****   DMA_CalcBaseAndBitshift(hdma);
 180:Drivers/STM32F0xx_HAL_Driver/Src/stm32f0xx_hal_dma.c **** 
 181:Drivers/STM32F0xx_HAL_Driver/Src/stm32f0xx_hal_dma.c ****   /* Initialise the error code */
 182:Drivers/STM32F0xx_HAL_Driver/Src/stm32f0xx_hal_dma.c ****   hdma->ErrorCode = HAL_DMA_ERROR_NONE;
 183:Drivers/STM32F0xx_HAL_Driver/Src/stm32f0xx_hal_dma.c **** 
 184:Drivers/STM32F0xx_HAL_Driver/Src/stm32f0xx_hal_dma.c ****   /* Initialize the DMA state*/
 185:Drivers/STM32F0xx_HAL_Driver/Src/stm32f0xx_hal_dma.c ****   hdma->State = HAL_DMA_STATE_READY;
 186:Drivers/STM32F0xx_HAL_Driver/Src/stm32f0xx_hal_dma.c **** 
 187:Drivers/STM32F0xx_HAL_Driver/Src/stm32f0xx_hal_dma.c ****   /* Allocate lock resource and initialize it */
 188:Drivers/STM32F0xx_HAL_Driver/Src/stm32f0xx_hal_dma.c ****   hdma->Lock = HAL_UNLOCKED;
 189:Drivers/STM32F0xx_HAL_Driver/Src/stm32f0xx_hal_dma.c **** 
 190:Drivers/STM32F0xx_HAL_Driver/Src/stm32f0xx_hal_dma.c ****   return HAL_OK;
 191:Drivers/STM32F0xx_HAL_Driver/Src/stm32f0xx_hal_dma.c **** }
 192:Drivers/STM32F0xx_HAL_Driver/Src/stm32f0xx_hal_dma.c **** 
 193:Drivers/STM32F0xx_HAL_Driver/Src/stm32f0xx_hal_dma.c **** /**
 194:Drivers/STM32F0xx_HAL_Driver/Src/stm32f0xx_hal_dma.c ****   * @brief  DeInitialize the DMA peripheral
 195:Drivers/STM32F0xx_HAL_Driver/Src/stm32f0xx_hal_dma.c ****   * @param  hdma pointer to a DMA_HandleTypeDef structure that contains
 196:Drivers/STM32F0xx_HAL_Driver/Src/stm32f0xx_hal_dma.c ****   *               the configuration information for the specified DMA Channel.
 197:Drivers/STM32F0xx_HAL_Driver/Src/stm32f0xx_hal_dma.c ****   * @retval HAL status
 198:Drivers/STM32F0xx_HAL_Driver/Src/stm32f0xx_hal_dma.c ****   */
 199:Drivers/STM32F0xx_HAL_Driver/Src/stm32f0xx_hal_dma.c **** HAL_StatusTypeDef HAL_DMA_DeInit(DMA_HandleTypeDef *hdma)
 200:Drivers/STM32F0xx_HAL_Driver/Src/stm32f0xx_hal_dma.c **** {
 201:Drivers/STM32F0xx_HAL_Driver/Src/stm32f0xx_hal_dma.c ****   /* Check the DMA handle allocation */
 202:Drivers/STM32F0xx_HAL_Driver/Src/stm32f0xx_hal_dma.c ****   if (NULL == hdma)
 203:Drivers/STM32F0xx_HAL_Driver/Src/stm32f0xx_hal_dma.c ****   {
ARM GAS  /tmp/ccVarZPm.s 			page 5


 204:Drivers/STM32F0xx_HAL_Driver/Src/stm32f0xx_hal_dma.c ****     return HAL_ERROR;
 205:Drivers/STM32F0xx_HAL_Driver/Src/stm32f0xx_hal_dma.c ****   }
 206:Drivers/STM32F0xx_HAL_Driver/Src/stm32f0xx_hal_dma.c **** 
 207:Drivers/STM32F0xx_HAL_Driver/Src/stm32f0xx_hal_dma.c ****   /* Check the parameters */
 208:Drivers/STM32F0xx_HAL_Driver/Src/stm32f0xx_hal_dma.c ****   assert_param(IS_DMA_ALL_INSTANCE(hdma->Instance));
 209:Drivers/STM32F0xx_HAL_Driver/Src/stm32f0xx_hal_dma.c **** 
 210:Drivers/STM32F0xx_HAL_Driver/Src/stm32f0xx_hal_dma.c ****   /* Disable the selected DMA Channelx */
 211:Drivers/STM32F0xx_HAL_Driver/Src/stm32f0xx_hal_dma.c ****   hdma->Instance->CCR &= ~DMA_CCR_EN;
 212:Drivers/STM32F0xx_HAL_Driver/Src/stm32f0xx_hal_dma.c **** 
 213:Drivers/STM32F0xx_HAL_Driver/Src/stm32f0xx_hal_dma.c ****   /* Reset DMA Channel control register */
 214:Drivers/STM32F0xx_HAL_Driver/Src/stm32f0xx_hal_dma.c ****   hdma->Instance->CCR  = 0U;
 215:Drivers/STM32F0xx_HAL_Driver/Src/stm32f0xx_hal_dma.c **** 
 216:Drivers/STM32F0xx_HAL_Driver/Src/stm32f0xx_hal_dma.c ****   /* Reset DMA Channel Number of Data to Transfer register */
 217:Drivers/STM32F0xx_HAL_Driver/Src/stm32f0xx_hal_dma.c ****   hdma->Instance->CNDTR = 0U;
 218:Drivers/STM32F0xx_HAL_Driver/Src/stm32f0xx_hal_dma.c **** 
 219:Drivers/STM32F0xx_HAL_Driver/Src/stm32f0xx_hal_dma.c ****   /* Reset DMA Channel peripheral address register */
 220:Drivers/STM32F0xx_HAL_Driver/Src/stm32f0xx_hal_dma.c ****   hdma->Instance->CPAR  = 0U;
 221:Drivers/STM32F0xx_HAL_Driver/Src/stm32f0xx_hal_dma.c **** 
 222:Drivers/STM32F0xx_HAL_Driver/Src/stm32f0xx_hal_dma.c ****   /* Reset DMA Channel memory address register */
 223:Drivers/STM32F0xx_HAL_Driver/Src/stm32f0xx_hal_dma.c ****   hdma->Instance->CMAR = 0U;
 224:Drivers/STM32F0xx_HAL_Driver/Src/stm32f0xx_hal_dma.c **** 
 225:Drivers/STM32F0xx_HAL_Driver/Src/stm32f0xx_hal_dma.c ****   /* Get DMA Base Address */
 226:Drivers/STM32F0xx_HAL_Driver/Src/stm32f0xx_hal_dma.c ****   DMA_CalcBaseAndBitshift(hdma);
 227:Drivers/STM32F0xx_HAL_Driver/Src/stm32f0xx_hal_dma.c **** 
 228:Drivers/STM32F0xx_HAL_Driver/Src/stm32f0xx_hal_dma.c ****   /* Clear all flags */
 229:Drivers/STM32F0xx_HAL_Driver/Src/stm32f0xx_hal_dma.c ****   hdma->DmaBaseAddress->IFCR = DMA_FLAG_GL1 << hdma->ChannelIndex;
 230:Drivers/STM32F0xx_HAL_Driver/Src/stm32f0xx_hal_dma.c **** 
 231:Drivers/STM32F0xx_HAL_Driver/Src/stm32f0xx_hal_dma.c ****   /* Clean callbacks */
 232:Drivers/STM32F0xx_HAL_Driver/Src/stm32f0xx_hal_dma.c ****   hdma->XferCpltCallback = NULL;
 233:Drivers/STM32F0xx_HAL_Driver/Src/stm32f0xx_hal_dma.c ****   hdma->XferHalfCpltCallback = NULL;
 234:Drivers/STM32F0xx_HAL_Driver/Src/stm32f0xx_hal_dma.c ****   hdma->XferErrorCallback = NULL;
 235:Drivers/STM32F0xx_HAL_Driver/Src/stm32f0xx_hal_dma.c ****   hdma->XferAbortCallback = NULL;
 236:Drivers/STM32F0xx_HAL_Driver/Src/stm32f0xx_hal_dma.c **** 
 237:Drivers/STM32F0xx_HAL_Driver/Src/stm32f0xx_hal_dma.c ****   /* Reset the error code */
 238:Drivers/STM32F0xx_HAL_Driver/Src/stm32f0xx_hal_dma.c ****   hdma->ErrorCode = HAL_DMA_ERROR_NONE;
 239:Drivers/STM32F0xx_HAL_Driver/Src/stm32f0xx_hal_dma.c **** 
 240:Drivers/STM32F0xx_HAL_Driver/Src/stm32f0xx_hal_dma.c ****   /* Reset the DMA state */
 241:Drivers/STM32F0xx_HAL_Driver/Src/stm32f0xx_hal_dma.c ****   hdma->State = HAL_DMA_STATE_RESET;
 242:Drivers/STM32F0xx_HAL_Driver/Src/stm32f0xx_hal_dma.c **** 
 243:Drivers/STM32F0xx_HAL_Driver/Src/stm32f0xx_hal_dma.c ****   /* Release Lock */
 244:Drivers/STM32F0xx_HAL_Driver/Src/stm32f0xx_hal_dma.c ****   __HAL_UNLOCK(hdma);
 245:Drivers/STM32F0xx_HAL_Driver/Src/stm32f0xx_hal_dma.c **** 
 246:Drivers/STM32F0xx_HAL_Driver/Src/stm32f0xx_hal_dma.c ****   return HAL_OK;
 247:Drivers/STM32F0xx_HAL_Driver/Src/stm32f0xx_hal_dma.c **** }
 248:Drivers/STM32F0xx_HAL_Driver/Src/stm32f0xx_hal_dma.c **** 
 249:Drivers/STM32F0xx_HAL_Driver/Src/stm32f0xx_hal_dma.c **** /**
 250:Drivers/STM32F0xx_HAL_Driver/Src/stm32f0xx_hal_dma.c ****   * @}
 251:Drivers/STM32F0xx_HAL_Driver/Src/stm32f0xx_hal_dma.c ****   */
 252:Drivers/STM32F0xx_HAL_Driver/Src/stm32f0xx_hal_dma.c **** 
 253:Drivers/STM32F0xx_HAL_Driver/Src/stm32f0xx_hal_dma.c **** /** @defgroup DMA_Exported_Functions_Group2 Input and Output operation functions
 254:Drivers/STM32F0xx_HAL_Driver/Src/stm32f0xx_hal_dma.c ****  *  @brief   I/O operation functions
 255:Drivers/STM32F0xx_HAL_Driver/Src/stm32f0xx_hal_dma.c ****  *
 256:Drivers/STM32F0xx_HAL_Driver/Src/stm32f0xx_hal_dma.c **** @verbatim
 257:Drivers/STM32F0xx_HAL_Driver/Src/stm32f0xx_hal_dma.c ****  ===============================================================================
 258:Drivers/STM32F0xx_HAL_Driver/Src/stm32f0xx_hal_dma.c ****                       #####  IO operation functions  #####
 259:Drivers/STM32F0xx_HAL_Driver/Src/stm32f0xx_hal_dma.c ****  ===============================================================================
 260:Drivers/STM32F0xx_HAL_Driver/Src/stm32f0xx_hal_dma.c ****     [..]  This section provides functions allowing to:
ARM GAS  /tmp/ccVarZPm.s 			page 6


 261:Drivers/STM32F0xx_HAL_Driver/Src/stm32f0xx_hal_dma.c ****       (+) Configure the source, destination address and data length and Start DMA transfer
 262:Drivers/STM32F0xx_HAL_Driver/Src/stm32f0xx_hal_dma.c ****       (+) Configure the source, destination address and data length and
 263:Drivers/STM32F0xx_HAL_Driver/Src/stm32f0xx_hal_dma.c ****           Start DMA transfer with interrupt
 264:Drivers/STM32F0xx_HAL_Driver/Src/stm32f0xx_hal_dma.c ****       (+) Abort DMA transfer
 265:Drivers/STM32F0xx_HAL_Driver/Src/stm32f0xx_hal_dma.c ****       (+) Poll for transfer complete
 266:Drivers/STM32F0xx_HAL_Driver/Src/stm32f0xx_hal_dma.c ****       (+) Handle DMA interrupt request
 267:Drivers/STM32F0xx_HAL_Driver/Src/stm32f0xx_hal_dma.c **** 
 268:Drivers/STM32F0xx_HAL_Driver/Src/stm32f0xx_hal_dma.c **** @endverbatim
 269:Drivers/STM32F0xx_HAL_Driver/Src/stm32f0xx_hal_dma.c ****   * @{
 270:Drivers/STM32F0xx_HAL_Driver/Src/stm32f0xx_hal_dma.c ****   */
 271:Drivers/STM32F0xx_HAL_Driver/Src/stm32f0xx_hal_dma.c **** 
 272:Drivers/STM32F0xx_HAL_Driver/Src/stm32f0xx_hal_dma.c **** /**
 273:Drivers/STM32F0xx_HAL_Driver/Src/stm32f0xx_hal_dma.c ****   * @brief  Start the DMA Transfer.
 274:Drivers/STM32F0xx_HAL_Driver/Src/stm32f0xx_hal_dma.c ****   * @param  hdma pointer to a DMA_HandleTypeDef structure that contains
 275:Drivers/STM32F0xx_HAL_Driver/Src/stm32f0xx_hal_dma.c ****   *              the configuration information for the specified DMA Channel.
 276:Drivers/STM32F0xx_HAL_Driver/Src/stm32f0xx_hal_dma.c ****   * @param  SrcAddress The source memory Buffer address
 277:Drivers/STM32F0xx_HAL_Driver/Src/stm32f0xx_hal_dma.c ****   * @param  DstAddress The destination memory Buffer address
 278:Drivers/STM32F0xx_HAL_Driver/Src/stm32f0xx_hal_dma.c ****   * @param  DataLength The length of data to be transferred from source to destination
 279:Drivers/STM32F0xx_HAL_Driver/Src/stm32f0xx_hal_dma.c ****   * @retval HAL status
 280:Drivers/STM32F0xx_HAL_Driver/Src/stm32f0xx_hal_dma.c ****   */
 281:Drivers/STM32F0xx_HAL_Driver/Src/stm32f0xx_hal_dma.c **** HAL_StatusTypeDef HAL_DMA_Start(DMA_HandleTypeDef *hdma, uint32_t SrcAddress, uint32_t DstAddress, 
 282:Drivers/STM32F0xx_HAL_Driver/Src/stm32f0xx_hal_dma.c **** {
 283:Drivers/STM32F0xx_HAL_Driver/Src/stm32f0xx_hal_dma.c ****   HAL_StatusTypeDef status = HAL_OK;
 284:Drivers/STM32F0xx_HAL_Driver/Src/stm32f0xx_hal_dma.c **** 
 285:Drivers/STM32F0xx_HAL_Driver/Src/stm32f0xx_hal_dma.c ****   /* Check the parameters */
 286:Drivers/STM32F0xx_HAL_Driver/Src/stm32f0xx_hal_dma.c ****   assert_param(IS_DMA_BUFFER_SIZE(DataLength));
 287:Drivers/STM32F0xx_HAL_Driver/Src/stm32f0xx_hal_dma.c **** 
 288:Drivers/STM32F0xx_HAL_Driver/Src/stm32f0xx_hal_dma.c ****   /* Process locked */
 289:Drivers/STM32F0xx_HAL_Driver/Src/stm32f0xx_hal_dma.c ****   __HAL_LOCK(hdma);
 290:Drivers/STM32F0xx_HAL_Driver/Src/stm32f0xx_hal_dma.c **** 
 291:Drivers/STM32F0xx_HAL_Driver/Src/stm32f0xx_hal_dma.c ****   if (HAL_DMA_STATE_READY == hdma->State)
 292:Drivers/STM32F0xx_HAL_Driver/Src/stm32f0xx_hal_dma.c ****   {
 293:Drivers/STM32F0xx_HAL_Driver/Src/stm32f0xx_hal_dma.c ****     /* Change DMA peripheral state */
 294:Drivers/STM32F0xx_HAL_Driver/Src/stm32f0xx_hal_dma.c ****     hdma->State = HAL_DMA_STATE_BUSY;
 295:Drivers/STM32F0xx_HAL_Driver/Src/stm32f0xx_hal_dma.c **** 
 296:Drivers/STM32F0xx_HAL_Driver/Src/stm32f0xx_hal_dma.c ****     hdma->ErrorCode = HAL_DMA_ERROR_NONE;
 297:Drivers/STM32F0xx_HAL_Driver/Src/stm32f0xx_hal_dma.c **** 
 298:Drivers/STM32F0xx_HAL_Driver/Src/stm32f0xx_hal_dma.c ****     /* Disable the peripheral */
 299:Drivers/STM32F0xx_HAL_Driver/Src/stm32f0xx_hal_dma.c ****     hdma->Instance->CCR &= ~DMA_CCR_EN;
 300:Drivers/STM32F0xx_HAL_Driver/Src/stm32f0xx_hal_dma.c **** 
 301:Drivers/STM32F0xx_HAL_Driver/Src/stm32f0xx_hal_dma.c ****     /* Configure the source, destination address and the data length */
 302:Drivers/STM32F0xx_HAL_Driver/Src/stm32f0xx_hal_dma.c ****     DMA_SetConfig(hdma, SrcAddress, DstAddress, DataLength);
 303:Drivers/STM32F0xx_HAL_Driver/Src/stm32f0xx_hal_dma.c **** 
 304:Drivers/STM32F0xx_HAL_Driver/Src/stm32f0xx_hal_dma.c ****     /* Enable the Peripheral */
 305:Drivers/STM32F0xx_HAL_Driver/Src/stm32f0xx_hal_dma.c ****     hdma->Instance->CCR |= DMA_CCR_EN;
 306:Drivers/STM32F0xx_HAL_Driver/Src/stm32f0xx_hal_dma.c ****   }
 307:Drivers/STM32F0xx_HAL_Driver/Src/stm32f0xx_hal_dma.c ****   else
 308:Drivers/STM32F0xx_HAL_Driver/Src/stm32f0xx_hal_dma.c ****   {
 309:Drivers/STM32F0xx_HAL_Driver/Src/stm32f0xx_hal_dma.c ****     /* Process Unlocked */
 310:Drivers/STM32F0xx_HAL_Driver/Src/stm32f0xx_hal_dma.c ****     __HAL_UNLOCK(hdma);
 311:Drivers/STM32F0xx_HAL_Driver/Src/stm32f0xx_hal_dma.c **** 
 312:Drivers/STM32F0xx_HAL_Driver/Src/stm32f0xx_hal_dma.c ****     /* Remain BUSY */
 313:Drivers/STM32F0xx_HAL_Driver/Src/stm32f0xx_hal_dma.c ****     status = HAL_BUSY;
 314:Drivers/STM32F0xx_HAL_Driver/Src/stm32f0xx_hal_dma.c ****   }
 315:Drivers/STM32F0xx_HAL_Driver/Src/stm32f0xx_hal_dma.c **** 
 316:Drivers/STM32F0xx_HAL_Driver/Src/stm32f0xx_hal_dma.c ****   return status;
 317:Drivers/STM32F0xx_HAL_Driver/Src/stm32f0xx_hal_dma.c **** }
ARM GAS  /tmp/ccVarZPm.s 			page 7


 318:Drivers/STM32F0xx_HAL_Driver/Src/stm32f0xx_hal_dma.c **** 
 319:Drivers/STM32F0xx_HAL_Driver/Src/stm32f0xx_hal_dma.c **** /**
 320:Drivers/STM32F0xx_HAL_Driver/Src/stm32f0xx_hal_dma.c ****   * @brief  Start the DMA Transfer with interrupt enabled.
 321:Drivers/STM32F0xx_HAL_Driver/Src/stm32f0xx_hal_dma.c ****   * @param  hdma       pointer to a DMA_HandleTypeDef structure that contains
 322:Drivers/STM32F0xx_HAL_Driver/Src/stm32f0xx_hal_dma.c ****   *                     the configuration information for the specified DMA Channel.
 323:Drivers/STM32F0xx_HAL_Driver/Src/stm32f0xx_hal_dma.c ****   * @param  SrcAddress The source memory Buffer address
 324:Drivers/STM32F0xx_HAL_Driver/Src/stm32f0xx_hal_dma.c ****   * @param  DstAddress The destination memory Buffer address
 325:Drivers/STM32F0xx_HAL_Driver/Src/stm32f0xx_hal_dma.c ****   * @param  DataLength The length of data to be transferred from source to destination
 326:Drivers/STM32F0xx_HAL_Driver/Src/stm32f0xx_hal_dma.c ****   * @retval HAL status
 327:Drivers/STM32F0xx_HAL_Driver/Src/stm32f0xx_hal_dma.c ****   */
 328:Drivers/STM32F0xx_HAL_Driver/Src/stm32f0xx_hal_dma.c **** HAL_StatusTypeDef HAL_DMA_Start_IT(DMA_HandleTypeDef *hdma, uint32_t SrcAddress, uint32_t DstAddres
 329:Drivers/STM32F0xx_HAL_Driver/Src/stm32f0xx_hal_dma.c **** {
 330:Drivers/STM32F0xx_HAL_Driver/Src/stm32f0xx_hal_dma.c ****   HAL_StatusTypeDef status = HAL_OK;
 331:Drivers/STM32F0xx_HAL_Driver/Src/stm32f0xx_hal_dma.c **** 
 332:Drivers/STM32F0xx_HAL_Driver/Src/stm32f0xx_hal_dma.c ****   /* Check the parameters */
 333:Drivers/STM32F0xx_HAL_Driver/Src/stm32f0xx_hal_dma.c ****   assert_param(IS_DMA_BUFFER_SIZE(DataLength));
 334:Drivers/STM32F0xx_HAL_Driver/Src/stm32f0xx_hal_dma.c **** 
 335:Drivers/STM32F0xx_HAL_Driver/Src/stm32f0xx_hal_dma.c ****   /* Process locked */
 336:Drivers/STM32F0xx_HAL_Driver/Src/stm32f0xx_hal_dma.c ****   __HAL_LOCK(hdma);
 337:Drivers/STM32F0xx_HAL_Driver/Src/stm32f0xx_hal_dma.c **** 
 338:Drivers/STM32F0xx_HAL_Driver/Src/stm32f0xx_hal_dma.c ****   if (HAL_DMA_STATE_READY == hdma->State)
 339:Drivers/STM32F0xx_HAL_Driver/Src/stm32f0xx_hal_dma.c ****   {
 340:Drivers/STM32F0xx_HAL_Driver/Src/stm32f0xx_hal_dma.c ****     /* Change DMA peripheral state */
 341:Drivers/STM32F0xx_HAL_Driver/Src/stm32f0xx_hal_dma.c ****     hdma->State = HAL_DMA_STATE_BUSY;
 342:Drivers/STM32F0xx_HAL_Driver/Src/stm32f0xx_hal_dma.c **** 
 343:Drivers/STM32F0xx_HAL_Driver/Src/stm32f0xx_hal_dma.c ****     hdma->ErrorCode = HAL_DMA_ERROR_NONE;
 344:Drivers/STM32F0xx_HAL_Driver/Src/stm32f0xx_hal_dma.c **** 
 345:Drivers/STM32F0xx_HAL_Driver/Src/stm32f0xx_hal_dma.c ****     /* Disable the peripheral */
 346:Drivers/STM32F0xx_HAL_Driver/Src/stm32f0xx_hal_dma.c ****     hdma->Instance->CCR &= ~DMA_CCR_EN;
 347:Drivers/STM32F0xx_HAL_Driver/Src/stm32f0xx_hal_dma.c **** 
 348:Drivers/STM32F0xx_HAL_Driver/Src/stm32f0xx_hal_dma.c ****     /* Configure the source, destination address and the data length */
 349:Drivers/STM32F0xx_HAL_Driver/Src/stm32f0xx_hal_dma.c ****     DMA_SetConfig(hdma, SrcAddress, DstAddress, DataLength);
 350:Drivers/STM32F0xx_HAL_Driver/Src/stm32f0xx_hal_dma.c **** 
 351:Drivers/STM32F0xx_HAL_Driver/Src/stm32f0xx_hal_dma.c ****     /* Enable the transfer complete, & transfer error interrupts */
 352:Drivers/STM32F0xx_HAL_Driver/Src/stm32f0xx_hal_dma.c ****     /* Half transfer interrupt is optional: enable it only if associated callback is available */
 353:Drivers/STM32F0xx_HAL_Driver/Src/stm32f0xx_hal_dma.c ****     if (NULL != hdma->XferHalfCpltCallback)
 354:Drivers/STM32F0xx_HAL_Driver/Src/stm32f0xx_hal_dma.c ****     {
 355:Drivers/STM32F0xx_HAL_Driver/Src/stm32f0xx_hal_dma.c ****       hdma->Instance->CCR |= (DMA_IT_TC | DMA_IT_HT | DMA_IT_TE);
 356:Drivers/STM32F0xx_HAL_Driver/Src/stm32f0xx_hal_dma.c ****     }
 357:Drivers/STM32F0xx_HAL_Driver/Src/stm32f0xx_hal_dma.c ****     else
 358:Drivers/STM32F0xx_HAL_Driver/Src/stm32f0xx_hal_dma.c ****     {
 359:Drivers/STM32F0xx_HAL_Driver/Src/stm32f0xx_hal_dma.c ****       hdma->Instance->CCR |= (DMA_IT_TC | DMA_IT_TE);
 360:Drivers/STM32F0xx_HAL_Driver/Src/stm32f0xx_hal_dma.c ****       hdma->Instance->CCR &= ~DMA_IT_HT;
 361:Drivers/STM32F0xx_HAL_Driver/Src/stm32f0xx_hal_dma.c ****     }
 362:Drivers/STM32F0xx_HAL_Driver/Src/stm32f0xx_hal_dma.c **** 
 363:Drivers/STM32F0xx_HAL_Driver/Src/stm32f0xx_hal_dma.c ****     /* Enable the Peripheral */
 364:Drivers/STM32F0xx_HAL_Driver/Src/stm32f0xx_hal_dma.c ****     hdma->Instance->CCR |= DMA_CCR_EN;
 365:Drivers/STM32F0xx_HAL_Driver/Src/stm32f0xx_hal_dma.c ****   }
 366:Drivers/STM32F0xx_HAL_Driver/Src/stm32f0xx_hal_dma.c ****   else
 367:Drivers/STM32F0xx_HAL_Driver/Src/stm32f0xx_hal_dma.c ****   {
 368:Drivers/STM32F0xx_HAL_Driver/Src/stm32f0xx_hal_dma.c ****     /* Process Unlocked */
 369:Drivers/STM32F0xx_HAL_Driver/Src/stm32f0xx_hal_dma.c ****     __HAL_UNLOCK(hdma);
 370:Drivers/STM32F0xx_HAL_Driver/Src/stm32f0xx_hal_dma.c **** 
 371:Drivers/STM32F0xx_HAL_Driver/Src/stm32f0xx_hal_dma.c ****     /* Remain BUSY */
 372:Drivers/STM32F0xx_HAL_Driver/Src/stm32f0xx_hal_dma.c ****     status = HAL_BUSY;
 373:Drivers/STM32F0xx_HAL_Driver/Src/stm32f0xx_hal_dma.c ****   }
 374:Drivers/STM32F0xx_HAL_Driver/Src/stm32f0xx_hal_dma.c **** 
ARM GAS  /tmp/ccVarZPm.s 			page 8


 375:Drivers/STM32F0xx_HAL_Driver/Src/stm32f0xx_hal_dma.c ****   return status;
 376:Drivers/STM32F0xx_HAL_Driver/Src/stm32f0xx_hal_dma.c **** }
 377:Drivers/STM32F0xx_HAL_Driver/Src/stm32f0xx_hal_dma.c **** 
 378:Drivers/STM32F0xx_HAL_Driver/Src/stm32f0xx_hal_dma.c **** /**
 379:Drivers/STM32F0xx_HAL_Driver/Src/stm32f0xx_hal_dma.c ****   * @brief  Abort the DMA Transfer.
 380:Drivers/STM32F0xx_HAL_Driver/Src/stm32f0xx_hal_dma.c ****   * @param  hdma  pointer to a DMA_HandleTypeDef structure that contains
 381:Drivers/STM32F0xx_HAL_Driver/Src/stm32f0xx_hal_dma.c ****   *               the configuration information for the specified DMA Channel.
 382:Drivers/STM32F0xx_HAL_Driver/Src/stm32f0xx_hal_dma.c ****   * @retval HAL status
 383:Drivers/STM32F0xx_HAL_Driver/Src/stm32f0xx_hal_dma.c ****   */
 384:Drivers/STM32F0xx_HAL_Driver/Src/stm32f0xx_hal_dma.c **** HAL_StatusTypeDef HAL_DMA_Abort(DMA_HandleTypeDef *hdma)
 385:Drivers/STM32F0xx_HAL_Driver/Src/stm32f0xx_hal_dma.c **** {
 386:Drivers/STM32F0xx_HAL_Driver/Src/stm32f0xx_hal_dma.c ****   if (hdma->State != HAL_DMA_STATE_BUSY)
 387:Drivers/STM32F0xx_HAL_Driver/Src/stm32f0xx_hal_dma.c ****   {
 388:Drivers/STM32F0xx_HAL_Driver/Src/stm32f0xx_hal_dma.c ****     /* no transfer ongoing */
 389:Drivers/STM32F0xx_HAL_Driver/Src/stm32f0xx_hal_dma.c ****     hdma->ErrorCode = HAL_DMA_ERROR_NO_XFER;
 390:Drivers/STM32F0xx_HAL_Driver/Src/stm32f0xx_hal_dma.c **** 
 391:Drivers/STM32F0xx_HAL_Driver/Src/stm32f0xx_hal_dma.c ****     /* Process Unlocked */
 392:Drivers/STM32F0xx_HAL_Driver/Src/stm32f0xx_hal_dma.c ****     __HAL_UNLOCK(hdma);
 393:Drivers/STM32F0xx_HAL_Driver/Src/stm32f0xx_hal_dma.c **** 
 394:Drivers/STM32F0xx_HAL_Driver/Src/stm32f0xx_hal_dma.c ****     return HAL_ERROR;
 395:Drivers/STM32F0xx_HAL_Driver/Src/stm32f0xx_hal_dma.c ****   }
 396:Drivers/STM32F0xx_HAL_Driver/Src/stm32f0xx_hal_dma.c ****   else
 397:Drivers/STM32F0xx_HAL_Driver/Src/stm32f0xx_hal_dma.c ****   {
 398:Drivers/STM32F0xx_HAL_Driver/Src/stm32f0xx_hal_dma.c ****     /* Disable DMA IT */
 399:Drivers/STM32F0xx_HAL_Driver/Src/stm32f0xx_hal_dma.c ****     hdma->Instance->CCR &= ~(DMA_IT_TC | DMA_IT_HT | DMA_IT_TE);
 400:Drivers/STM32F0xx_HAL_Driver/Src/stm32f0xx_hal_dma.c **** 
 401:Drivers/STM32F0xx_HAL_Driver/Src/stm32f0xx_hal_dma.c ****     /* Disable the channel */
 402:Drivers/STM32F0xx_HAL_Driver/Src/stm32f0xx_hal_dma.c ****     hdma->Instance->CCR &= ~DMA_CCR_EN;
 403:Drivers/STM32F0xx_HAL_Driver/Src/stm32f0xx_hal_dma.c **** 
 404:Drivers/STM32F0xx_HAL_Driver/Src/stm32f0xx_hal_dma.c ****     /* Clear all flags */
 405:Drivers/STM32F0xx_HAL_Driver/Src/stm32f0xx_hal_dma.c ****     hdma->DmaBaseAddress->IFCR = (DMA_FLAG_GL1 << hdma->ChannelIndex);
 406:Drivers/STM32F0xx_HAL_Driver/Src/stm32f0xx_hal_dma.c ****   }
 407:Drivers/STM32F0xx_HAL_Driver/Src/stm32f0xx_hal_dma.c ****   /* Change the DMA state*/
 408:Drivers/STM32F0xx_HAL_Driver/Src/stm32f0xx_hal_dma.c ****   hdma->State = HAL_DMA_STATE_READY;
 409:Drivers/STM32F0xx_HAL_Driver/Src/stm32f0xx_hal_dma.c **** 
 410:Drivers/STM32F0xx_HAL_Driver/Src/stm32f0xx_hal_dma.c ****   /* Process Unlocked */
 411:Drivers/STM32F0xx_HAL_Driver/Src/stm32f0xx_hal_dma.c ****   __HAL_UNLOCK(hdma);
 412:Drivers/STM32F0xx_HAL_Driver/Src/stm32f0xx_hal_dma.c **** 
 413:Drivers/STM32F0xx_HAL_Driver/Src/stm32f0xx_hal_dma.c ****   return HAL_OK;
 414:Drivers/STM32F0xx_HAL_Driver/Src/stm32f0xx_hal_dma.c **** }
 415:Drivers/STM32F0xx_HAL_Driver/Src/stm32f0xx_hal_dma.c **** 
 416:Drivers/STM32F0xx_HAL_Driver/Src/stm32f0xx_hal_dma.c **** /**
 417:Drivers/STM32F0xx_HAL_Driver/Src/stm32f0xx_hal_dma.c ****   * @brief  Abort the DMA Transfer in Interrupt mode.
 418:Drivers/STM32F0xx_HAL_Driver/Src/stm32f0xx_hal_dma.c ****   * @param  hdma  pointer to a DMA_HandleTypeDef structure that contains
 419:Drivers/STM32F0xx_HAL_Driver/Src/stm32f0xx_hal_dma.c ****   *               the configuration information for the specified DMA Stream.
 420:Drivers/STM32F0xx_HAL_Driver/Src/stm32f0xx_hal_dma.c ****   * @retval HAL status
 421:Drivers/STM32F0xx_HAL_Driver/Src/stm32f0xx_hal_dma.c ****   */
 422:Drivers/STM32F0xx_HAL_Driver/Src/stm32f0xx_hal_dma.c **** HAL_StatusTypeDef HAL_DMA_Abort_IT(DMA_HandleTypeDef *hdma)
 423:Drivers/STM32F0xx_HAL_Driver/Src/stm32f0xx_hal_dma.c **** {
 424:Drivers/STM32F0xx_HAL_Driver/Src/stm32f0xx_hal_dma.c ****   HAL_StatusTypeDef status = HAL_OK;
 425:Drivers/STM32F0xx_HAL_Driver/Src/stm32f0xx_hal_dma.c **** 
 426:Drivers/STM32F0xx_HAL_Driver/Src/stm32f0xx_hal_dma.c ****   if (HAL_DMA_STATE_BUSY != hdma->State)
 427:Drivers/STM32F0xx_HAL_Driver/Src/stm32f0xx_hal_dma.c ****   {
 428:Drivers/STM32F0xx_HAL_Driver/Src/stm32f0xx_hal_dma.c ****     /* no transfer ongoing */
 429:Drivers/STM32F0xx_HAL_Driver/Src/stm32f0xx_hal_dma.c ****     hdma->ErrorCode = HAL_DMA_ERROR_NO_XFER;
 430:Drivers/STM32F0xx_HAL_Driver/Src/stm32f0xx_hal_dma.c **** 
 431:Drivers/STM32F0xx_HAL_Driver/Src/stm32f0xx_hal_dma.c ****     status = HAL_ERROR;
ARM GAS  /tmp/ccVarZPm.s 			page 9


 432:Drivers/STM32F0xx_HAL_Driver/Src/stm32f0xx_hal_dma.c ****   }
 433:Drivers/STM32F0xx_HAL_Driver/Src/stm32f0xx_hal_dma.c ****   else
 434:Drivers/STM32F0xx_HAL_Driver/Src/stm32f0xx_hal_dma.c ****   {
 435:Drivers/STM32F0xx_HAL_Driver/Src/stm32f0xx_hal_dma.c **** 
 436:Drivers/STM32F0xx_HAL_Driver/Src/stm32f0xx_hal_dma.c ****     /* Disable DMA IT */
 437:Drivers/STM32F0xx_HAL_Driver/Src/stm32f0xx_hal_dma.c ****     hdma->Instance->CCR &= ~(DMA_IT_TC | DMA_IT_HT | DMA_IT_TE);
 438:Drivers/STM32F0xx_HAL_Driver/Src/stm32f0xx_hal_dma.c **** 
 439:Drivers/STM32F0xx_HAL_Driver/Src/stm32f0xx_hal_dma.c ****     /* Disable the channel */
 440:Drivers/STM32F0xx_HAL_Driver/Src/stm32f0xx_hal_dma.c ****     hdma->Instance->CCR &= ~DMA_CCR_EN;
 441:Drivers/STM32F0xx_HAL_Driver/Src/stm32f0xx_hal_dma.c **** 
 442:Drivers/STM32F0xx_HAL_Driver/Src/stm32f0xx_hal_dma.c ****     /* Clear all flags */
 443:Drivers/STM32F0xx_HAL_Driver/Src/stm32f0xx_hal_dma.c ****     hdma->DmaBaseAddress->IFCR = DMA_FLAG_GL1 << hdma->ChannelIndex;
 444:Drivers/STM32F0xx_HAL_Driver/Src/stm32f0xx_hal_dma.c **** 
 445:Drivers/STM32F0xx_HAL_Driver/Src/stm32f0xx_hal_dma.c ****     /* Change the DMA state */
 446:Drivers/STM32F0xx_HAL_Driver/Src/stm32f0xx_hal_dma.c ****     hdma->State = HAL_DMA_STATE_READY;
 447:Drivers/STM32F0xx_HAL_Driver/Src/stm32f0xx_hal_dma.c **** 
 448:Drivers/STM32F0xx_HAL_Driver/Src/stm32f0xx_hal_dma.c ****     /* Process Unlocked */
 449:Drivers/STM32F0xx_HAL_Driver/Src/stm32f0xx_hal_dma.c ****     __HAL_UNLOCK(hdma);
 450:Drivers/STM32F0xx_HAL_Driver/Src/stm32f0xx_hal_dma.c **** 
 451:Drivers/STM32F0xx_HAL_Driver/Src/stm32f0xx_hal_dma.c ****     /* Call User Abort callback */
 452:Drivers/STM32F0xx_HAL_Driver/Src/stm32f0xx_hal_dma.c ****     if (hdma->XferAbortCallback != NULL)
 453:Drivers/STM32F0xx_HAL_Driver/Src/stm32f0xx_hal_dma.c ****     {
 454:Drivers/STM32F0xx_HAL_Driver/Src/stm32f0xx_hal_dma.c ****       hdma->XferAbortCallback(hdma);
 455:Drivers/STM32F0xx_HAL_Driver/Src/stm32f0xx_hal_dma.c ****     }
 456:Drivers/STM32F0xx_HAL_Driver/Src/stm32f0xx_hal_dma.c ****   }
 457:Drivers/STM32F0xx_HAL_Driver/Src/stm32f0xx_hal_dma.c ****   return status;
 458:Drivers/STM32F0xx_HAL_Driver/Src/stm32f0xx_hal_dma.c **** }
 459:Drivers/STM32F0xx_HAL_Driver/Src/stm32f0xx_hal_dma.c **** 
 460:Drivers/STM32F0xx_HAL_Driver/Src/stm32f0xx_hal_dma.c **** /**
 461:Drivers/STM32F0xx_HAL_Driver/Src/stm32f0xx_hal_dma.c ****   * @brief  Polling for transfer complete.
 462:Drivers/STM32F0xx_HAL_Driver/Src/stm32f0xx_hal_dma.c ****   * @param  hdma    pointer to a DMA_HandleTypeDef structure that contains
 463:Drivers/STM32F0xx_HAL_Driver/Src/stm32f0xx_hal_dma.c ****   *                  the configuration information for the specified DMA Channel.
 464:Drivers/STM32F0xx_HAL_Driver/Src/stm32f0xx_hal_dma.c ****   * @param  CompleteLevel Specifies the DMA level complete.
 465:Drivers/STM32F0xx_HAL_Driver/Src/stm32f0xx_hal_dma.c ****   * @param  Timeout       Timeout duration.
 466:Drivers/STM32F0xx_HAL_Driver/Src/stm32f0xx_hal_dma.c ****   * @retval HAL status
 467:Drivers/STM32F0xx_HAL_Driver/Src/stm32f0xx_hal_dma.c ****   */
 468:Drivers/STM32F0xx_HAL_Driver/Src/stm32f0xx_hal_dma.c **** HAL_StatusTypeDef HAL_DMA_PollForTransfer(DMA_HandleTypeDef *hdma, uint32_t CompleteLevel, uint32_t
 469:Drivers/STM32F0xx_HAL_Driver/Src/stm32f0xx_hal_dma.c **** {
 470:Drivers/STM32F0xx_HAL_Driver/Src/stm32f0xx_hal_dma.c ****   uint32_t temp;
 471:Drivers/STM32F0xx_HAL_Driver/Src/stm32f0xx_hal_dma.c ****   uint32_t tickstart = 0U;
 472:Drivers/STM32F0xx_HAL_Driver/Src/stm32f0xx_hal_dma.c **** 
 473:Drivers/STM32F0xx_HAL_Driver/Src/stm32f0xx_hal_dma.c ****   if (HAL_DMA_STATE_BUSY != hdma->State)
 474:Drivers/STM32F0xx_HAL_Driver/Src/stm32f0xx_hal_dma.c ****   {
 475:Drivers/STM32F0xx_HAL_Driver/Src/stm32f0xx_hal_dma.c ****     /* no transfer ongoing */
 476:Drivers/STM32F0xx_HAL_Driver/Src/stm32f0xx_hal_dma.c ****     hdma->ErrorCode = HAL_DMA_ERROR_NO_XFER;
 477:Drivers/STM32F0xx_HAL_Driver/Src/stm32f0xx_hal_dma.c ****     __HAL_UNLOCK(hdma);
 478:Drivers/STM32F0xx_HAL_Driver/Src/stm32f0xx_hal_dma.c ****     return HAL_ERROR;
 479:Drivers/STM32F0xx_HAL_Driver/Src/stm32f0xx_hal_dma.c ****   }
 480:Drivers/STM32F0xx_HAL_Driver/Src/stm32f0xx_hal_dma.c **** 
 481:Drivers/STM32F0xx_HAL_Driver/Src/stm32f0xx_hal_dma.c ****   /* Polling mode not supported in circular mode */
 482:Drivers/STM32F0xx_HAL_Driver/Src/stm32f0xx_hal_dma.c ****   if (RESET != (hdma->Instance->CCR & DMA_CCR_CIRC))
 483:Drivers/STM32F0xx_HAL_Driver/Src/stm32f0xx_hal_dma.c ****   {
 484:Drivers/STM32F0xx_HAL_Driver/Src/stm32f0xx_hal_dma.c ****     hdma->ErrorCode = HAL_DMA_ERROR_NOT_SUPPORTED;
 485:Drivers/STM32F0xx_HAL_Driver/Src/stm32f0xx_hal_dma.c ****     return HAL_ERROR;
 486:Drivers/STM32F0xx_HAL_Driver/Src/stm32f0xx_hal_dma.c ****   }
 487:Drivers/STM32F0xx_HAL_Driver/Src/stm32f0xx_hal_dma.c **** 
 488:Drivers/STM32F0xx_HAL_Driver/Src/stm32f0xx_hal_dma.c ****   /* Get the level transfer complete flag */
ARM GAS  /tmp/ccVarZPm.s 			page 10


 489:Drivers/STM32F0xx_HAL_Driver/Src/stm32f0xx_hal_dma.c ****   if (HAL_DMA_FULL_TRANSFER == CompleteLevel)
 490:Drivers/STM32F0xx_HAL_Driver/Src/stm32f0xx_hal_dma.c ****   {
 491:Drivers/STM32F0xx_HAL_Driver/Src/stm32f0xx_hal_dma.c ****     /* Transfer Complete flag */
 492:Drivers/STM32F0xx_HAL_Driver/Src/stm32f0xx_hal_dma.c ****     temp = DMA_FLAG_TC1 << hdma->ChannelIndex;
 493:Drivers/STM32F0xx_HAL_Driver/Src/stm32f0xx_hal_dma.c ****   }
 494:Drivers/STM32F0xx_HAL_Driver/Src/stm32f0xx_hal_dma.c ****   else
 495:Drivers/STM32F0xx_HAL_Driver/Src/stm32f0xx_hal_dma.c ****   {
 496:Drivers/STM32F0xx_HAL_Driver/Src/stm32f0xx_hal_dma.c ****     /* Half Transfer Complete flag */
 497:Drivers/STM32F0xx_HAL_Driver/Src/stm32f0xx_hal_dma.c ****     temp = DMA_FLAG_HT1 << hdma->ChannelIndex;
 498:Drivers/STM32F0xx_HAL_Driver/Src/stm32f0xx_hal_dma.c ****   }
 499:Drivers/STM32F0xx_HAL_Driver/Src/stm32f0xx_hal_dma.c **** 
 500:Drivers/STM32F0xx_HAL_Driver/Src/stm32f0xx_hal_dma.c ****   /* Get tick */
 501:Drivers/STM32F0xx_HAL_Driver/Src/stm32f0xx_hal_dma.c ****   tickstart = HAL_GetTick();
 502:Drivers/STM32F0xx_HAL_Driver/Src/stm32f0xx_hal_dma.c **** 
 503:Drivers/STM32F0xx_HAL_Driver/Src/stm32f0xx_hal_dma.c ****   while (RESET == (hdma->DmaBaseAddress->ISR & temp))
 504:Drivers/STM32F0xx_HAL_Driver/Src/stm32f0xx_hal_dma.c ****   {
 505:Drivers/STM32F0xx_HAL_Driver/Src/stm32f0xx_hal_dma.c ****     if (RESET != (hdma->DmaBaseAddress->ISR & (DMA_FLAG_TE1 << hdma->ChannelIndex)))
 506:Drivers/STM32F0xx_HAL_Driver/Src/stm32f0xx_hal_dma.c ****     {
 507:Drivers/STM32F0xx_HAL_Driver/Src/stm32f0xx_hal_dma.c ****       /* When a DMA transfer error occurs */
 508:Drivers/STM32F0xx_HAL_Driver/Src/stm32f0xx_hal_dma.c ****       /* A hardware clear of its EN bits is performed */
 509:Drivers/STM32F0xx_HAL_Driver/Src/stm32f0xx_hal_dma.c ****       /* Clear all flags */
 510:Drivers/STM32F0xx_HAL_Driver/Src/stm32f0xx_hal_dma.c ****       hdma->DmaBaseAddress->IFCR = DMA_FLAG_GL1 << hdma->ChannelIndex;
 511:Drivers/STM32F0xx_HAL_Driver/Src/stm32f0xx_hal_dma.c **** 
 512:Drivers/STM32F0xx_HAL_Driver/Src/stm32f0xx_hal_dma.c ****       /* Update error code */
 513:Drivers/STM32F0xx_HAL_Driver/Src/stm32f0xx_hal_dma.c ****       hdma->ErrorCode = HAL_DMA_ERROR_TE;
 514:Drivers/STM32F0xx_HAL_Driver/Src/stm32f0xx_hal_dma.c **** 
 515:Drivers/STM32F0xx_HAL_Driver/Src/stm32f0xx_hal_dma.c ****       /* Change the DMA state */
 516:Drivers/STM32F0xx_HAL_Driver/Src/stm32f0xx_hal_dma.c ****       hdma->State = HAL_DMA_STATE_READY;
 517:Drivers/STM32F0xx_HAL_Driver/Src/stm32f0xx_hal_dma.c **** 
 518:Drivers/STM32F0xx_HAL_Driver/Src/stm32f0xx_hal_dma.c ****       /* Process Unlocked */
 519:Drivers/STM32F0xx_HAL_Driver/Src/stm32f0xx_hal_dma.c ****       __HAL_UNLOCK(hdma);
 520:Drivers/STM32F0xx_HAL_Driver/Src/stm32f0xx_hal_dma.c **** 
 521:Drivers/STM32F0xx_HAL_Driver/Src/stm32f0xx_hal_dma.c ****       return HAL_ERROR;
 522:Drivers/STM32F0xx_HAL_Driver/Src/stm32f0xx_hal_dma.c ****     }
 523:Drivers/STM32F0xx_HAL_Driver/Src/stm32f0xx_hal_dma.c ****     /* Check for the Timeout */
 524:Drivers/STM32F0xx_HAL_Driver/Src/stm32f0xx_hal_dma.c ****     if (Timeout != HAL_MAX_DELAY)
 525:Drivers/STM32F0xx_HAL_Driver/Src/stm32f0xx_hal_dma.c ****     {
 526:Drivers/STM32F0xx_HAL_Driver/Src/stm32f0xx_hal_dma.c ****       if ((Timeout == 0U) || ((HAL_GetTick() - tickstart) > Timeout))
 527:Drivers/STM32F0xx_HAL_Driver/Src/stm32f0xx_hal_dma.c ****       {
 528:Drivers/STM32F0xx_HAL_Driver/Src/stm32f0xx_hal_dma.c ****         /* Update error code */
 529:Drivers/STM32F0xx_HAL_Driver/Src/stm32f0xx_hal_dma.c ****         hdma->ErrorCode = HAL_DMA_ERROR_TIMEOUT;
 530:Drivers/STM32F0xx_HAL_Driver/Src/stm32f0xx_hal_dma.c **** 
 531:Drivers/STM32F0xx_HAL_Driver/Src/stm32f0xx_hal_dma.c ****         /* Change the DMA state */
 532:Drivers/STM32F0xx_HAL_Driver/Src/stm32f0xx_hal_dma.c ****         hdma->State = HAL_DMA_STATE_READY;
 533:Drivers/STM32F0xx_HAL_Driver/Src/stm32f0xx_hal_dma.c **** 
 534:Drivers/STM32F0xx_HAL_Driver/Src/stm32f0xx_hal_dma.c ****         /* Process Unlocked */
 535:Drivers/STM32F0xx_HAL_Driver/Src/stm32f0xx_hal_dma.c ****         __HAL_UNLOCK(hdma);
 536:Drivers/STM32F0xx_HAL_Driver/Src/stm32f0xx_hal_dma.c **** 
 537:Drivers/STM32F0xx_HAL_Driver/Src/stm32f0xx_hal_dma.c ****         return HAL_ERROR;
 538:Drivers/STM32F0xx_HAL_Driver/Src/stm32f0xx_hal_dma.c ****       }
 539:Drivers/STM32F0xx_HAL_Driver/Src/stm32f0xx_hal_dma.c ****     }
 540:Drivers/STM32F0xx_HAL_Driver/Src/stm32f0xx_hal_dma.c ****   }
 541:Drivers/STM32F0xx_HAL_Driver/Src/stm32f0xx_hal_dma.c **** 
 542:Drivers/STM32F0xx_HAL_Driver/Src/stm32f0xx_hal_dma.c ****   if (HAL_DMA_FULL_TRANSFER == CompleteLevel)
 543:Drivers/STM32F0xx_HAL_Driver/Src/stm32f0xx_hal_dma.c ****   {
 544:Drivers/STM32F0xx_HAL_Driver/Src/stm32f0xx_hal_dma.c ****     /* Clear the transfer complete flag */
 545:Drivers/STM32F0xx_HAL_Driver/Src/stm32f0xx_hal_dma.c ****     hdma->DmaBaseAddress->IFCR = DMA_FLAG_TC1 << hdma->ChannelIndex;
ARM GAS  /tmp/ccVarZPm.s 			page 11


 546:Drivers/STM32F0xx_HAL_Driver/Src/stm32f0xx_hal_dma.c **** 
 547:Drivers/STM32F0xx_HAL_Driver/Src/stm32f0xx_hal_dma.c ****     /* The selected Channelx EN bit is cleared (DMA is disabled and
 548:Drivers/STM32F0xx_HAL_Driver/Src/stm32f0xx_hal_dma.c ****     all transfers are complete) */
 549:Drivers/STM32F0xx_HAL_Driver/Src/stm32f0xx_hal_dma.c ****     hdma->State = HAL_DMA_STATE_READY;
 550:Drivers/STM32F0xx_HAL_Driver/Src/stm32f0xx_hal_dma.c ****   }
 551:Drivers/STM32F0xx_HAL_Driver/Src/stm32f0xx_hal_dma.c ****   else
 552:Drivers/STM32F0xx_HAL_Driver/Src/stm32f0xx_hal_dma.c ****   {
 553:Drivers/STM32F0xx_HAL_Driver/Src/stm32f0xx_hal_dma.c ****     /* Clear the half transfer complete flag */
 554:Drivers/STM32F0xx_HAL_Driver/Src/stm32f0xx_hal_dma.c ****     hdma->DmaBaseAddress->IFCR = DMA_FLAG_HT1 << hdma->ChannelIndex;
 555:Drivers/STM32F0xx_HAL_Driver/Src/stm32f0xx_hal_dma.c ****   }
 556:Drivers/STM32F0xx_HAL_Driver/Src/stm32f0xx_hal_dma.c **** 
 557:Drivers/STM32F0xx_HAL_Driver/Src/stm32f0xx_hal_dma.c ****   /* Process unlocked */
 558:Drivers/STM32F0xx_HAL_Driver/Src/stm32f0xx_hal_dma.c ****   __HAL_UNLOCK(hdma);
 559:Drivers/STM32F0xx_HAL_Driver/Src/stm32f0xx_hal_dma.c **** 
 560:Drivers/STM32F0xx_HAL_Driver/Src/stm32f0xx_hal_dma.c ****   return HAL_OK;
 561:Drivers/STM32F0xx_HAL_Driver/Src/stm32f0xx_hal_dma.c **** }
 562:Drivers/STM32F0xx_HAL_Driver/Src/stm32f0xx_hal_dma.c **** 
 563:Drivers/STM32F0xx_HAL_Driver/Src/stm32f0xx_hal_dma.c **** /**
 564:Drivers/STM32F0xx_HAL_Driver/Src/stm32f0xx_hal_dma.c ****   * @brief  Handle DMA interrupt request.
 565:Drivers/STM32F0xx_HAL_Driver/Src/stm32f0xx_hal_dma.c ****   * @param  hdma pointer to a DMA_HandleTypeDef structure that contains
 566:Drivers/STM32F0xx_HAL_Driver/Src/stm32f0xx_hal_dma.c ****   *               the configuration information for the specified DMA Channel.
 567:Drivers/STM32F0xx_HAL_Driver/Src/stm32f0xx_hal_dma.c ****   * @retval None
 568:Drivers/STM32F0xx_HAL_Driver/Src/stm32f0xx_hal_dma.c ****   */
 569:Drivers/STM32F0xx_HAL_Driver/Src/stm32f0xx_hal_dma.c **** void HAL_DMA_IRQHandler(DMA_HandleTypeDef *hdma)
 570:Drivers/STM32F0xx_HAL_Driver/Src/stm32f0xx_hal_dma.c **** {
 571:Drivers/STM32F0xx_HAL_Driver/Src/stm32f0xx_hal_dma.c ****   uint32_t flag_it = hdma->DmaBaseAddress->ISR;
 572:Drivers/STM32F0xx_HAL_Driver/Src/stm32f0xx_hal_dma.c ****   uint32_t source_it = hdma->Instance->CCR;
 573:Drivers/STM32F0xx_HAL_Driver/Src/stm32f0xx_hal_dma.c **** 
 574:Drivers/STM32F0xx_HAL_Driver/Src/stm32f0xx_hal_dma.c ****   /* Half Transfer Complete Interrupt management ******************************/
 575:Drivers/STM32F0xx_HAL_Driver/Src/stm32f0xx_hal_dma.c ****   if ((RESET != (flag_it & (DMA_FLAG_HT1 << hdma->ChannelIndex))) && (RESET != (source_it & DMA_IT_
 576:Drivers/STM32F0xx_HAL_Driver/Src/stm32f0xx_hal_dma.c ****   {
 577:Drivers/STM32F0xx_HAL_Driver/Src/stm32f0xx_hal_dma.c ****     /* Disable the half transfer interrupt if the DMA mode is not CIRCULAR */
 578:Drivers/STM32F0xx_HAL_Driver/Src/stm32f0xx_hal_dma.c ****     if ((hdma->Instance->CCR & DMA_CCR_CIRC) == 0U)
 579:Drivers/STM32F0xx_HAL_Driver/Src/stm32f0xx_hal_dma.c ****     {
 580:Drivers/STM32F0xx_HAL_Driver/Src/stm32f0xx_hal_dma.c ****       /* Disable the half transfer interrupt */
 581:Drivers/STM32F0xx_HAL_Driver/Src/stm32f0xx_hal_dma.c ****       hdma->Instance->CCR &= ~DMA_IT_HT;
 582:Drivers/STM32F0xx_HAL_Driver/Src/stm32f0xx_hal_dma.c ****     }
 583:Drivers/STM32F0xx_HAL_Driver/Src/stm32f0xx_hal_dma.c **** 
 584:Drivers/STM32F0xx_HAL_Driver/Src/stm32f0xx_hal_dma.c ****     /* Clear the half transfer complete flag */
 585:Drivers/STM32F0xx_HAL_Driver/Src/stm32f0xx_hal_dma.c ****     hdma->DmaBaseAddress->IFCR = DMA_FLAG_HT1 << hdma->ChannelIndex;
 586:Drivers/STM32F0xx_HAL_Driver/Src/stm32f0xx_hal_dma.c **** 
 587:Drivers/STM32F0xx_HAL_Driver/Src/stm32f0xx_hal_dma.c ****     /* DMA peripheral state is not updated in Half Transfer */
 588:Drivers/STM32F0xx_HAL_Driver/Src/stm32f0xx_hal_dma.c ****     /* State is updated only in Transfer Complete case */
 589:Drivers/STM32F0xx_HAL_Driver/Src/stm32f0xx_hal_dma.c **** 
 590:Drivers/STM32F0xx_HAL_Driver/Src/stm32f0xx_hal_dma.c ****     if (hdma->XferHalfCpltCallback != NULL)
 591:Drivers/STM32F0xx_HAL_Driver/Src/stm32f0xx_hal_dma.c ****     {
 592:Drivers/STM32F0xx_HAL_Driver/Src/stm32f0xx_hal_dma.c ****       /* Half transfer callback */
 593:Drivers/STM32F0xx_HAL_Driver/Src/stm32f0xx_hal_dma.c ****       hdma->XferHalfCpltCallback(hdma);
 594:Drivers/STM32F0xx_HAL_Driver/Src/stm32f0xx_hal_dma.c ****     }
 595:Drivers/STM32F0xx_HAL_Driver/Src/stm32f0xx_hal_dma.c ****   }
 596:Drivers/STM32F0xx_HAL_Driver/Src/stm32f0xx_hal_dma.c **** 
 597:Drivers/STM32F0xx_HAL_Driver/Src/stm32f0xx_hal_dma.c ****   /* Transfer Complete Interrupt management ***********************************/
 598:Drivers/STM32F0xx_HAL_Driver/Src/stm32f0xx_hal_dma.c ****   else if ((RESET != (flag_it & (DMA_FLAG_TC1 << hdma->ChannelIndex))) && (RESET != (source_it & DM
 599:Drivers/STM32F0xx_HAL_Driver/Src/stm32f0xx_hal_dma.c ****   {
 600:Drivers/STM32F0xx_HAL_Driver/Src/stm32f0xx_hal_dma.c ****     if ((hdma->Instance->CCR & DMA_CCR_CIRC) == 0U)
 601:Drivers/STM32F0xx_HAL_Driver/Src/stm32f0xx_hal_dma.c ****     {
 602:Drivers/STM32F0xx_HAL_Driver/Src/stm32f0xx_hal_dma.c ****       /* Disable the transfer complete  & transfer error interrupts */
ARM GAS  /tmp/ccVarZPm.s 			page 12


 603:Drivers/STM32F0xx_HAL_Driver/Src/stm32f0xx_hal_dma.c ****       /* if the DMA mode is not CIRCULAR */
 604:Drivers/STM32F0xx_HAL_Driver/Src/stm32f0xx_hal_dma.c ****       hdma->Instance->CCR &= ~(DMA_IT_TC | DMA_IT_TE);
 605:Drivers/STM32F0xx_HAL_Driver/Src/stm32f0xx_hal_dma.c **** 
 606:Drivers/STM32F0xx_HAL_Driver/Src/stm32f0xx_hal_dma.c ****       /* Change the DMA state */
 607:Drivers/STM32F0xx_HAL_Driver/Src/stm32f0xx_hal_dma.c ****       hdma->State = HAL_DMA_STATE_READY;
 608:Drivers/STM32F0xx_HAL_Driver/Src/stm32f0xx_hal_dma.c ****     }
 609:Drivers/STM32F0xx_HAL_Driver/Src/stm32f0xx_hal_dma.c **** 
 610:Drivers/STM32F0xx_HAL_Driver/Src/stm32f0xx_hal_dma.c ****     /* Clear the transfer complete flag */
 611:Drivers/STM32F0xx_HAL_Driver/Src/stm32f0xx_hal_dma.c ****     hdma->DmaBaseAddress->IFCR = DMA_FLAG_TC1 << hdma->ChannelIndex;
 612:Drivers/STM32F0xx_HAL_Driver/Src/stm32f0xx_hal_dma.c **** 
 613:Drivers/STM32F0xx_HAL_Driver/Src/stm32f0xx_hal_dma.c ****     /* Process Unlocked */
 614:Drivers/STM32F0xx_HAL_Driver/Src/stm32f0xx_hal_dma.c ****     __HAL_UNLOCK(hdma);
 615:Drivers/STM32F0xx_HAL_Driver/Src/stm32f0xx_hal_dma.c **** 
 616:Drivers/STM32F0xx_HAL_Driver/Src/stm32f0xx_hal_dma.c ****     if (hdma->XferCpltCallback != NULL)
 617:Drivers/STM32F0xx_HAL_Driver/Src/stm32f0xx_hal_dma.c ****     {
 618:Drivers/STM32F0xx_HAL_Driver/Src/stm32f0xx_hal_dma.c ****       /* Transfer complete callback */
 619:Drivers/STM32F0xx_HAL_Driver/Src/stm32f0xx_hal_dma.c ****       hdma->XferCpltCallback(hdma);
 620:Drivers/STM32F0xx_HAL_Driver/Src/stm32f0xx_hal_dma.c ****     }
 621:Drivers/STM32F0xx_HAL_Driver/Src/stm32f0xx_hal_dma.c ****   }
 622:Drivers/STM32F0xx_HAL_Driver/Src/stm32f0xx_hal_dma.c **** 
 623:Drivers/STM32F0xx_HAL_Driver/Src/stm32f0xx_hal_dma.c ****   /* Transfer Error Interrupt management ***************************************/
 624:Drivers/STM32F0xx_HAL_Driver/Src/stm32f0xx_hal_dma.c ****   else if ((RESET != (flag_it & (DMA_FLAG_TE1 << hdma->ChannelIndex))) && (RESET != (source_it & DM
 625:Drivers/STM32F0xx_HAL_Driver/Src/stm32f0xx_hal_dma.c ****   {
 626:Drivers/STM32F0xx_HAL_Driver/Src/stm32f0xx_hal_dma.c ****     /* When a DMA transfer error occurs */
 627:Drivers/STM32F0xx_HAL_Driver/Src/stm32f0xx_hal_dma.c ****     /* A hardware clear of its EN bits is performed */
 628:Drivers/STM32F0xx_HAL_Driver/Src/stm32f0xx_hal_dma.c ****     /* Then, disable all DMA interrupts */
 629:Drivers/STM32F0xx_HAL_Driver/Src/stm32f0xx_hal_dma.c ****     hdma->Instance->CCR &= ~(DMA_IT_TC | DMA_IT_HT | DMA_IT_TE);
 630:Drivers/STM32F0xx_HAL_Driver/Src/stm32f0xx_hal_dma.c **** 
 631:Drivers/STM32F0xx_HAL_Driver/Src/stm32f0xx_hal_dma.c ****     /* Clear all flags */
 632:Drivers/STM32F0xx_HAL_Driver/Src/stm32f0xx_hal_dma.c ****     hdma->DmaBaseAddress->IFCR = DMA_FLAG_GL1 << hdma->ChannelIndex;
 633:Drivers/STM32F0xx_HAL_Driver/Src/stm32f0xx_hal_dma.c **** 
 634:Drivers/STM32F0xx_HAL_Driver/Src/stm32f0xx_hal_dma.c ****     /* Update error code */
 635:Drivers/STM32F0xx_HAL_Driver/Src/stm32f0xx_hal_dma.c ****     hdma->ErrorCode = HAL_DMA_ERROR_TE;
 636:Drivers/STM32F0xx_HAL_Driver/Src/stm32f0xx_hal_dma.c **** 
 637:Drivers/STM32F0xx_HAL_Driver/Src/stm32f0xx_hal_dma.c ****     /* Change the DMA state */
 638:Drivers/STM32F0xx_HAL_Driver/Src/stm32f0xx_hal_dma.c ****     hdma->State = HAL_DMA_STATE_READY;
 639:Drivers/STM32F0xx_HAL_Driver/Src/stm32f0xx_hal_dma.c **** 
 640:Drivers/STM32F0xx_HAL_Driver/Src/stm32f0xx_hal_dma.c ****     /* Process Unlocked */
 641:Drivers/STM32F0xx_HAL_Driver/Src/stm32f0xx_hal_dma.c ****     __HAL_UNLOCK(hdma);
 642:Drivers/STM32F0xx_HAL_Driver/Src/stm32f0xx_hal_dma.c **** 
 643:Drivers/STM32F0xx_HAL_Driver/Src/stm32f0xx_hal_dma.c ****     if (hdma->XferErrorCallback != NULL)
 644:Drivers/STM32F0xx_HAL_Driver/Src/stm32f0xx_hal_dma.c ****     {
 645:Drivers/STM32F0xx_HAL_Driver/Src/stm32f0xx_hal_dma.c ****       /* Transfer error callback */
 646:Drivers/STM32F0xx_HAL_Driver/Src/stm32f0xx_hal_dma.c ****       hdma->XferErrorCallback(hdma);
 647:Drivers/STM32F0xx_HAL_Driver/Src/stm32f0xx_hal_dma.c ****     }
 648:Drivers/STM32F0xx_HAL_Driver/Src/stm32f0xx_hal_dma.c ****   }
 649:Drivers/STM32F0xx_HAL_Driver/Src/stm32f0xx_hal_dma.c **** }
 650:Drivers/STM32F0xx_HAL_Driver/Src/stm32f0xx_hal_dma.c **** 
 651:Drivers/STM32F0xx_HAL_Driver/Src/stm32f0xx_hal_dma.c **** /**
 652:Drivers/STM32F0xx_HAL_Driver/Src/stm32f0xx_hal_dma.c ****   * @brief  Register callbacks
 653:Drivers/STM32F0xx_HAL_Driver/Src/stm32f0xx_hal_dma.c ****   * @param  hdma                 pointer to a DMA_HandleTypeDef structure that contains
 654:Drivers/STM32F0xx_HAL_Driver/Src/stm32f0xx_hal_dma.c ****   *                               the configuration information for the specified DMA Stream.
 655:Drivers/STM32F0xx_HAL_Driver/Src/stm32f0xx_hal_dma.c ****   * @param  CallbackID           User Callback identifier
 656:Drivers/STM32F0xx_HAL_Driver/Src/stm32f0xx_hal_dma.c ****   *                               a HAL_DMA_CallbackIDTypeDef ENUM as parameter.
 657:Drivers/STM32F0xx_HAL_Driver/Src/stm32f0xx_hal_dma.c ****   * @param  pCallback            pointer to private callback function which has pointer to
 658:Drivers/STM32F0xx_HAL_Driver/Src/stm32f0xx_hal_dma.c ****   *                               a DMA_HandleTypeDef structure as parameter.
 659:Drivers/STM32F0xx_HAL_Driver/Src/stm32f0xx_hal_dma.c ****   * @retval HAL status
ARM GAS  /tmp/ccVarZPm.s 			page 13


 660:Drivers/STM32F0xx_HAL_Driver/Src/stm32f0xx_hal_dma.c ****   */
 661:Drivers/STM32F0xx_HAL_Driver/Src/stm32f0xx_hal_dma.c **** HAL_StatusTypeDef HAL_DMA_RegisterCallback(DMA_HandleTypeDef *hdma, HAL_DMA_CallbackIDTypeDef Callb
 662:Drivers/STM32F0xx_HAL_Driver/Src/stm32f0xx_hal_dma.c **** {
 663:Drivers/STM32F0xx_HAL_Driver/Src/stm32f0xx_hal_dma.c ****   HAL_StatusTypeDef status = HAL_OK;
 664:Drivers/STM32F0xx_HAL_Driver/Src/stm32f0xx_hal_dma.c **** 
 665:Drivers/STM32F0xx_HAL_Driver/Src/stm32f0xx_hal_dma.c ****   /* Process locked */
 666:Drivers/STM32F0xx_HAL_Driver/Src/stm32f0xx_hal_dma.c ****   __HAL_LOCK(hdma);
 667:Drivers/STM32F0xx_HAL_Driver/Src/stm32f0xx_hal_dma.c **** 
 668:Drivers/STM32F0xx_HAL_Driver/Src/stm32f0xx_hal_dma.c ****   if (HAL_DMA_STATE_READY == hdma->State)
 669:Drivers/STM32F0xx_HAL_Driver/Src/stm32f0xx_hal_dma.c ****   {
 670:Drivers/STM32F0xx_HAL_Driver/Src/stm32f0xx_hal_dma.c ****     switch (CallbackID)
 671:Drivers/STM32F0xx_HAL_Driver/Src/stm32f0xx_hal_dma.c ****     {
 672:Drivers/STM32F0xx_HAL_Driver/Src/stm32f0xx_hal_dma.c ****       case  HAL_DMA_XFER_CPLT_CB_ID:
 673:Drivers/STM32F0xx_HAL_Driver/Src/stm32f0xx_hal_dma.c ****         hdma->XferCpltCallback = pCallback;
 674:Drivers/STM32F0xx_HAL_Driver/Src/stm32f0xx_hal_dma.c ****         break;
 675:Drivers/STM32F0xx_HAL_Driver/Src/stm32f0xx_hal_dma.c **** 
 676:Drivers/STM32F0xx_HAL_Driver/Src/stm32f0xx_hal_dma.c ****       case  HAL_DMA_XFER_HALFCPLT_CB_ID:
 677:Drivers/STM32F0xx_HAL_Driver/Src/stm32f0xx_hal_dma.c ****         hdma->XferHalfCpltCallback = pCallback;
 678:Drivers/STM32F0xx_HAL_Driver/Src/stm32f0xx_hal_dma.c ****         break;
 679:Drivers/STM32F0xx_HAL_Driver/Src/stm32f0xx_hal_dma.c **** 
 680:Drivers/STM32F0xx_HAL_Driver/Src/stm32f0xx_hal_dma.c ****       case  HAL_DMA_XFER_ERROR_CB_ID:
 681:Drivers/STM32F0xx_HAL_Driver/Src/stm32f0xx_hal_dma.c ****         hdma->XferErrorCallback = pCallback;
 682:Drivers/STM32F0xx_HAL_Driver/Src/stm32f0xx_hal_dma.c ****         break;
 683:Drivers/STM32F0xx_HAL_Driver/Src/stm32f0xx_hal_dma.c **** 
 684:Drivers/STM32F0xx_HAL_Driver/Src/stm32f0xx_hal_dma.c ****       case  HAL_DMA_XFER_ABORT_CB_ID:
 685:Drivers/STM32F0xx_HAL_Driver/Src/stm32f0xx_hal_dma.c ****         hdma->XferAbortCallback = pCallback;
 686:Drivers/STM32F0xx_HAL_Driver/Src/stm32f0xx_hal_dma.c ****         break;
 687:Drivers/STM32F0xx_HAL_Driver/Src/stm32f0xx_hal_dma.c **** 
 688:Drivers/STM32F0xx_HAL_Driver/Src/stm32f0xx_hal_dma.c ****       default:
 689:Drivers/STM32F0xx_HAL_Driver/Src/stm32f0xx_hal_dma.c ****         status = HAL_ERROR;
 690:Drivers/STM32F0xx_HAL_Driver/Src/stm32f0xx_hal_dma.c ****         break;
 691:Drivers/STM32F0xx_HAL_Driver/Src/stm32f0xx_hal_dma.c ****     }
 692:Drivers/STM32F0xx_HAL_Driver/Src/stm32f0xx_hal_dma.c ****   }
 693:Drivers/STM32F0xx_HAL_Driver/Src/stm32f0xx_hal_dma.c ****   else
 694:Drivers/STM32F0xx_HAL_Driver/Src/stm32f0xx_hal_dma.c ****   {
 695:Drivers/STM32F0xx_HAL_Driver/Src/stm32f0xx_hal_dma.c ****     status = HAL_ERROR;
 696:Drivers/STM32F0xx_HAL_Driver/Src/stm32f0xx_hal_dma.c ****   }
 697:Drivers/STM32F0xx_HAL_Driver/Src/stm32f0xx_hal_dma.c **** 
 698:Drivers/STM32F0xx_HAL_Driver/Src/stm32f0xx_hal_dma.c ****   /* Release Lock */
 699:Drivers/STM32F0xx_HAL_Driver/Src/stm32f0xx_hal_dma.c ****   __HAL_UNLOCK(hdma);
 700:Drivers/STM32F0xx_HAL_Driver/Src/stm32f0xx_hal_dma.c **** 
 701:Drivers/STM32F0xx_HAL_Driver/Src/stm32f0xx_hal_dma.c ****   return status;
 702:Drivers/STM32F0xx_HAL_Driver/Src/stm32f0xx_hal_dma.c **** }
 703:Drivers/STM32F0xx_HAL_Driver/Src/stm32f0xx_hal_dma.c **** 
 704:Drivers/STM32F0xx_HAL_Driver/Src/stm32f0xx_hal_dma.c **** /**
 705:Drivers/STM32F0xx_HAL_Driver/Src/stm32f0xx_hal_dma.c ****   * @brief  UnRegister callbacks
 706:Drivers/STM32F0xx_HAL_Driver/Src/stm32f0xx_hal_dma.c ****   * @param  hdma                 pointer to a DMA_HandleTypeDef structure that contains
 707:Drivers/STM32F0xx_HAL_Driver/Src/stm32f0xx_hal_dma.c ****   *                               the configuration information for the specified DMA Stream.
 708:Drivers/STM32F0xx_HAL_Driver/Src/stm32f0xx_hal_dma.c ****   * @param  CallbackID           User Callback identifier
 709:Drivers/STM32F0xx_HAL_Driver/Src/stm32f0xx_hal_dma.c ****   *                               a HAL_DMA_CallbackIDTypeDef ENUM as parameter.
 710:Drivers/STM32F0xx_HAL_Driver/Src/stm32f0xx_hal_dma.c ****   * @retval HAL status
 711:Drivers/STM32F0xx_HAL_Driver/Src/stm32f0xx_hal_dma.c ****   */
 712:Drivers/STM32F0xx_HAL_Driver/Src/stm32f0xx_hal_dma.c **** HAL_StatusTypeDef HAL_DMA_UnRegisterCallback(DMA_HandleTypeDef *hdma, HAL_DMA_CallbackIDTypeDef Cal
 713:Drivers/STM32F0xx_HAL_Driver/Src/stm32f0xx_hal_dma.c **** {
 714:Drivers/STM32F0xx_HAL_Driver/Src/stm32f0xx_hal_dma.c ****   HAL_StatusTypeDef status = HAL_OK;
 715:Drivers/STM32F0xx_HAL_Driver/Src/stm32f0xx_hal_dma.c **** 
 716:Drivers/STM32F0xx_HAL_Driver/Src/stm32f0xx_hal_dma.c ****   /* Process locked */
ARM GAS  /tmp/ccVarZPm.s 			page 14


 717:Drivers/STM32F0xx_HAL_Driver/Src/stm32f0xx_hal_dma.c ****   __HAL_LOCK(hdma);
 718:Drivers/STM32F0xx_HAL_Driver/Src/stm32f0xx_hal_dma.c **** 
 719:Drivers/STM32F0xx_HAL_Driver/Src/stm32f0xx_hal_dma.c ****   if (HAL_DMA_STATE_READY == hdma->State)
 720:Drivers/STM32F0xx_HAL_Driver/Src/stm32f0xx_hal_dma.c ****   {
 721:Drivers/STM32F0xx_HAL_Driver/Src/stm32f0xx_hal_dma.c ****     switch (CallbackID)
 722:Drivers/STM32F0xx_HAL_Driver/Src/stm32f0xx_hal_dma.c ****     {
 723:Drivers/STM32F0xx_HAL_Driver/Src/stm32f0xx_hal_dma.c ****       case  HAL_DMA_XFER_CPLT_CB_ID:
 724:Drivers/STM32F0xx_HAL_Driver/Src/stm32f0xx_hal_dma.c ****         hdma->XferCpltCallback = NULL;
 725:Drivers/STM32F0xx_HAL_Driver/Src/stm32f0xx_hal_dma.c ****         break;
 726:Drivers/STM32F0xx_HAL_Driver/Src/stm32f0xx_hal_dma.c **** 
 727:Drivers/STM32F0xx_HAL_Driver/Src/stm32f0xx_hal_dma.c ****       case  HAL_DMA_XFER_HALFCPLT_CB_ID:
 728:Drivers/STM32F0xx_HAL_Driver/Src/stm32f0xx_hal_dma.c ****         hdma->XferHalfCpltCallback = NULL;
 729:Drivers/STM32F0xx_HAL_Driver/Src/stm32f0xx_hal_dma.c ****         break;
 730:Drivers/STM32F0xx_HAL_Driver/Src/stm32f0xx_hal_dma.c **** 
 731:Drivers/STM32F0xx_HAL_Driver/Src/stm32f0xx_hal_dma.c ****       case  HAL_DMA_XFER_ERROR_CB_ID:
 732:Drivers/STM32F0xx_HAL_Driver/Src/stm32f0xx_hal_dma.c ****         hdma->XferErrorCallback = NULL;
 733:Drivers/STM32F0xx_HAL_Driver/Src/stm32f0xx_hal_dma.c ****         break;
 734:Drivers/STM32F0xx_HAL_Driver/Src/stm32f0xx_hal_dma.c **** 
 735:Drivers/STM32F0xx_HAL_Driver/Src/stm32f0xx_hal_dma.c ****       case  HAL_DMA_XFER_ABORT_CB_ID:
 736:Drivers/STM32F0xx_HAL_Driver/Src/stm32f0xx_hal_dma.c ****         hdma->XferAbortCallback = NULL;
 737:Drivers/STM32F0xx_HAL_Driver/Src/stm32f0xx_hal_dma.c ****         break;
 738:Drivers/STM32F0xx_HAL_Driver/Src/stm32f0xx_hal_dma.c **** 
 739:Drivers/STM32F0xx_HAL_Driver/Src/stm32f0xx_hal_dma.c ****       case   HAL_DMA_XFER_ALL_CB_ID:
 740:Drivers/STM32F0xx_HAL_Driver/Src/stm32f0xx_hal_dma.c ****         hdma->XferCpltCallback = NULL;
 741:Drivers/STM32F0xx_HAL_Driver/Src/stm32f0xx_hal_dma.c ****         hdma->XferHalfCpltCallback = NULL;
 742:Drivers/STM32F0xx_HAL_Driver/Src/stm32f0xx_hal_dma.c ****         hdma->XferErrorCallback = NULL;
 743:Drivers/STM32F0xx_HAL_Driver/Src/stm32f0xx_hal_dma.c ****         hdma->XferAbortCallback = NULL;
 744:Drivers/STM32F0xx_HAL_Driver/Src/stm32f0xx_hal_dma.c ****         break;
 745:Drivers/STM32F0xx_HAL_Driver/Src/stm32f0xx_hal_dma.c **** 
 746:Drivers/STM32F0xx_HAL_Driver/Src/stm32f0xx_hal_dma.c ****       default:
 747:Drivers/STM32F0xx_HAL_Driver/Src/stm32f0xx_hal_dma.c ****         status = HAL_ERROR;
 748:Drivers/STM32F0xx_HAL_Driver/Src/stm32f0xx_hal_dma.c ****         break;
 749:Drivers/STM32F0xx_HAL_Driver/Src/stm32f0xx_hal_dma.c ****     }
 750:Drivers/STM32F0xx_HAL_Driver/Src/stm32f0xx_hal_dma.c ****   }
 751:Drivers/STM32F0xx_HAL_Driver/Src/stm32f0xx_hal_dma.c ****   else
 752:Drivers/STM32F0xx_HAL_Driver/Src/stm32f0xx_hal_dma.c ****   {
 753:Drivers/STM32F0xx_HAL_Driver/Src/stm32f0xx_hal_dma.c ****     status = HAL_ERROR;
 754:Drivers/STM32F0xx_HAL_Driver/Src/stm32f0xx_hal_dma.c ****   }
 755:Drivers/STM32F0xx_HAL_Driver/Src/stm32f0xx_hal_dma.c **** 
 756:Drivers/STM32F0xx_HAL_Driver/Src/stm32f0xx_hal_dma.c ****   /* Release Lock */
 757:Drivers/STM32F0xx_HAL_Driver/Src/stm32f0xx_hal_dma.c ****   __HAL_UNLOCK(hdma);
 758:Drivers/STM32F0xx_HAL_Driver/Src/stm32f0xx_hal_dma.c **** 
 759:Drivers/STM32F0xx_HAL_Driver/Src/stm32f0xx_hal_dma.c ****   return status;
 760:Drivers/STM32F0xx_HAL_Driver/Src/stm32f0xx_hal_dma.c **** }
 761:Drivers/STM32F0xx_HAL_Driver/Src/stm32f0xx_hal_dma.c **** 
 762:Drivers/STM32F0xx_HAL_Driver/Src/stm32f0xx_hal_dma.c **** /**
 763:Drivers/STM32F0xx_HAL_Driver/Src/stm32f0xx_hal_dma.c ****   * @}
 764:Drivers/STM32F0xx_HAL_Driver/Src/stm32f0xx_hal_dma.c ****   */
 765:Drivers/STM32F0xx_HAL_Driver/Src/stm32f0xx_hal_dma.c **** 
 766:Drivers/STM32F0xx_HAL_Driver/Src/stm32f0xx_hal_dma.c **** /** @defgroup DMA_Exported_Functions_Group3 Peripheral State functions
 767:Drivers/STM32F0xx_HAL_Driver/Src/stm32f0xx_hal_dma.c ****  *  @brief    Peripheral State functions
 768:Drivers/STM32F0xx_HAL_Driver/Src/stm32f0xx_hal_dma.c ****  *
 769:Drivers/STM32F0xx_HAL_Driver/Src/stm32f0xx_hal_dma.c **** @verbatim
 770:Drivers/STM32F0xx_HAL_Driver/Src/stm32f0xx_hal_dma.c ****  ===============================================================================
 771:Drivers/STM32F0xx_HAL_Driver/Src/stm32f0xx_hal_dma.c ****                     ##### State and Errors functions #####
 772:Drivers/STM32F0xx_HAL_Driver/Src/stm32f0xx_hal_dma.c ****  ===============================================================================
 773:Drivers/STM32F0xx_HAL_Driver/Src/stm32f0xx_hal_dma.c ****     [..]
ARM GAS  /tmp/ccVarZPm.s 			page 15


 774:Drivers/STM32F0xx_HAL_Driver/Src/stm32f0xx_hal_dma.c ****     This subsection provides functions allowing to
 775:Drivers/STM32F0xx_HAL_Driver/Src/stm32f0xx_hal_dma.c ****       (+) Check the DMA state
 776:Drivers/STM32F0xx_HAL_Driver/Src/stm32f0xx_hal_dma.c ****       (+) Get error code
 777:Drivers/STM32F0xx_HAL_Driver/Src/stm32f0xx_hal_dma.c **** 
 778:Drivers/STM32F0xx_HAL_Driver/Src/stm32f0xx_hal_dma.c **** @endverbatim
 779:Drivers/STM32F0xx_HAL_Driver/Src/stm32f0xx_hal_dma.c ****   * @{
 780:Drivers/STM32F0xx_HAL_Driver/Src/stm32f0xx_hal_dma.c ****   */
 781:Drivers/STM32F0xx_HAL_Driver/Src/stm32f0xx_hal_dma.c **** 
 782:Drivers/STM32F0xx_HAL_Driver/Src/stm32f0xx_hal_dma.c **** /**
 783:Drivers/STM32F0xx_HAL_Driver/Src/stm32f0xx_hal_dma.c ****   * @brief  Returns the DMA state.
 784:Drivers/STM32F0xx_HAL_Driver/Src/stm32f0xx_hal_dma.c ****   * @param  hdma pointer to a DMA_HandleTypeDef structure that contains
 785:Drivers/STM32F0xx_HAL_Driver/Src/stm32f0xx_hal_dma.c ****   *               the configuration information for the specified DMA Channel.
 786:Drivers/STM32F0xx_HAL_Driver/Src/stm32f0xx_hal_dma.c ****   * @retval HAL state
 787:Drivers/STM32F0xx_HAL_Driver/Src/stm32f0xx_hal_dma.c ****   */
 788:Drivers/STM32F0xx_HAL_Driver/Src/stm32f0xx_hal_dma.c **** HAL_DMA_StateTypeDef HAL_DMA_GetState(DMA_HandleTypeDef *hdma)
 789:Drivers/STM32F0xx_HAL_Driver/Src/stm32f0xx_hal_dma.c **** {
 790:Drivers/STM32F0xx_HAL_Driver/Src/stm32f0xx_hal_dma.c ****   return hdma->State;
 791:Drivers/STM32F0xx_HAL_Driver/Src/stm32f0xx_hal_dma.c **** }
 792:Drivers/STM32F0xx_HAL_Driver/Src/stm32f0xx_hal_dma.c **** 
 793:Drivers/STM32F0xx_HAL_Driver/Src/stm32f0xx_hal_dma.c **** /**
 794:Drivers/STM32F0xx_HAL_Driver/Src/stm32f0xx_hal_dma.c ****   * @brief  Return the DMA error code
 795:Drivers/STM32F0xx_HAL_Driver/Src/stm32f0xx_hal_dma.c ****   * @param  hdma pointer to a DMA_HandleTypeDef structure that contains
 796:Drivers/STM32F0xx_HAL_Driver/Src/stm32f0xx_hal_dma.c ****   *              the configuration information for the specified DMA Channel.
 797:Drivers/STM32F0xx_HAL_Driver/Src/stm32f0xx_hal_dma.c ****   * @retval DMA Error Code
 798:Drivers/STM32F0xx_HAL_Driver/Src/stm32f0xx_hal_dma.c ****   */
 799:Drivers/STM32F0xx_HAL_Driver/Src/stm32f0xx_hal_dma.c **** uint32_t HAL_DMA_GetError(DMA_HandleTypeDef *hdma)
 800:Drivers/STM32F0xx_HAL_Driver/Src/stm32f0xx_hal_dma.c **** {
 801:Drivers/STM32F0xx_HAL_Driver/Src/stm32f0xx_hal_dma.c ****   return hdma->ErrorCode;
 802:Drivers/STM32F0xx_HAL_Driver/Src/stm32f0xx_hal_dma.c **** }
 803:Drivers/STM32F0xx_HAL_Driver/Src/stm32f0xx_hal_dma.c **** 
 804:Drivers/STM32F0xx_HAL_Driver/Src/stm32f0xx_hal_dma.c **** /**
 805:Drivers/STM32F0xx_HAL_Driver/Src/stm32f0xx_hal_dma.c ****   * @}
 806:Drivers/STM32F0xx_HAL_Driver/Src/stm32f0xx_hal_dma.c ****   */
 807:Drivers/STM32F0xx_HAL_Driver/Src/stm32f0xx_hal_dma.c **** 
 808:Drivers/STM32F0xx_HAL_Driver/Src/stm32f0xx_hal_dma.c **** /**
 809:Drivers/STM32F0xx_HAL_Driver/Src/stm32f0xx_hal_dma.c ****   * @}
 810:Drivers/STM32F0xx_HAL_Driver/Src/stm32f0xx_hal_dma.c ****   */
 811:Drivers/STM32F0xx_HAL_Driver/Src/stm32f0xx_hal_dma.c **** 
 812:Drivers/STM32F0xx_HAL_Driver/Src/stm32f0xx_hal_dma.c **** /** @addtogroup DMA_Private_Functions
 813:Drivers/STM32F0xx_HAL_Driver/Src/stm32f0xx_hal_dma.c ****   * @{
 814:Drivers/STM32F0xx_HAL_Driver/Src/stm32f0xx_hal_dma.c ****   */
 815:Drivers/STM32F0xx_HAL_Driver/Src/stm32f0xx_hal_dma.c **** 
 816:Drivers/STM32F0xx_HAL_Driver/Src/stm32f0xx_hal_dma.c **** /**
 817:Drivers/STM32F0xx_HAL_Driver/Src/stm32f0xx_hal_dma.c ****   * @brief  Set the DMA Transfer parameters.
 818:Drivers/STM32F0xx_HAL_Driver/Src/stm32f0xx_hal_dma.c ****   * @param  hdma       pointer to a DMA_HandleTypeDef structure that contains
 819:Drivers/STM32F0xx_HAL_Driver/Src/stm32f0xx_hal_dma.c ****   *                     the configuration information for the specified DMA Channel.
 820:Drivers/STM32F0xx_HAL_Driver/Src/stm32f0xx_hal_dma.c ****   * @param  SrcAddress The source memory Buffer address
 821:Drivers/STM32F0xx_HAL_Driver/Src/stm32f0xx_hal_dma.c ****   * @param  DstAddress The destination memory Buffer address
 822:Drivers/STM32F0xx_HAL_Driver/Src/stm32f0xx_hal_dma.c ****   * @param  DataLength The length of data to be transferred from source to destination
 823:Drivers/STM32F0xx_HAL_Driver/Src/stm32f0xx_hal_dma.c ****   * @retval HAL status
 824:Drivers/STM32F0xx_HAL_Driver/Src/stm32f0xx_hal_dma.c ****   */
 825:Drivers/STM32F0xx_HAL_Driver/Src/stm32f0xx_hal_dma.c **** static void DMA_SetConfig(DMA_HandleTypeDef *hdma, uint32_t SrcAddress, uint32_t DstAddress, uint32
 826:Drivers/STM32F0xx_HAL_Driver/Src/stm32f0xx_hal_dma.c **** {
  27              		.loc 1 826 1 view -0
  28              		.cfi_startproc
  29              		@ args = 0, pretend = 0, frame = 0
  30              		@ frame_needed = 0, uses_anonymous_args = 0
ARM GAS  /tmp/ccVarZPm.s 			page 16


  31              		.loc 1 826 1 is_stmt 0 view .LVU1
  32 0000 70B5     		push	{r4, r5, r6, lr}
  33              	.LCFI0:
  34              		.cfi_def_cfa_offset 16
  35              		.cfi_offset 4, -16
  36              		.cfi_offset 5, -12
  37              		.cfi_offset 6, -8
  38              		.cfi_offset 14, -4
 827:Drivers/STM32F0xx_HAL_Driver/Src/stm32f0xx_hal_dma.c ****   /* Clear all flags */
 828:Drivers/STM32F0xx_HAL_Driver/Src/stm32f0xx_hal_dma.c ****   hdma->DmaBaseAddress->IFCR  = (DMA_FLAG_GL1 << hdma->ChannelIndex);
  39              		.loc 1 828 3 is_stmt 1 view .LVU2
  40              		.loc 1 828 54 is_stmt 0 view .LVU3
  41 0002 056C     		ldr	r5, [r0, #64]
  42              		.loc 1 828 7 view .LVU4
  43 0004 C46B     		ldr	r4, [r0, #60]
  44              		.loc 1 828 47 view .LVU5
  45 0006 0126     		movs	r6, #1
  46 0008 AE40     		lsls	r6, r6, r5
  47              		.loc 1 828 31 view .LVU6
  48 000a 6660     		str	r6, [r4, #4]
 829:Drivers/STM32F0xx_HAL_Driver/Src/stm32f0xx_hal_dma.c **** 
 830:Drivers/STM32F0xx_HAL_Driver/Src/stm32f0xx_hal_dma.c ****   /* Configure DMA Channel data length */
 831:Drivers/STM32F0xx_HAL_Driver/Src/stm32f0xx_hal_dma.c ****   hdma->Instance->CNDTR = DataLength;
  49              		.loc 1 831 3 is_stmt 1 view .LVU7
  50              		.loc 1 831 7 is_stmt 0 view .LVU8
  51 000c 0468     		ldr	r4, [r0]
  52              		.loc 1 831 25 view .LVU9
  53 000e 6360     		str	r3, [r4, #4]
 832:Drivers/STM32F0xx_HAL_Driver/Src/stm32f0xx_hal_dma.c **** 
 833:Drivers/STM32F0xx_HAL_Driver/Src/stm32f0xx_hal_dma.c ****   /* Memory to Peripheral */
 834:Drivers/STM32F0xx_HAL_Driver/Src/stm32f0xx_hal_dma.c ****   if ((hdma->Init.Direction) == DMA_MEMORY_TO_PERIPH)
  54              		.loc 1 834 3 is_stmt 1 view .LVU10
  55              		.loc 1 834 18 is_stmt 0 view .LVU11
  56 0010 4368     		ldr	r3, [r0, #4]
  57              	.LVL1:
  58              		.loc 1 834 6 view .LVU12
  59 0012 102B     		cmp	r3, #16
  60 0014 04D0     		beq	.L4
 835:Drivers/STM32F0xx_HAL_Driver/Src/stm32f0xx_hal_dma.c ****   {
 836:Drivers/STM32F0xx_HAL_Driver/Src/stm32f0xx_hal_dma.c ****     /* Configure DMA Channel destination address */
 837:Drivers/STM32F0xx_HAL_Driver/Src/stm32f0xx_hal_dma.c ****     hdma->Instance->CPAR = DstAddress;
 838:Drivers/STM32F0xx_HAL_Driver/Src/stm32f0xx_hal_dma.c **** 
 839:Drivers/STM32F0xx_HAL_Driver/Src/stm32f0xx_hal_dma.c ****     /* Configure DMA Channel source address */
 840:Drivers/STM32F0xx_HAL_Driver/Src/stm32f0xx_hal_dma.c ****     hdma->Instance->CMAR = SrcAddress;
 841:Drivers/STM32F0xx_HAL_Driver/Src/stm32f0xx_hal_dma.c ****   }
 842:Drivers/STM32F0xx_HAL_Driver/Src/stm32f0xx_hal_dma.c ****   /* Peripheral to Memory */
 843:Drivers/STM32F0xx_HAL_Driver/Src/stm32f0xx_hal_dma.c ****   else
 844:Drivers/STM32F0xx_HAL_Driver/Src/stm32f0xx_hal_dma.c ****   {
 845:Drivers/STM32F0xx_HAL_Driver/Src/stm32f0xx_hal_dma.c ****     /* Configure DMA Channel source address */
 846:Drivers/STM32F0xx_HAL_Driver/Src/stm32f0xx_hal_dma.c ****     hdma->Instance->CPAR = SrcAddress;
  61              		.loc 1 846 5 is_stmt 1 view .LVU13
  62              		.loc 1 846 9 is_stmt 0 view .LVU14
  63 0016 0368     		ldr	r3, [r0]
  64              		.loc 1 846 26 view .LVU15
  65 0018 9960     		str	r1, [r3, #8]
  66              	.LVL2:
 847:Drivers/STM32F0xx_HAL_Driver/Src/stm32f0xx_hal_dma.c **** 
ARM GAS  /tmp/ccVarZPm.s 			page 17


 848:Drivers/STM32F0xx_HAL_Driver/Src/stm32f0xx_hal_dma.c ****     /* Configure DMA Channel destination address */
 849:Drivers/STM32F0xx_HAL_Driver/Src/stm32f0xx_hal_dma.c ****     hdma->Instance->CMAR = DstAddress;
  67              		.loc 1 849 5 is_stmt 1 view .LVU16
  68              		.loc 1 849 9 is_stmt 0 view .LVU17
  69 001a 0368     		ldr	r3, [r0]
  70              		.loc 1 849 26 view .LVU18
  71 001c DA60     		str	r2, [r3, #12]
  72              	.L1:
 850:Drivers/STM32F0xx_HAL_Driver/Src/stm32f0xx_hal_dma.c ****   }
 851:Drivers/STM32F0xx_HAL_Driver/Src/stm32f0xx_hal_dma.c **** }
  73              		.loc 1 851 1 view .LVU19
  74              		@ sp needed
  75 001e 70BD     		pop	{r4, r5, r6, pc}
  76              	.LVL3:
  77              	.L4:
 837:Drivers/STM32F0xx_HAL_Driver/Src/stm32f0xx_hal_dma.c **** 
  78              		.loc 1 837 5 is_stmt 1 view .LVU20
 837:Drivers/STM32F0xx_HAL_Driver/Src/stm32f0xx_hal_dma.c **** 
  79              		.loc 1 837 9 is_stmt 0 view .LVU21
  80 0020 0368     		ldr	r3, [r0]
 837:Drivers/STM32F0xx_HAL_Driver/Src/stm32f0xx_hal_dma.c **** 
  81              		.loc 1 837 26 view .LVU22
  82 0022 9A60     		str	r2, [r3, #8]
  83              	.LVL4:
 840:Drivers/STM32F0xx_HAL_Driver/Src/stm32f0xx_hal_dma.c ****   }
  84              		.loc 1 840 5 is_stmt 1 view .LVU23
 840:Drivers/STM32F0xx_HAL_Driver/Src/stm32f0xx_hal_dma.c ****   }
  85              		.loc 1 840 9 is_stmt 0 view .LVU24
  86 0024 0368     		ldr	r3, [r0]
 840:Drivers/STM32F0xx_HAL_Driver/Src/stm32f0xx_hal_dma.c ****   }
  87              		.loc 1 840 26 view .LVU25
  88 0026 D960     		str	r1, [r3, #12]
  89 0028 F9E7     		b	.L1
  90              		.cfi_endproc
  91              	.LFE52:
  93              		.section	.text.DMA_CalcBaseAndBitshift,"ax",%progbits
  94              		.align	1
  95              		.syntax unified
  96              		.code	16
  97              		.thumb_func
  99              	DMA_CalcBaseAndBitshift:
 100              	.LVL5:
 101              	.LFB53:
 852:Drivers/STM32F0xx_HAL_Driver/Src/stm32f0xx_hal_dma.c **** 
 853:Drivers/STM32F0xx_HAL_Driver/Src/stm32f0xx_hal_dma.c **** /**
 854:Drivers/STM32F0xx_HAL_Driver/Src/stm32f0xx_hal_dma.c ****   * @brief  set the DMA base address and channel index depending on DMA instance
 855:Drivers/STM32F0xx_HAL_Driver/Src/stm32f0xx_hal_dma.c ****   * @param  hdma       pointer to a DMA_HandleTypeDef structure that contains
 856:Drivers/STM32F0xx_HAL_Driver/Src/stm32f0xx_hal_dma.c ****   *                     the configuration information for the specified DMA Stream.
 857:Drivers/STM32F0xx_HAL_Driver/Src/stm32f0xx_hal_dma.c ****   * @retval None
 858:Drivers/STM32F0xx_HAL_Driver/Src/stm32f0xx_hal_dma.c ****   */
 859:Drivers/STM32F0xx_HAL_Driver/Src/stm32f0xx_hal_dma.c **** static void DMA_CalcBaseAndBitshift(DMA_HandleTypeDef *hdma)
 860:Drivers/STM32F0xx_HAL_Driver/Src/stm32f0xx_hal_dma.c **** {
 102              		.loc 1 860 1 is_stmt 1 view -0
 103              		.cfi_startproc
 104              		@ args = 0, pretend = 0, frame = 0
 105              		@ frame_needed = 0, uses_anonymous_args = 0
 106              		.loc 1 860 1 is_stmt 0 view .LVU27
ARM GAS  /tmp/ccVarZPm.s 			page 18


 107 0000 10B5     		push	{r4, lr}
 108              	.LCFI1:
 109              		.cfi_def_cfa_offset 8
 110              		.cfi_offset 4, -8
 111              		.cfi_offset 14, -4
 112 0002 0400     		movs	r4, r0
 861:Drivers/STM32F0xx_HAL_Driver/Src/stm32f0xx_hal_dma.c **** #if defined (DMA2)
 862:Drivers/STM32F0xx_HAL_Driver/Src/stm32f0xx_hal_dma.c ****   /* calculation of the channel index */
 863:Drivers/STM32F0xx_HAL_Driver/Src/stm32f0xx_hal_dma.c ****   if ((uint32_t)(hdma->Instance) < (uint32_t)(DMA2_Channel1))
 864:Drivers/STM32F0xx_HAL_Driver/Src/stm32f0xx_hal_dma.c ****   {
 865:Drivers/STM32F0xx_HAL_Driver/Src/stm32f0xx_hal_dma.c ****     /* DMA1 */
 866:Drivers/STM32F0xx_HAL_Driver/Src/stm32f0xx_hal_dma.c ****     hdma->ChannelIndex = (((uint32_t)hdma->Instance - (uint32_t)DMA1_Channel1) / ((uint32_t)DMA1_Ch
 867:Drivers/STM32F0xx_HAL_Driver/Src/stm32f0xx_hal_dma.c ****     hdma->DmaBaseAddress = DMA1;
 868:Drivers/STM32F0xx_HAL_Driver/Src/stm32f0xx_hal_dma.c ****   }
 869:Drivers/STM32F0xx_HAL_Driver/Src/stm32f0xx_hal_dma.c ****   else
 870:Drivers/STM32F0xx_HAL_Driver/Src/stm32f0xx_hal_dma.c ****   {
 871:Drivers/STM32F0xx_HAL_Driver/Src/stm32f0xx_hal_dma.c ****     /* DMA2 */
 872:Drivers/STM32F0xx_HAL_Driver/Src/stm32f0xx_hal_dma.c ****     hdma->ChannelIndex = (((uint32_t)hdma->Instance - (uint32_t)DMA2_Channel1) / ((uint32_t)DMA2_Ch
 873:Drivers/STM32F0xx_HAL_Driver/Src/stm32f0xx_hal_dma.c ****     hdma->DmaBaseAddress = DMA2;
 874:Drivers/STM32F0xx_HAL_Driver/Src/stm32f0xx_hal_dma.c ****   }
 875:Drivers/STM32F0xx_HAL_Driver/Src/stm32f0xx_hal_dma.c **** #else
 876:Drivers/STM32F0xx_HAL_Driver/Src/stm32f0xx_hal_dma.c ****   /* calculation of the channel index */
 877:Drivers/STM32F0xx_HAL_Driver/Src/stm32f0xx_hal_dma.c ****   /* DMA1 */
 878:Drivers/STM32F0xx_HAL_Driver/Src/stm32f0xx_hal_dma.c ****   hdma->ChannelIndex = (((uint32_t)hdma->Instance - (uint32_t)DMA1_Channel1) / ((uint32_t)DMA1_Chan
 113              		.loc 1 878 3 is_stmt 1 view .LVU28
 114              		.loc 1 878 40 is_stmt 0 view .LVU29
 115 0004 0068     		ldr	r0, [r0]
 116              	.LVL6:
 117              		.loc 1 878 51 view .LVU30
 118 0006 054B     		ldr	r3, .L6
 119 0008 9C46     		mov	ip, r3
 120 000a 6044     		add	r0, r0, ip
 121              		.loc 1 878 78 view .LVU31
 122 000c 1421     		movs	r1, #20
 123 000e FFF7FEFF 		bl	__aeabi_uidiv
 124              	.LVL7:
 125              		.loc 1 878 133 view .LVU32
 126 0012 8000     		lsls	r0, r0, #2
 127              		.loc 1 878 22 view .LVU33
 128 0014 2064     		str	r0, [r4, #64]
 879:Drivers/STM32F0xx_HAL_Driver/Src/stm32f0xx_hal_dma.c ****   hdma->DmaBaseAddress = DMA1;
 129              		.loc 1 879 3 is_stmt 1 view .LVU34
 130              		.loc 1 879 24 is_stmt 0 view .LVU35
 131 0016 024B     		ldr	r3, .L6+4
 132 0018 E363     		str	r3, [r4, #60]
 880:Drivers/STM32F0xx_HAL_Driver/Src/stm32f0xx_hal_dma.c **** #endif
 881:Drivers/STM32F0xx_HAL_Driver/Src/stm32f0xx_hal_dma.c **** }
 133              		.loc 1 881 1 view .LVU36
 134              		@ sp needed
 135              	.LVL8:
 136              		.loc 1 881 1 view .LVU37
 137 001a 10BD     		pop	{r4, pc}
 138              	.L7:
 139              		.align	2
 140              	.L6:
 141 001c F8FFFDBF 		.word	-1073872904
 142 0020 00000240 		.word	1073872896
ARM GAS  /tmp/ccVarZPm.s 			page 19


 143              		.cfi_endproc
 144              	.LFE53:
 146              		.section	.text.HAL_DMA_Init,"ax",%progbits
 147              		.align	1
 148              		.global	HAL_DMA_Init
 149              		.syntax unified
 150              		.code	16
 151              		.thumb_func
 153              	HAL_DMA_Init:
 154              	.LVL9:
 155              	.LFB40:
 138:Drivers/STM32F0xx_HAL_Driver/Src/stm32f0xx_hal_dma.c ****   uint32_t tmp = 0U;
 156              		.loc 1 138 1 is_stmt 1 view -0
 157              		.cfi_startproc
 158              		@ args = 0, pretend = 0, frame = 0
 159              		@ frame_needed = 0, uses_anonymous_args = 0
 138:Drivers/STM32F0xx_HAL_Driver/Src/stm32f0xx_hal_dma.c ****   uint32_t tmp = 0U;
 160              		.loc 1 138 1 is_stmt 0 view .LVU39
 161 0000 70B5     		push	{r4, r5, r6, lr}
 162              	.LCFI2:
 163              		.cfi_def_cfa_offset 16
 164              		.cfi_offset 4, -16
 165              		.cfi_offset 5, -12
 166              		.cfi_offset 6, -8
 167              		.cfi_offset 14, -4
 168 0002 041E     		subs	r4, r0, #0
 139:Drivers/STM32F0xx_HAL_Driver/Src/stm32f0xx_hal_dma.c **** 
 169              		.loc 1 139 3 is_stmt 1 view .LVU40
 170              	.LVL10:
 142:Drivers/STM32F0xx_HAL_Driver/Src/stm32f0xx_hal_dma.c ****   {
 171              		.loc 1 142 3 view .LVU41
 142:Drivers/STM32F0xx_HAL_Driver/Src/stm32f0xx_hal_dma.c ****   {
 172              		.loc 1 142 6 is_stmt 0 view .LVU42
 173 0004 20D0     		beq	.L10
 148:Drivers/STM32F0xx_HAL_Driver/Src/stm32f0xx_hal_dma.c ****   assert_param(IS_DMA_DIRECTION(hdma->Init.Direction));
 174              		.loc 1 148 3 is_stmt 1 view .LVU43
 149:Drivers/STM32F0xx_HAL_Driver/Src/stm32f0xx_hal_dma.c ****   assert_param(IS_DMA_PERIPHERAL_INC_STATE(hdma->Init.PeriphInc));
 175              		.loc 1 149 3 view .LVU44
 150:Drivers/STM32F0xx_HAL_Driver/Src/stm32f0xx_hal_dma.c ****   assert_param(IS_DMA_MEMORY_INC_STATE(hdma->Init.MemInc));
 176              		.loc 1 150 3 view .LVU45
 151:Drivers/STM32F0xx_HAL_Driver/Src/stm32f0xx_hal_dma.c ****   assert_param(IS_DMA_PERIPHERAL_DATA_SIZE(hdma->Init.PeriphDataAlignment));
 177              		.loc 1 151 3 view .LVU46
 152:Drivers/STM32F0xx_HAL_Driver/Src/stm32f0xx_hal_dma.c ****   assert_param(IS_DMA_MEMORY_DATA_SIZE(hdma->Init.MemDataAlignment));
 178              		.loc 1 152 3 view .LVU47
 153:Drivers/STM32F0xx_HAL_Driver/Src/stm32f0xx_hal_dma.c ****   assert_param(IS_DMA_MODE(hdma->Init.Mode));
 179              		.loc 1 153 3 view .LVU48
 154:Drivers/STM32F0xx_HAL_Driver/Src/stm32f0xx_hal_dma.c ****   assert_param(IS_DMA_PRIORITY(hdma->Init.Priority));
 180              		.loc 1 154 3 view .LVU49
 155:Drivers/STM32F0xx_HAL_Driver/Src/stm32f0xx_hal_dma.c **** 
 181              		.loc 1 155 3 view .LVU50
 158:Drivers/STM32F0xx_HAL_Driver/Src/stm32f0xx_hal_dma.c **** 
 182              		.loc 1 158 3 view .LVU51
 158:Drivers/STM32F0xx_HAL_Driver/Src/stm32f0xx_hal_dma.c **** 
 183              		.loc 1 158 15 is_stmt 0 view .LVU52
 184 0006 0223     		movs	r3, #2
 185 0008 2125     		movs	r5, #33
 186 000a 4355     		strb	r3, [r0, r5]
ARM GAS  /tmp/ccVarZPm.s 			page 20


 161:Drivers/STM32F0xx_HAL_Driver/Src/stm32f0xx_hal_dma.c **** 
 187              		.loc 1 161 3 is_stmt 1 view .LVU53
 161:Drivers/STM32F0xx_HAL_Driver/Src/stm32f0xx_hal_dma.c **** 
 188              		.loc 1 161 13 is_stmt 0 view .LVU54
 189 000c 0168     		ldr	r1, [r0]
 161:Drivers/STM32F0xx_HAL_Driver/Src/stm32f0xx_hal_dma.c **** 
 190              		.loc 1 161 7 view .LVU55
 191 000e 0A68     		ldr	r2, [r1]
 192              	.LVL11:
 164:Drivers/STM32F0xx_HAL_Driver/Src/stm32f0xx_hal_dma.c ****                       DMA_CCR_MINC  | DMA_CCR_PINC   | DMA_CCR_CIRC   | \
 193              		.loc 1 164 3 is_stmt 1 view .LVU56
 164:Drivers/STM32F0xx_HAL_Driver/Src/stm32f0xx_hal_dma.c ****                       DMA_CCR_MINC  | DMA_CCR_PINC   | DMA_CCR_CIRC   | \
 194              		.loc 1 164 7 is_stmt 0 view .LVU57
 195 0010 0E4B     		ldr	r3, .L11
 196 0012 1A40     		ands	r2, r3
 197              	.LVL12:
 169:Drivers/STM32F0xx_HAL_Driver/Src/stm32f0xx_hal_dma.c ****           hdma->Init.PeriphInc           | hdma->Init.MemInc           |
 198              		.loc 1 169 3 is_stmt 1 view .LVU58
 169:Drivers/STM32F0xx_HAL_Driver/Src/stm32f0xx_hal_dma.c ****           hdma->Init.PeriphInc           | hdma->Init.MemInc           |
 199              		.loc 1 169 21 is_stmt 0 view .LVU59
 200 0014 4368     		ldr	r3, [r0, #4]
 170:Drivers/STM32F0xx_HAL_Driver/Src/stm32f0xx_hal_dma.c ****           hdma->Init.PeriphDataAlignment | hdma->Init.MemDataAlignment |
 201              		.loc 1 170 21 view .LVU60
 202 0016 8068     		ldr	r0, [r0, #8]
 203              	.LVL13:
 169:Drivers/STM32F0xx_HAL_Driver/Src/stm32f0xx_hal_dma.c ****           hdma->Init.PeriphInc           | hdma->Init.MemInc           |
 204              		.loc 1 169 39 view .LVU61
 205 0018 0343     		orrs	r3, r0
 170:Drivers/STM32F0xx_HAL_Driver/Src/stm32f0xx_hal_dma.c ****           hdma->Init.PeriphDataAlignment | hdma->Init.MemDataAlignment |
 206              		.loc 1 170 54 view .LVU62
 207 001a E068     		ldr	r0, [r4, #12]
 170:Drivers/STM32F0xx_HAL_Driver/Src/stm32f0xx_hal_dma.c ****           hdma->Init.PeriphDataAlignment | hdma->Init.MemDataAlignment |
 208              		.loc 1 170 42 view .LVU63
 209 001c 0343     		orrs	r3, r0
 171:Drivers/STM32F0xx_HAL_Driver/Src/stm32f0xx_hal_dma.c ****           hdma->Init.Mode                | hdma->Init.Priority;
 210              		.loc 1 171 21 view .LVU64
 211 001e 2069     		ldr	r0, [r4, #16]
 170:Drivers/STM32F0xx_HAL_Driver/Src/stm32f0xx_hal_dma.c ****           hdma->Init.PeriphDataAlignment | hdma->Init.MemDataAlignment |
 212              		.loc 1 170 72 view .LVU65
 213 0020 0343     		orrs	r3, r0
 171:Drivers/STM32F0xx_HAL_Driver/Src/stm32f0xx_hal_dma.c ****           hdma->Init.Mode                | hdma->Init.Priority;
 214              		.loc 1 171 54 view .LVU66
 215 0022 6069     		ldr	r0, [r4, #20]
 171:Drivers/STM32F0xx_HAL_Driver/Src/stm32f0xx_hal_dma.c ****           hdma->Init.Mode                | hdma->Init.Priority;
 216              		.loc 1 171 42 view .LVU67
 217 0024 0343     		orrs	r3, r0
 172:Drivers/STM32F0xx_HAL_Driver/Src/stm32f0xx_hal_dma.c **** 
 218              		.loc 1 172 21 view .LVU68
 219 0026 A069     		ldr	r0, [r4, #24]
 171:Drivers/STM32F0xx_HAL_Driver/Src/stm32f0xx_hal_dma.c ****           hdma->Init.Mode                | hdma->Init.Priority;
 220              		.loc 1 171 72 view .LVU69
 221 0028 0343     		orrs	r3, r0
 172:Drivers/STM32F0xx_HAL_Driver/Src/stm32f0xx_hal_dma.c **** 
 222              		.loc 1 172 54 view .LVU70
 223 002a E069     		ldr	r0, [r4, #28]
 172:Drivers/STM32F0xx_HAL_Driver/Src/stm32f0xx_hal_dma.c **** 
 224              		.loc 1 172 42 view .LVU71
ARM GAS  /tmp/ccVarZPm.s 			page 21


 225 002c 0343     		orrs	r3, r0
 169:Drivers/STM32F0xx_HAL_Driver/Src/stm32f0xx_hal_dma.c ****           hdma->Init.PeriphInc           | hdma->Init.MemInc           |
 226              		.loc 1 169 7 view .LVU72
 227 002e 1343     		orrs	r3, r2
 228              	.LVL14:
 175:Drivers/STM32F0xx_HAL_Driver/Src/stm32f0xx_hal_dma.c **** 
 229              		.loc 1 175 3 is_stmt 1 view .LVU73
 175:Drivers/STM32F0xx_HAL_Driver/Src/stm32f0xx_hal_dma.c **** 
 230              		.loc 1 175 23 is_stmt 0 view .LVU74
 231 0030 0B60     		str	r3, [r1]
 179:Drivers/STM32F0xx_HAL_Driver/Src/stm32f0xx_hal_dma.c **** 
 232              		.loc 1 179 3 is_stmt 1 view .LVU75
 233 0032 2000     		movs	r0, r4
 234 0034 FFF7FEFF 		bl	DMA_CalcBaseAndBitshift
 235              	.LVL15:
 182:Drivers/STM32F0xx_HAL_Driver/Src/stm32f0xx_hal_dma.c **** 
 236              		.loc 1 182 3 view .LVU76
 182:Drivers/STM32F0xx_HAL_Driver/Src/stm32f0xx_hal_dma.c **** 
 237              		.loc 1 182 19 is_stmt 0 view .LVU77
 238 0038 0023     		movs	r3, #0
 239 003a A363     		str	r3, [r4, #56]
 185:Drivers/STM32F0xx_HAL_Driver/Src/stm32f0xx_hal_dma.c **** 
 240              		.loc 1 185 3 is_stmt 1 view .LVU78
 185:Drivers/STM32F0xx_HAL_Driver/Src/stm32f0xx_hal_dma.c **** 
 241              		.loc 1 185 15 is_stmt 0 view .LVU79
 242 003c 0122     		movs	r2, #1
 243 003e 6255     		strb	r2, [r4, r5]
 188:Drivers/STM32F0xx_HAL_Driver/Src/stm32f0xx_hal_dma.c **** 
 244              		.loc 1 188 3 is_stmt 1 view .LVU80
 188:Drivers/STM32F0xx_HAL_Driver/Src/stm32f0xx_hal_dma.c **** 
 245              		.loc 1 188 14 is_stmt 0 view .LVU81
 246 0040 1F32     		adds	r2, r2, #31
 247 0042 A354     		strb	r3, [r4, r2]
 190:Drivers/STM32F0xx_HAL_Driver/Src/stm32f0xx_hal_dma.c **** }
 248              		.loc 1 190 3 is_stmt 1 view .LVU82
 190:Drivers/STM32F0xx_HAL_Driver/Src/stm32f0xx_hal_dma.c **** }
 249              		.loc 1 190 10 is_stmt 0 view .LVU83
 250 0044 0020     		movs	r0, #0
 251              	.LVL16:
 252              	.L9:
 191:Drivers/STM32F0xx_HAL_Driver/Src/stm32f0xx_hal_dma.c **** 
 253              		.loc 1 191 1 view .LVU84
 254              		@ sp needed
 255              	.LVL17:
 191:Drivers/STM32F0xx_HAL_Driver/Src/stm32f0xx_hal_dma.c **** 
 256              		.loc 1 191 1 view .LVU85
 257 0046 70BD     		pop	{r4, r5, r6, pc}
 258              	.LVL18:
 259              	.L10:
 144:Drivers/STM32F0xx_HAL_Driver/Src/stm32f0xx_hal_dma.c ****   }
 260              		.loc 1 144 12 view .LVU86
 261 0048 0120     		movs	r0, #1
 262              	.LVL19:
 144:Drivers/STM32F0xx_HAL_Driver/Src/stm32f0xx_hal_dma.c ****   }
 263              		.loc 1 144 12 view .LVU87
 264 004a FCE7     		b	.L9
 265              	.L12:
ARM GAS  /tmp/ccVarZPm.s 			page 22


 266              		.align	2
 267              	.L11:
 268 004c 0FC0FFFF 		.word	-16369
 269              		.cfi_endproc
 270              	.LFE40:
 272              		.section	.text.HAL_DMA_DeInit,"ax",%progbits
 273              		.align	1
 274              		.global	HAL_DMA_DeInit
 275              		.syntax unified
 276              		.code	16
 277              		.thumb_func
 279              	HAL_DMA_DeInit:
 280              	.LVL20:
 281              	.LFB41:
 200:Drivers/STM32F0xx_HAL_Driver/Src/stm32f0xx_hal_dma.c ****   /* Check the DMA handle allocation */
 282              		.loc 1 200 1 is_stmt 1 view -0
 283              		.cfi_startproc
 284              		@ args = 0, pretend = 0, frame = 0
 285              		@ frame_needed = 0, uses_anonymous_args = 0
 200:Drivers/STM32F0xx_HAL_Driver/Src/stm32f0xx_hal_dma.c ****   /* Check the DMA handle allocation */
 286              		.loc 1 200 1 is_stmt 0 view .LVU89
 287 0000 70B5     		push	{r4, r5, r6, lr}
 288              	.LCFI3:
 289              		.cfi_def_cfa_offset 16
 290              		.cfi_offset 4, -16
 291              		.cfi_offset 5, -12
 292              		.cfi_offset 6, -8
 293              		.cfi_offset 14, -4
 294 0002 041E     		subs	r4, r0, #0
 202:Drivers/STM32F0xx_HAL_Driver/Src/stm32f0xx_hal_dma.c ****   {
 295              		.loc 1 202 3 is_stmt 1 view .LVU90
 202:Drivers/STM32F0xx_HAL_Driver/Src/stm32f0xx_hal_dma.c ****   {
 296              		.loc 1 202 6 is_stmt 0 view .LVU91
 297 0004 1FD0     		beq	.L15
 208:Drivers/STM32F0xx_HAL_Driver/Src/stm32f0xx_hal_dma.c **** 
 298              		.loc 1 208 3 is_stmt 1 view .LVU92
 211:Drivers/STM32F0xx_HAL_Driver/Src/stm32f0xx_hal_dma.c **** 
 299              		.loc 1 211 3 view .LVU93
 211:Drivers/STM32F0xx_HAL_Driver/Src/stm32f0xx_hal_dma.c **** 
 300              		.loc 1 211 7 is_stmt 0 view .LVU94
 301 0006 0268     		ldr	r2, [r0]
 211:Drivers/STM32F0xx_HAL_Driver/Src/stm32f0xx_hal_dma.c **** 
 302              		.loc 1 211 17 view .LVU95
 303 0008 1368     		ldr	r3, [r2]
 211:Drivers/STM32F0xx_HAL_Driver/Src/stm32f0xx_hal_dma.c **** 
 304              		.loc 1 211 23 view .LVU96
 305 000a 0121     		movs	r1, #1
 306 000c 8B43     		bics	r3, r1
 307 000e 1360     		str	r3, [r2]
 214:Drivers/STM32F0xx_HAL_Driver/Src/stm32f0xx_hal_dma.c **** 
 308              		.loc 1 214 3 is_stmt 1 view .LVU97
 214:Drivers/STM32F0xx_HAL_Driver/Src/stm32f0xx_hal_dma.c **** 
 309              		.loc 1 214 7 is_stmt 0 view .LVU98
 310 0010 0368     		ldr	r3, [r0]
 214:Drivers/STM32F0xx_HAL_Driver/Src/stm32f0xx_hal_dma.c **** 
 311              		.loc 1 214 24 view .LVU99
 312 0012 0025     		movs	r5, #0
ARM GAS  /tmp/ccVarZPm.s 			page 23


 313 0014 1D60     		str	r5, [r3]
 217:Drivers/STM32F0xx_HAL_Driver/Src/stm32f0xx_hal_dma.c **** 
 314              		.loc 1 217 3 is_stmt 1 view .LVU100
 217:Drivers/STM32F0xx_HAL_Driver/Src/stm32f0xx_hal_dma.c **** 
 315              		.loc 1 217 7 is_stmt 0 view .LVU101
 316 0016 0368     		ldr	r3, [r0]
 217:Drivers/STM32F0xx_HAL_Driver/Src/stm32f0xx_hal_dma.c **** 
 317              		.loc 1 217 25 view .LVU102
 318 0018 5D60     		str	r5, [r3, #4]
 220:Drivers/STM32F0xx_HAL_Driver/Src/stm32f0xx_hal_dma.c **** 
 319              		.loc 1 220 3 is_stmt 1 view .LVU103
 220:Drivers/STM32F0xx_HAL_Driver/Src/stm32f0xx_hal_dma.c **** 
 320              		.loc 1 220 7 is_stmt 0 view .LVU104
 321 001a 0368     		ldr	r3, [r0]
 220:Drivers/STM32F0xx_HAL_Driver/Src/stm32f0xx_hal_dma.c **** 
 322              		.loc 1 220 25 view .LVU105
 323 001c 9D60     		str	r5, [r3, #8]
 223:Drivers/STM32F0xx_HAL_Driver/Src/stm32f0xx_hal_dma.c **** 
 324              		.loc 1 223 3 is_stmt 1 view .LVU106
 223:Drivers/STM32F0xx_HAL_Driver/Src/stm32f0xx_hal_dma.c **** 
 325              		.loc 1 223 7 is_stmt 0 view .LVU107
 326 001e 0368     		ldr	r3, [r0]
 223:Drivers/STM32F0xx_HAL_Driver/Src/stm32f0xx_hal_dma.c **** 
 327              		.loc 1 223 24 view .LVU108
 328 0020 DD60     		str	r5, [r3, #12]
 226:Drivers/STM32F0xx_HAL_Driver/Src/stm32f0xx_hal_dma.c **** 
 329              		.loc 1 226 3 is_stmt 1 view .LVU109
 330 0022 FFF7FEFF 		bl	DMA_CalcBaseAndBitshift
 331              	.LVL21:
 229:Drivers/STM32F0xx_HAL_Driver/Src/stm32f0xx_hal_dma.c **** 
 332              		.loc 1 229 3 view .LVU110
 229:Drivers/STM32F0xx_HAL_Driver/Src/stm32f0xx_hal_dma.c **** 
 333              		.loc 1 229 52 is_stmt 0 view .LVU111
 334 0026 236C     		ldr	r3, [r4, #64]
 229:Drivers/STM32F0xx_HAL_Driver/Src/stm32f0xx_hal_dma.c **** 
 335              		.loc 1 229 7 view .LVU112
 336 0028 E26B     		ldr	r2, [r4, #60]
 229:Drivers/STM32F0xx_HAL_Driver/Src/stm32f0xx_hal_dma.c **** 
 337              		.loc 1 229 45 view .LVU113
 338 002a 0121     		movs	r1, #1
 339 002c 9940     		lsls	r1, r1, r3
 229:Drivers/STM32F0xx_HAL_Driver/Src/stm32f0xx_hal_dma.c **** 
 340              		.loc 1 229 30 view .LVU114
 341 002e 5160     		str	r1, [r2, #4]
 232:Drivers/STM32F0xx_HAL_Driver/Src/stm32f0xx_hal_dma.c ****   hdma->XferHalfCpltCallback = NULL;
 342              		.loc 1 232 3 is_stmt 1 view .LVU115
 232:Drivers/STM32F0xx_HAL_Driver/Src/stm32f0xx_hal_dma.c ****   hdma->XferHalfCpltCallback = NULL;
 343              		.loc 1 232 26 is_stmt 0 view .LVU116
 344 0030 A562     		str	r5, [r4, #40]
 233:Drivers/STM32F0xx_HAL_Driver/Src/stm32f0xx_hal_dma.c ****   hdma->XferErrorCallback = NULL;
 345              		.loc 1 233 3 is_stmt 1 view .LVU117
 233:Drivers/STM32F0xx_HAL_Driver/Src/stm32f0xx_hal_dma.c ****   hdma->XferErrorCallback = NULL;
 346              		.loc 1 233 30 is_stmt 0 view .LVU118
 347 0032 E562     		str	r5, [r4, #44]
 234:Drivers/STM32F0xx_HAL_Driver/Src/stm32f0xx_hal_dma.c ****   hdma->XferAbortCallback = NULL;
 348              		.loc 1 234 3 is_stmt 1 view .LVU119
 234:Drivers/STM32F0xx_HAL_Driver/Src/stm32f0xx_hal_dma.c ****   hdma->XferAbortCallback = NULL;
ARM GAS  /tmp/ccVarZPm.s 			page 24


 349              		.loc 1 234 27 is_stmt 0 view .LVU120
 350 0034 2563     		str	r5, [r4, #48]
 235:Drivers/STM32F0xx_HAL_Driver/Src/stm32f0xx_hal_dma.c **** 
 351              		.loc 1 235 3 is_stmt 1 view .LVU121
 235:Drivers/STM32F0xx_HAL_Driver/Src/stm32f0xx_hal_dma.c **** 
 352              		.loc 1 235 27 is_stmt 0 view .LVU122
 353 0036 6563     		str	r5, [r4, #52]
 238:Drivers/STM32F0xx_HAL_Driver/Src/stm32f0xx_hal_dma.c **** 
 354              		.loc 1 238 3 is_stmt 1 view .LVU123
 238:Drivers/STM32F0xx_HAL_Driver/Src/stm32f0xx_hal_dma.c **** 
 355              		.loc 1 238 19 is_stmt 0 view .LVU124
 356 0038 A563     		str	r5, [r4, #56]
 241:Drivers/STM32F0xx_HAL_Driver/Src/stm32f0xx_hal_dma.c **** 
 357              		.loc 1 241 3 is_stmt 1 view .LVU125
 241:Drivers/STM32F0xx_HAL_Driver/Src/stm32f0xx_hal_dma.c **** 
 358              		.loc 1 241 15 is_stmt 0 view .LVU126
 359 003a 2123     		movs	r3, #33
 360 003c E554     		strb	r5, [r4, r3]
 244:Drivers/STM32F0xx_HAL_Driver/Src/stm32f0xx_hal_dma.c **** 
 361              		.loc 1 244 3 is_stmt 1 view .LVU127
 244:Drivers/STM32F0xx_HAL_Driver/Src/stm32f0xx_hal_dma.c **** 
 362              		.loc 1 244 3 view .LVU128
 363 003e 013B     		subs	r3, r3, #1
 364 0040 E554     		strb	r5, [r4, r3]
 244:Drivers/STM32F0xx_HAL_Driver/Src/stm32f0xx_hal_dma.c **** 
 365              		.loc 1 244 3 view .LVU129
 246:Drivers/STM32F0xx_HAL_Driver/Src/stm32f0xx_hal_dma.c **** }
 366              		.loc 1 246 3 view .LVU130
 246:Drivers/STM32F0xx_HAL_Driver/Src/stm32f0xx_hal_dma.c **** }
 367              		.loc 1 246 10 is_stmt 0 view .LVU131
 368 0042 0020     		movs	r0, #0
 369              	.L14:
 247:Drivers/STM32F0xx_HAL_Driver/Src/stm32f0xx_hal_dma.c **** 
 370              		.loc 1 247 1 view .LVU132
 371              		@ sp needed
 372              	.LVL22:
 247:Drivers/STM32F0xx_HAL_Driver/Src/stm32f0xx_hal_dma.c **** 
 373              		.loc 1 247 1 view .LVU133
 374 0044 70BD     		pop	{r4, r5, r6, pc}
 375              	.LVL23:
 376              	.L15:
 204:Drivers/STM32F0xx_HAL_Driver/Src/stm32f0xx_hal_dma.c ****   }
 377              		.loc 1 204 12 view .LVU134
 378 0046 0120     		movs	r0, #1
 379              	.LVL24:
 204:Drivers/STM32F0xx_HAL_Driver/Src/stm32f0xx_hal_dma.c ****   }
 380              		.loc 1 204 12 view .LVU135
 381 0048 FCE7     		b	.L14
 382              		.cfi_endproc
 383              	.LFE41:
 385              		.section	.text.HAL_DMA_Start,"ax",%progbits
 386              		.align	1
 387              		.global	HAL_DMA_Start
 388              		.syntax unified
 389              		.code	16
 390              		.thumb_func
 392              	HAL_DMA_Start:
ARM GAS  /tmp/ccVarZPm.s 			page 25


 393              	.LVL25:
 394              	.LFB42:
 282:Drivers/STM32F0xx_HAL_Driver/Src/stm32f0xx_hal_dma.c ****   HAL_StatusTypeDef status = HAL_OK;
 395              		.loc 1 282 1 is_stmt 1 view -0
 396              		.cfi_startproc
 397              		@ args = 0, pretend = 0, frame = 0
 398              		@ frame_needed = 0, uses_anonymous_args = 0
 282:Drivers/STM32F0xx_HAL_Driver/Src/stm32f0xx_hal_dma.c ****   HAL_StatusTypeDef status = HAL_OK;
 399              		.loc 1 282 1 is_stmt 0 view .LVU137
 400 0000 70B5     		push	{r4, r5, r6, lr}
 401              	.LCFI4:
 402              		.cfi_def_cfa_offset 16
 403              		.cfi_offset 4, -16
 404              		.cfi_offset 5, -12
 405              		.cfi_offset 6, -8
 406              		.cfi_offset 14, -4
 407 0002 0400     		movs	r4, r0
 408 0004 1E00     		movs	r6, r3
 283:Drivers/STM32F0xx_HAL_Driver/Src/stm32f0xx_hal_dma.c **** 
 409              		.loc 1 283 3 is_stmt 1 view .LVU138
 410              	.LVL26:
 286:Drivers/STM32F0xx_HAL_Driver/Src/stm32f0xx_hal_dma.c **** 
 411              		.loc 1 286 3 view .LVU139
 289:Drivers/STM32F0xx_HAL_Driver/Src/stm32f0xx_hal_dma.c **** 
 412              		.loc 1 289 3 view .LVU140
 289:Drivers/STM32F0xx_HAL_Driver/Src/stm32f0xx_hal_dma.c **** 
 413              		.loc 1 289 3 view .LVU141
 414 0006 2020     		movs	r0, #32
 415              	.LVL27:
 289:Drivers/STM32F0xx_HAL_Driver/Src/stm32f0xx_hal_dma.c **** 
 416              		.loc 1 289 3 is_stmt 0 view .LVU142
 417 0008 205C     		ldrb	r0, [r4, r0]
 418 000a 0128     		cmp	r0, #1
 419 000c 1FD0     		beq	.L19
 289:Drivers/STM32F0xx_HAL_Driver/Src/stm32f0xx_hal_dma.c **** 
 420              		.loc 1 289 3 is_stmt 1 discriminator 2 view .LVU143
 421 000e 2020     		movs	r0, #32
 422 0010 0123     		movs	r3, #1
 423              	.LVL28:
 289:Drivers/STM32F0xx_HAL_Driver/Src/stm32f0xx_hal_dma.c **** 
 424              		.loc 1 289 3 is_stmt 0 discriminator 2 view .LVU144
 425 0012 2354     		strb	r3, [r4, r0]
 289:Drivers/STM32F0xx_HAL_Driver/Src/stm32f0xx_hal_dma.c **** 
 426              		.loc 1 289 3 is_stmt 1 view .LVU145
 291:Drivers/STM32F0xx_HAL_Driver/Src/stm32f0xx_hal_dma.c ****   {
 427              		.loc 1 291 3 view .LVU146
 291:Drivers/STM32F0xx_HAL_Driver/Src/stm32f0xx_hal_dma.c ****   {
 428              		.loc 1 291 34 is_stmt 0 view .LVU147
 429 0014 0130     		adds	r0, r0, #1
 430 0016 205C     		ldrb	r0, [r4, r0]
 291:Drivers/STM32F0xx_HAL_Driver/Src/stm32f0xx_hal_dma.c ****   {
 431              		.loc 1 291 6 view .LVU148
 432 0018 0128     		cmp	r0, #1
 433 001a 04D0     		beq	.L20
 310:Drivers/STM32F0xx_HAL_Driver/Src/stm32f0xx_hal_dma.c **** 
 434              		.loc 1 310 5 is_stmt 1 view .LVU149
 310:Drivers/STM32F0xx_HAL_Driver/Src/stm32f0xx_hal_dma.c **** 
ARM GAS  /tmp/ccVarZPm.s 			page 26


 435              		.loc 1 310 5 view .LVU150
 436 001c 2023     		movs	r3, #32
 437 001e 0022     		movs	r2, #0
 438              	.LVL29:
 310:Drivers/STM32F0xx_HAL_Driver/Src/stm32f0xx_hal_dma.c **** 
 439              		.loc 1 310 5 is_stmt 0 view .LVU151
 440 0020 E254     		strb	r2, [r4, r3]
 310:Drivers/STM32F0xx_HAL_Driver/Src/stm32f0xx_hal_dma.c **** 
 441              		.loc 1 310 5 is_stmt 1 view .LVU152
 313:Drivers/STM32F0xx_HAL_Driver/Src/stm32f0xx_hal_dma.c ****   }
 442              		.loc 1 313 5 view .LVU153
 443              	.LVL30:
 313:Drivers/STM32F0xx_HAL_Driver/Src/stm32f0xx_hal_dma.c ****   }
 444              		.loc 1 313 12 is_stmt 0 view .LVU154
 445 0022 0220     		movs	r0, #2
 446              	.LVL31:
 447              	.L17:
 317:Drivers/STM32F0xx_HAL_Driver/Src/stm32f0xx_hal_dma.c **** 
 448              		.loc 1 317 1 view .LVU155
 449              		@ sp needed
 450              	.LVL32:
 451              	.LVL33:
 317:Drivers/STM32F0xx_HAL_Driver/Src/stm32f0xx_hal_dma.c **** 
 452              		.loc 1 317 1 view .LVU156
 453 0024 70BD     		pop	{r4, r5, r6, pc}
 454              	.LVL34:
 455              	.L20:
 294:Drivers/STM32F0xx_HAL_Driver/Src/stm32f0xx_hal_dma.c **** 
 456              		.loc 1 294 5 is_stmt 1 view .LVU157
 294:Drivers/STM32F0xx_HAL_Driver/Src/stm32f0xx_hal_dma.c **** 
 457              		.loc 1 294 17 is_stmt 0 view .LVU158
 458 0026 2030     		adds	r0, r0, #32
 459 0028 0133     		adds	r3, r3, #1
 460 002a 2354     		strb	r3, [r4, r0]
 296:Drivers/STM32F0xx_HAL_Driver/Src/stm32f0xx_hal_dma.c **** 
 461              		.loc 1 296 5 is_stmt 1 view .LVU159
 296:Drivers/STM32F0xx_HAL_Driver/Src/stm32f0xx_hal_dma.c **** 
 462              		.loc 1 296 21 is_stmt 0 view .LVU160
 463 002c 0020     		movs	r0, #0
 464 002e A063     		str	r0, [r4, #56]
 299:Drivers/STM32F0xx_HAL_Driver/Src/stm32f0xx_hal_dma.c **** 
 465              		.loc 1 299 5 is_stmt 1 view .LVU161
 299:Drivers/STM32F0xx_HAL_Driver/Src/stm32f0xx_hal_dma.c **** 
 466              		.loc 1 299 9 is_stmt 0 view .LVU162
 467 0030 2368     		ldr	r3, [r4]
 299:Drivers/STM32F0xx_HAL_Driver/Src/stm32f0xx_hal_dma.c **** 
 468              		.loc 1 299 19 view .LVU163
 469 0032 1868     		ldr	r0, [r3]
 299:Drivers/STM32F0xx_HAL_Driver/Src/stm32f0xx_hal_dma.c **** 
 470              		.loc 1 299 25 view .LVU164
 471 0034 0125     		movs	r5, #1
 472 0036 A843     		bics	r0, r5
 473 0038 1860     		str	r0, [r3]
 302:Drivers/STM32F0xx_HAL_Driver/Src/stm32f0xx_hal_dma.c **** 
 474              		.loc 1 302 5 is_stmt 1 view .LVU165
 475 003a 3300     		movs	r3, r6
 476 003c 2000     		movs	r0, r4
ARM GAS  /tmp/ccVarZPm.s 			page 27


 477 003e FFF7FEFF 		bl	DMA_SetConfig
 478              	.LVL35:
 305:Drivers/STM32F0xx_HAL_Driver/Src/stm32f0xx_hal_dma.c ****   }
 479              		.loc 1 305 5 view .LVU166
 305:Drivers/STM32F0xx_HAL_Driver/Src/stm32f0xx_hal_dma.c ****   }
 480              		.loc 1 305 9 is_stmt 0 view .LVU167
 481 0042 2268     		ldr	r2, [r4]
 305:Drivers/STM32F0xx_HAL_Driver/Src/stm32f0xx_hal_dma.c ****   }
 482              		.loc 1 305 19 view .LVU168
 483 0044 1368     		ldr	r3, [r2]
 305:Drivers/STM32F0xx_HAL_Driver/Src/stm32f0xx_hal_dma.c ****   }
 484              		.loc 1 305 25 view .LVU169
 485 0046 2B43     		orrs	r3, r5
 486 0048 1360     		str	r3, [r2]
 283:Drivers/STM32F0xx_HAL_Driver/Src/stm32f0xx_hal_dma.c **** 
 487              		.loc 1 283 21 view .LVU170
 488 004a 0020     		movs	r0, #0
 489 004c EAE7     		b	.L17
 490              	.LVL36:
 491              	.L19:
 289:Drivers/STM32F0xx_HAL_Driver/Src/stm32f0xx_hal_dma.c **** 
 492              		.loc 1 289 3 discriminator 1 view .LVU171
 493 004e 0220     		movs	r0, #2
 494 0050 E8E7     		b	.L17
 495              		.cfi_endproc
 496              	.LFE42:
 498              		.section	.text.HAL_DMA_Start_IT,"ax",%progbits
 499              		.align	1
 500              		.global	HAL_DMA_Start_IT
 501              		.syntax unified
 502              		.code	16
 503              		.thumb_func
 505              	HAL_DMA_Start_IT:
 506              	.LVL37:
 507              	.LFB43:
 329:Drivers/STM32F0xx_HAL_Driver/Src/stm32f0xx_hal_dma.c ****   HAL_StatusTypeDef status = HAL_OK;
 508              		.loc 1 329 1 is_stmt 1 view -0
 509              		.cfi_startproc
 510              		@ args = 0, pretend = 0, frame = 0
 511              		@ frame_needed = 0, uses_anonymous_args = 0
 329:Drivers/STM32F0xx_HAL_Driver/Src/stm32f0xx_hal_dma.c ****   HAL_StatusTypeDef status = HAL_OK;
 512              		.loc 1 329 1 is_stmt 0 view .LVU173
 513 0000 70B5     		push	{r4, r5, r6, lr}
 514              	.LCFI5:
 515              		.cfi_def_cfa_offset 16
 516              		.cfi_offset 4, -16
 517              		.cfi_offset 5, -12
 518              		.cfi_offset 6, -8
 519              		.cfi_offset 14, -4
 520 0002 0400     		movs	r4, r0
 521 0004 1D00     		movs	r5, r3
 330:Drivers/STM32F0xx_HAL_Driver/Src/stm32f0xx_hal_dma.c **** 
 522              		.loc 1 330 3 is_stmt 1 view .LVU174
 523              	.LVL38:
 333:Drivers/STM32F0xx_HAL_Driver/Src/stm32f0xx_hal_dma.c **** 
 524              		.loc 1 333 3 view .LVU175
 336:Drivers/STM32F0xx_HAL_Driver/Src/stm32f0xx_hal_dma.c **** 
ARM GAS  /tmp/ccVarZPm.s 			page 28


 525              		.loc 1 336 3 view .LVU176
 336:Drivers/STM32F0xx_HAL_Driver/Src/stm32f0xx_hal_dma.c **** 
 526              		.loc 1 336 3 view .LVU177
 527 0006 2020     		movs	r0, #32
 528              	.LVL39:
 336:Drivers/STM32F0xx_HAL_Driver/Src/stm32f0xx_hal_dma.c **** 
 529              		.loc 1 336 3 is_stmt 0 view .LVU178
 530 0008 205C     		ldrb	r0, [r4, r0]
 531 000a 0128     		cmp	r0, #1
 532 000c 35D0     		beq	.L26
 336:Drivers/STM32F0xx_HAL_Driver/Src/stm32f0xx_hal_dma.c **** 
 533              		.loc 1 336 3 is_stmt 1 discriminator 2 view .LVU179
 534 000e 2020     		movs	r0, #32
 535 0010 0123     		movs	r3, #1
 536              	.LVL40:
 336:Drivers/STM32F0xx_HAL_Driver/Src/stm32f0xx_hal_dma.c **** 
 537              		.loc 1 336 3 is_stmt 0 discriminator 2 view .LVU180
 538 0012 2354     		strb	r3, [r4, r0]
 336:Drivers/STM32F0xx_HAL_Driver/Src/stm32f0xx_hal_dma.c **** 
 539              		.loc 1 336 3 is_stmt 1 view .LVU181
 338:Drivers/STM32F0xx_HAL_Driver/Src/stm32f0xx_hal_dma.c ****   {
 540              		.loc 1 338 3 view .LVU182
 338:Drivers/STM32F0xx_HAL_Driver/Src/stm32f0xx_hal_dma.c ****   {
 541              		.loc 1 338 34 is_stmt 0 view .LVU183
 542 0014 0130     		adds	r0, r0, #1
 543 0016 205C     		ldrb	r0, [r4, r0]
 338:Drivers/STM32F0xx_HAL_Driver/Src/stm32f0xx_hal_dma.c ****   {
 544              		.loc 1 338 6 view .LVU184
 545 0018 0128     		cmp	r0, #1
 546 001a 04D0     		beq	.L27
 369:Drivers/STM32F0xx_HAL_Driver/Src/stm32f0xx_hal_dma.c **** 
 547              		.loc 1 369 5 is_stmt 1 view .LVU185
 369:Drivers/STM32F0xx_HAL_Driver/Src/stm32f0xx_hal_dma.c **** 
 548              		.loc 1 369 5 view .LVU186
 549 001c 2023     		movs	r3, #32
 550 001e 0022     		movs	r2, #0
 551              	.LVL41:
 369:Drivers/STM32F0xx_HAL_Driver/Src/stm32f0xx_hal_dma.c **** 
 552              		.loc 1 369 5 is_stmt 0 view .LVU187
 553 0020 E254     		strb	r2, [r4, r3]
 369:Drivers/STM32F0xx_HAL_Driver/Src/stm32f0xx_hal_dma.c **** 
 554              		.loc 1 369 5 is_stmt 1 view .LVU188
 372:Drivers/STM32F0xx_HAL_Driver/Src/stm32f0xx_hal_dma.c ****   }
 555              		.loc 1 372 5 view .LVU189
 556              	.LVL42:
 372:Drivers/STM32F0xx_HAL_Driver/Src/stm32f0xx_hal_dma.c ****   }
 557              		.loc 1 372 12 is_stmt 0 view .LVU190
 558 0022 0220     		movs	r0, #2
 559              	.LVL43:
 560              	.L22:
 376:Drivers/STM32F0xx_HAL_Driver/Src/stm32f0xx_hal_dma.c **** 
 561              		.loc 1 376 1 view .LVU191
 562              		@ sp needed
 563              	.LVL44:
 564              	.LVL45:
 376:Drivers/STM32F0xx_HAL_Driver/Src/stm32f0xx_hal_dma.c **** 
 565              		.loc 1 376 1 view .LVU192
ARM GAS  /tmp/ccVarZPm.s 			page 29


 566 0024 70BD     		pop	{r4, r5, r6, pc}
 567              	.LVL46:
 568              	.L27:
 341:Drivers/STM32F0xx_HAL_Driver/Src/stm32f0xx_hal_dma.c **** 
 569              		.loc 1 341 5 is_stmt 1 view .LVU193
 341:Drivers/STM32F0xx_HAL_Driver/Src/stm32f0xx_hal_dma.c **** 
 570              		.loc 1 341 17 is_stmt 0 view .LVU194
 571 0026 2030     		adds	r0, r0, #32
 572 0028 0133     		adds	r3, r3, #1
 573 002a 2354     		strb	r3, [r4, r0]
 343:Drivers/STM32F0xx_HAL_Driver/Src/stm32f0xx_hal_dma.c **** 
 574              		.loc 1 343 5 is_stmt 1 view .LVU195
 343:Drivers/STM32F0xx_HAL_Driver/Src/stm32f0xx_hal_dma.c **** 
 575              		.loc 1 343 21 is_stmt 0 view .LVU196
 576 002c 0020     		movs	r0, #0
 577 002e A063     		str	r0, [r4, #56]
 346:Drivers/STM32F0xx_HAL_Driver/Src/stm32f0xx_hal_dma.c **** 
 578              		.loc 1 346 5 is_stmt 1 view .LVU197
 346:Drivers/STM32F0xx_HAL_Driver/Src/stm32f0xx_hal_dma.c **** 
 579              		.loc 1 346 9 is_stmt 0 view .LVU198
 580 0030 2368     		ldr	r3, [r4]
 581 0032 9C46     		mov	ip, r3
 346:Drivers/STM32F0xx_HAL_Driver/Src/stm32f0xx_hal_dma.c **** 
 582              		.loc 1 346 19 view .LVU199
 583 0034 1868     		ldr	r0, [r3]
 346:Drivers/STM32F0xx_HAL_Driver/Src/stm32f0xx_hal_dma.c **** 
 584              		.loc 1 346 25 view .LVU200
 585 0036 0123     		movs	r3, #1
 586 0038 9843     		bics	r0, r3
 587 003a 6346     		mov	r3, ip
 588 003c 1860     		str	r0, [r3]
 349:Drivers/STM32F0xx_HAL_Driver/Src/stm32f0xx_hal_dma.c **** 
 589              		.loc 1 349 5 is_stmt 1 view .LVU201
 590 003e 2B00     		movs	r3, r5
 591 0040 2000     		movs	r0, r4
 592 0042 FFF7FEFF 		bl	DMA_SetConfig
 593              	.LVL47:
 353:Drivers/STM32F0xx_HAL_Driver/Src/stm32f0xx_hal_dma.c ****     {
 594              		.loc 1 353 5 view .LVU202
 353:Drivers/STM32F0xx_HAL_Driver/Src/stm32f0xx_hal_dma.c ****     {
 595              		.loc 1 353 21 is_stmt 0 view .LVU203
 596 0046 E36A     		ldr	r3, [r4, #44]
 353:Drivers/STM32F0xx_HAL_Driver/Src/stm32f0xx_hal_dma.c ****     {
 597              		.loc 1 353 8 view .LVU204
 598 0048 002B     		cmp	r3, #0
 599 004a 0BD0     		beq	.L24
 355:Drivers/STM32F0xx_HAL_Driver/Src/stm32f0xx_hal_dma.c ****     }
 600              		.loc 1 355 7 is_stmt 1 view .LVU205
 355:Drivers/STM32F0xx_HAL_Driver/Src/stm32f0xx_hal_dma.c ****     }
 601              		.loc 1 355 11 is_stmt 0 view .LVU206
 602 004c 2268     		ldr	r2, [r4]
 355:Drivers/STM32F0xx_HAL_Driver/Src/stm32f0xx_hal_dma.c ****     }
 603              		.loc 1 355 21 view .LVU207
 604 004e 1368     		ldr	r3, [r2]
 355:Drivers/STM32F0xx_HAL_Driver/Src/stm32f0xx_hal_dma.c ****     }
 605              		.loc 1 355 27 view .LVU208
 606 0050 0E21     		movs	r1, #14
ARM GAS  /tmp/ccVarZPm.s 			page 30


 607 0052 0B43     		orrs	r3, r1
 608 0054 1360     		str	r3, [r2]
 609              	.L25:
 364:Drivers/STM32F0xx_HAL_Driver/Src/stm32f0xx_hal_dma.c ****   }
 610              		.loc 1 364 5 is_stmt 1 view .LVU209
 364:Drivers/STM32F0xx_HAL_Driver/Src/stm32f0xx_hal_dma.c ****   }
 611              		.loc 1 364 9 is_stmt 0 view .LVU210
 612 0056 2268     		ldr	r2, [r4]
 364:Drivers/STM32F0xx_HAL_Driver/Src/stm32f0xx_hal_dma.c ****   }
 613              		.loc 1 364 19 view .LVU211
 614 0058 1368     		ldr	r3, [r2]
 364:Drivers/STM32F0xx_HAL_Driver/Src/stm32f0xx_hal_dma.c ****   }
 615              		.loc 1 364 25 view .LVU212
 616 005a 0121     		movs	r1, #1
 617 005c 0B43     		orrs	r3, r1
 618 005e 1360     		str	r3, [r2]
 330:Drivers/STM32F0xx_HAL_Driver/Src/stm32f0xx_hal_dma.c **** 
 619              		.loc 1 330 21 view .LVU213
 620 0060 0020     		movs	r0, #0
 621 0062 DFE7     		b	.L22
 622              	.L24:
 359:Drivers/STM32F0xx_HAL_Driver/Src/stm32f0xx_hal_dma.c ****       hdma->Instance->CCR &= ~DMA_IT_HT;
 623              		.loc 1 359 7 is_stmt 1 view .LVU214
 359:Drivers/STM32F0xx_HAL_Driver/Src/stm32f0xx_hal_dma.c ****       hdma->Instance->CCR &= ~DMA_IT_HT;
 624              		.loc 1 359 11 is_stmt 0 view .LVU215
 625 0064 2268     		ldr	r2, [r4]
 359:Drivers/STM32F0xx_HAL_Driver/Src/stm32f0xx_hal_dma.c ****       hdma->Instance->CCR &= ~DMA_IT_HT;
 626              		.loc 1 359 21 view .LVU216
 627 0066 1368     		ldr	r3, [r2]
 359:Drivers/STM32F0xx_HAL_Driver/Src/stm32f0xx_hal_dma.c ****       hdma->Instance->CCR &= ~DMA_IT_HT;
 628              		.loc 1 359 27 view .LVU217
 629 0068 0A21     		movs	r1, #10
 630 006a 0B43     		orrs	r3, r1
 631 006c 1360     		str	r3, [r2]
 360:Drivers/STM32F0xx_HAL_Driver/Src/stm32f0xx_hal_dma.c ****     }
 632              		.loc 1 360 7 is_stmt 1 view .LVU218
 360:Drivers/STM32F0xx_HAL_Driver/Src/stm32f0xx_hal_dma.c ****     }
 633              		.loc 1 360 11 is_stmt 0 view .LVU219
 634 006e 2268     		ldr	r2, [r4]
 360:Drivers/STM32F0xx_HAL_Driver/Src/stm32f0xx_hal_dma.c ****     }
 635              		.loc 1 360 21 view .LVU220
 636 0070 1368     		ldr	r3, [r2]
 360:Drivers/STM32F0xx_HAL_Driver/Src/stm32f0xx_hal_dma.c ****     }
 637              		.loc 1 360 27 view .LVU221
 638 0072 0639     		subs	r1, r1, #6
 639 0074 8B43     		bics	r3, r1
 640 0076 1360     		str	r3, [r2]
 641 0078 EDE7     		b	.L25
 642              	.LVL48:
 643              	.L26:
 336:Drivers/STM32F0xx_HAL_Driver/Src/stm32f0xx_hal_dma.c **** 
 644              		.loc 1 336 3 discriminator 1 view .LVU222
 645 007a 0220     		movs	r0, #2
 646 007c D2E7     		b	.L22
 647              		.cfi_endproc
 648              	.LFE43:
 650              		.section	.text.HAL_DMA_Abort,"ax",%progbits
ARM GAS  /tmp/ccVarZPm.s 			page 31


 651              		.align	1
 652              		.global	HAL_DMA_Abort
 653              		.syntax unified
 654              		.code	16
 655              		.thumb_func
 657              	HAL_DMA_Abort:
 658              	.LVL49:
 659              	.LFB44:
 385:Drivers/STM32F0xx_HAL_Driver/Src/stm32f0xx_hal_dma.c ****   if (hdma->State != HAL_DMA_STATE_BUSY)
 660              		.loc 1 385 1 is_stmt 1 view -0
 661              		.cfi_startproc
 662              		@ args = 0, pretend = 0, frame = 0
 663              		@ frame_needed = 0, uses_anonymous_args = 0
 385:Drivers/STM32F0xx_HAL_Driver/Src/stm32f0xx_hal_dma.c ****   if (hdma->State != HAL_DMA_STATE_BUSY)
 664              		.loc 1 385 1 is_stmt 0 view .LVU224
 665 0000 10B5     		push	{r4, lr}
 666              	.LCFI6:
 667              		.cfi_def_cfa_offset 8
 668              		.cfi_offset 4, -8
 669              		.cfi_offset 14, -4
 386:Drivers/STM32F0xx_HAL_Driver/Src/stm32f0xx_hal_dma.c ****   {
 670              		.loc 1 386 3 is_stmt 1 view .LVU225
 386:Drivers/STM32F0xx_HAL_Driver/Src/stm32f0xx_hal_dma.c ****   {
 671              		.loc 1 386 11 is_stmt 0 view .LVU226
 672 0002 2123     		movs	r3, #33
 673 0004 C35C     		ldrb	r3, [r0, r3]
 386:Drivers/STM32F0xx_HAL_Driver/Src/stm32f0xx_hal_dma.c ****   {
 674              		.loc 1 386 6 view .LVU227
 675 0006 022B     		cmp	r3, #2
 676 0008 06D0     		beq	.L29
 389:Drivers/STM32F0xx_HAL_Driver/Src/stm32f0xx_hal_dma.c **** 
 677              		.loc 1 389 5 is_stmt 1 view .LVU228
 389:Drivers/STM32F0xx_HAL_Driver/Src/stm32f0xx_hal_dma.c **** 
 678              		.loc 1 389 21 is_stmt 0 view .LVU229
 679 000a 0423     		movs	r3, #4
 680 000c 8363     		str	r3, [r0, #56]
 392:Drivers/STM32F0xx_HAL_Driver/Src/stm32f0xx_hal_dma.c **** 
 681              		.loc 1 392 5 is_stmt 1 view .LVU230
 392:Drivers/STM32F0xx_HAL_Driver/Src/stm32f0xx_hal_dma.c **** 
 682              		.loc 1 392 5 view .LVU231
 683 000e 1C33     		adds	r3, r3, #28
 684 0010 0022     		movs	r2, #0
 685 0012 C254     		strb	r2, [r0, r3]
 392:Drivers/STM32F0xx_HAL_Driver/Src/stm32f0xx_hal_dma.c **** 
 686              		.loc 1 392 5 view .LVU232
 394:Drivers/STM32F0xx_HAL_Driver/Src/stm32f0xx_hal_dma.c ****   }
 687              		.loc 1 394 5 view .LVU233
 394:Drivers/STM32F0xx_HAL_Driver/Src/stm32f0xx_hal_dma.c ****   }
 688              		.loc 1 394 12 is_stmt 0 view .LVU234
 689 0014 0120     		movs	r0, #1
 690              	.LVL50:
 691              	.L30:
 414:Drivers/STM32F0xx_HAL_Driver/Src/stm32f0xx_hal_dma.c **** 
 692              		.loc 1 414 1 view .LVU235
 693              		@ sp needed
 694 0016 10BD     		pop	{r4, pc}
 695              	.LVL51:
ARM GAS  /tmp/ccVarZPm.s 			page 32


 696              	.L29:
 399:Drivers/STM32F0xx_HAL_Driver/Src/stm32f0xx_hal_dma.c **** 
 697              		.loc 1 399 5 is_stmt 1 view .LVU236
 399:Drivers/STM32F0xx_HAL_Driver/Src/stm32f0xx_hal_dma.c **** 
 698              		.loc 1 399 9 is_stmt 0 view .LVU237
 699 0018 0268     		ldr	r2, [r0]
 399:Drivers/STM32F0xx_HAL_Driver/Src/stm32f0xx_hal_dma.c **** 
 700              		.loc 1 399 19 view .LVU238
 701 001a 1368     		ldr	r3, [r2]
 399:Drivers/STM32F0xx_HAL_Driver/Src/stm32f0xx_hal_dma.c **** 
 702              		.loc 1 399 25 view .LVU239
 703 001c 0E21     		movs	r1, #14
 704 001e 8B43     		bics	r3, r1
 705 0020 1360     		str	r3, [r2]
 402:Drivers/STM32F0xx_HAL_Driver/Src/stm32f0xx_hal_dma.c **** 
 706              		.loc 1 402 5 is_stmt 1 view .LVU240
 402:Drivers/STM32F0xx_HAL_Driver/Src/stm32f0xx_hal_dma.c **** 
 707              		.loc 1 402 9 is_stmt 0 view .LVU241
 708 0022 0168     		ldr	r1, [r0]
 402:Drivers/STM32F0xx_HAL_Driver/Src/stm32f0xx_hal_dma.c **** 
 709              		.loc 1 402 19 view .LVU242
 710 0024 0A68     		ldr	r2, [r1]
 402:Drivers/STM32F0xx_HAL_Driver/Src/stm32f0xx_hal_dma.c **** 
 711              		.loc 1 402 25 view .LVU243
 712 0026 0123     		movs	r3, #1
 713 0028 9A43     		bics	r2, r3
 714 002a 0A60     		str	r2, [r1]
 405:Drivers/STM32F0xx_HAL_Driver/Src/stm32f0xx_hal_dma.c ****   }
 715              		.loc 1 405 5 is_stmt 1 view .LVU244
 405:Drivers/STM32F0xx_HAL_Driver/Src/stm32f0xx_hal_dma.c ****   }
 716              		.loc 1 405 55 is_stmt 0 view .LVU245
 717 002c 016C     		ldr	r1, [r0, #64]
 405:Drivers/STM32F0xx_HAL_Driver/Src/stm32f0xx_hal_dma.c ****   }
 718              		.loc 1 405 9 view .LVU246
 719 002e C26B     		ldr	r2, [r0, #60]
 405:Drivers/STM32F0xx_HAL_Driver/Src/stm32f0xx_hal_dma.c ****   }
 720              		.loc 1 405 48 view .LVU247
 721 0030 1C00     		movs	r4, r3
 722 0032 8C40     		lsls	r4, r4, r1
 405:Drivers/STM32F0xx_HAL_Driver/Src/stm32f0xx_hal_dma.c ****   }
 723              		.loc 1 405 32 view .LVU248
 724 0034 5460     		str	r4, [r2, #4]
 408:Drivers/STM32F0xx_HAL_Driver/Src/stm32f0xx_hal_dma.c **** 
 725              		.loc 1 408 3 is_stmt 1 view .LVU249
 408:Drivers/STM32F0xx_HAL_Driver/Src/stm32f0xx_hal_dma.c **** 
 726              		.loc 1 408 15 is_stmt 0 view .LVU250
 727 0036 2122     		movs	r2, #33
 728 0038 8354     		strb	r3, [r0, r2]
 411:Drivers/STM32F0xx_HAL_Driver/Src/stm32f0xx_hal_dma.c **** 
 729              		.loc 1 411 3 is_stmt 1 view .LVU251
 411:Drivers/STM32F0xx_HAL_Driver/Src/stm32f0xx_hal_dma.c **** 
 730              		.loc 1 411 3 view .LVU252
 731 003a 1F33     		adds	r3, r3, #31
 732 003c 0022     		movs	r2, #0
 733 003e C254     		strb	r2, [r0, r3]
 411:Drivers/STM32F0xx_HAL_Driver/Src/stm32f0xx_hal_dma.c **** 
 734              		.loc 1 411 3 view .LVU253
ARM GAS  /tmp/ccVarZPm.s 			page 33


 413:Drivers/STM32F0xx_HAL_Driver/Src/stm32f0xx_hal_dma.c **** }
 735              		.loc 1 413 3 view .LVU254
 413:Drivers/STM32F0xx_HAL_Driver/Src/stm32f0xx_hal_dma.c **** }
 736              		.loc 1 413 10 is_stmt 0 view .LVU255
 737 0040 0020     		movs	r0, #0
 738              	.LVL52:
 413:Drivers/STM32F0xx_HAL_Driver/Src/stm32f0xx_hal_dma.c **** }
 739              		.loc 1 413 10 view .LVU256
 740 0042 E8E7     		b	.L30
 741              		.cfi_endproc
 742              	.LFE44:
 744              		.section	.text.HAL_DMA_Abort_IT,"ax",%progbits
 745              		.align	1
 746              		.global	HAL_DMA_Abort_IT
 747              		.syntax unified
 748              		.code	16
 749              		.thumb_func
 751              	HAL_DMA_Abort_IT:
 752              	.LVL53:
 753              	.LFB45:
 423:Drivers/STM32F0xx_HAL_Driver/Src/stm32f0xx_hal_dma.c ****   HAL_StatusTypeDef status = HAL_OK;
 754              		.loc 1 423 1 is_stmt 1 view -0
 755              		.cfi_startproc
 756              		@ args = 0, pretend = 0, frame = 0
 757              		@ frame_needed = 0, uses_anonymous_args = 0
 423:Drivers/STM32F0xx_HAL_Driver/Src/stm32f0xx_hal_dma.c ****   HAL_StatusTypeDef status = HAL_OK;
 758              		.loc 1 423 1 is_stmt 0 view .LVU258
 759 0000 10B5     		push	{r4, lr}
 760              	.LCFI7:
 761              		.cfi_def_cfa_offset 8
 762              		.cfi_offset 4, -8
 763              		.cfi_offset 14, -4
 424:Drivers/STM32F0xx_HAL_Driver/Src/stm32f0xx_hal_dma.c **** 
 764              		.loc 1 424 3 is_stmt 1 view .LVU259
 765              	.LVL54:
 426:Drivers/STM32F0xx_HAL_Driver/Src/stm32f0xx_hal_dma.c ****   {
 766              		.loc 1 426 3 view .LVU260
 426:Drivers/STM32F0xx_HAL_Driver/Src/stm32f0xx_hal_dma.c ****   {
 767              		.loc 1 426 33 is_stmt 0 view .LVU261
 768 0002 2123     		movs	r3, #33
 769 0004 C35C     		ldrb	r3, [r0, r3]
 426:Drivers/STM32F0xx_HAL_Driver/Src/stm32f0xx_hal_dma.c ****   {
 770              		.loc 1 426 6 view .LVU262
 771 0006 022B     		cmp	r3, #2
 772 0008 03D0     		beq	.L32
 429:Drivers/STM32F0xx_HAL_Driver/Src/stm32f0xx_hal_dma.c **** 
 773              		.loc 1 429 5 is_stmt 1 view .LVU263
 429:Drivers/STM32F0xx_HAL_Driver/Src/stm32f0xx_hal_dma.c **** 
 774              		.loc 1 429 21 is_stmt 0 view .LVU264
 775 000a 0423     		movs	r3, #4
 776 000c 8363     		str	r3, [r0, #56]
 431:Drivers/STM32F0xx_HAL_Driver/Src/stm32f0xx_hal_dma.c ****   }
 777              		.loc 1 431 5 is_stmt 1 view .LVU265
 778              	.LVL55:
 431:Drivers/STM32F0xx_HAL_Driver/Src/stm32f0xx_hal_dma.c ****   }
 779              		.loc 1 431 12 is_stmt 0 view .LVU266
 780 000e 0120     		movs	r0, #1
ARM GAS  /tmp/ccVarZPm.s 			page 34


 781              	.LVL56:
 782              	.L33:
 457:Drivers/STM32F0xx_HAL_Driver/Src/stm32f0xx_hal_dma.c **** }
 783              		.loc 1 457 3 is_stmt 1 view .LVU267
 458:Drivers/STM32F0xx_HAL_Driver/Src/stm32f0xx_hal_dma.c **** 
 784              		.loc 1 458 1 is_stmt 0 view .LVU268
 785              		@ sp needed
 786 0010 10BD     		pop	{r4, pc}
 787              	.LVL57:
 788              	.L32:
 437:Drivers/STM32F0xx_HAL_Driver/Src/stm32f0xx_hal_dma.c **** 
 789              		.loc 1 437 5 is_stmt 1 view .LVU269
 437:Drivers/STM32F0xx_HAL_Driver/Src/stm32f0xx_hal_dma.c **** 
 790              		.loc 1 437 9 is_stmt 0 view .LVU270
 791 0012 0268     		ldr	r2, [r0]
 437:Drivers/STM32F0xx_HAL_Driver/Src/stm32f0xx_hal_dma.c **** 
 792              		.loc 1 437 19 view .LVU271
 793 0014 1368     		ldr	r3, [r2]
 437:Drivers/STM32F0xx_HAL_Driver/Src/stm32f0xx_hal_dma.c **** 
 794              		.loc 1 437 25 view .LVU272
 795 0016 0E21     		movs	r1, #14
 796 0018 8B43     		bics	r3, r1
 797 001a 1360     		str	r3, [r2]
 440:Drivers/STM32F0xx_HAL_Driver/Src/stm32f0xx_hal_dma.c **** 
 798              		.loc 1 440 5 is_stmt 1 view .LVU273
 440:Drivers/STM32F0xx_HAL_Driver/Src/stm32f0xx_hal_dma.c **** 
 799              		.loc 1 440 9 is_stmt 0 view .LVU274
 800 001c 0168     		ldr	r1, [r0]
 440:Drivers/STM32F0xx_HAL_Driver/Src/stm32f0xx_hal_dma.c **** 
 801              		.loc 1 440 19 view .LVU275
 802 001e 0A68     		ldr	r2, [r1]
 440:Drivers/STM32F0xx_HAL_Driver/Src/stm32f0xx_hal_dma.c **** 
 803              		.loc 1 440 25 view .LVU276
 804 0020 0123     		movs	r3, #1
 805 0022 9A43     		bics	r2, r3
 806 0024 0A60     		str	r2, [r1]
 443:Drivers/STM32F0xx_HAL_Driver/Src/stm32f0xx_hal_dma.c **** 
 807              		.loc 1 443 5 is_stmt 1 view .LVU277
 443:Drivers/STM32F0xx_HAL_Driver/Src/stm32f0xx_hal_dma.c **** 
 808              		.loc 1 443 54 is_stmt 0 view .LVU278
 809 0026 016C     		ldr	r1, [r0, #64]
 443:Drivers/STM32F0xx_HAL_Driver/Src/stm32f0xx_hal_dma.c **** 
 810              		.loc 1 443 9 view .LVU279
 811 0028 C26B     		ldr	r2, [r0, #60]
 443:Drivers/STM32F0xx_HAL_Driver/Src/stm32f0xx_hal_dma.c **** 
 812              		.loc 1 443 47 view .LVU280
 813 002a 1C00     		movs	r4, r3
 814 002c 8C40     		lsls	r4, r4, r1
 443:Drivers/STM32F0xx_HAL_Driver/Src/stm32f0xx_hal_dma.c **** 
 815              		.loc 1 443 32 view .LVU281
 816 002e 5460     		str	r4, [r2, #4]
 446:Drivers/STM32F0xx_HAL_Driver/Src/stm32f0xx_hal_dma.c **** 
 817              		.loc 1 446 5 is_stmt 1 view .LVU282
 446:Drivers/STM32F0xx_HAL_Driver/Src/stm32f0xx_hal_dma.c **** 
 818              		.loc 1 446 17 is_stmt 0 view .LVU283
 819 0030 2122     		movs	r2, #33
 820 0032 8354     		strb	r3, [r0, r2]
ARM GAS  /tmp/ccVarZPm.s 			page 35


 449:Drivers/STM32F0xx_HAL_Driver/Src/stm32f0xx_hal_dma.c **** 
 821              		.loc 1 449 5 is_stmt 1 view .LVU284
 449:Drivers/STM32F0xx_HAL_Driver/Src/stm32f0xx_hal_dma.c **** 
 822              		.loc 1 449 5 view .LVU285
 823 0034 1F33     		adds	r3, r3, #31
 824 0036 0022     		movs	r2, #0
 825 0038 C254     		strb	r2, [r0, r3]
 449:Drivers/STM32F0xx_HAL_Driver/Src/stm32f0xx_hal_dma.c **** 
 826              		.loc 1 449 5 view .LVU286
 452:Drivers/STM32F0xx_HAL_Driver/Src/stm32f0xx_hal_dma.c ****     {
 827              		.loc 1 452 5 view .LVU287
 452:Drivers/STM32F0xx_HAL_Driver/Src/stm32f0xx_hal_dma.c ****     {
 828              		.loc 1 452 13 is_stmt 0 view .LVU288
 829 003a 436B     		ldr	r3, [r0, #52]
 452:Drivers/STM32F0xx_HAL_Driver/Src/stm32f0xx_hal_dma.c ****     {
 830              		.loc 1 452 8 view .LVU289
 831 003c 002B     		cmp	r3, #0
 832 003e 02D0     		beq	.L34
 454:Drivers/STM32F0xx_HAL_Driver/Src/stm32f0xx_hal_dma.c ****     }
 833              		.loc 1 454 7 is_stmt 1 view .LVU290
 834 0040 9847     		blx	r3
 835              	.LVL58:
 424:Drivers/STM32F0xx_HAL_Driver/Src/stm32f0xx_hal_dma.c **** 
 836              		.loc 1 424 21 is_stmt 0 view .LVU291
 837 0042 0020     		movs	r0, #0
 838 0044 E4E7     		b	.L33
 839              	.LVL59:
 840              	.L34:
 424:Drivers/STM32F0xx_HAL_Driver/Src/stm32f0xx_hal_dma.c **** 
 841              		.loc 1 424 21 view .LVU292
 842 0046 0020     		movs	r0, #0
 843              	.LVL60:
 424:Drivers/STM32F0xx_HAL_Driver/Src/stm32f0xx_hal_dma.c **** 
 844              		.loc 1 424 21 view .LVU293
 845 0048 E2E7     		b	.L33
 846              		.cfi_endproc
 847              	.LFE45:
 849              		.section	.text.HAL_DMA_PollForTransfer,"ax",%progbits
 850              		.align	1
 851              		.global	HAL_DMA_PollForTransfer
 852              		.syntax unified
 853              		.code	16
 854              		.thumb_func
 856              	HAL_DMA_PollForTransfer:
 857              	.LVL61:
 858              	.LFB46:
 469:Drivers/STM32F0xx_HAL_Driver/Src/stm32f0xx_hal_dma.c ****   uint32_t temp;
 859              		.loc 1 469 1 is_stmt 1 view -0
 860              		.cfi_startproc
 861              		@ args = 0, pretend = 0, frame = 8
 862              		@ frame_needed = 0, uses_anonymous_args = 0
 469:Drivers/STM32F0xx_HAL_Driver/Src/stm32f0xx_hal_dma.c ****   uint32_t temp;
 863              		.loc 1 469 1 is_stmt 0 view .LVU295
 864 0000 F0B5     		push	{r4, r5, r6, r7, lr}
 865              	.LCFI8:
 866              		.cfi_def_cfa_offset 20
 867              		.cfi_offset 4, -20
ARM GAS  /tmp/ccVarZPm.s 			page 36


 868              		.cfi_offset 5, -16
 869              		.cfi_offset 6, -12
 870              		.cfi_offset 7, -8
 871              		.cfi_offset 14, -4
 872 0002 83B0     		sub	sp, sp, #12
 873              	.LCFI9:
 874              		.cfi_def_cfa_offset 32
 875 0004 0400     		movs	r4, r0
 876 0006 0F00     		movs	r7, r1
 877 0008 1500     		movs	r5, r2
 470:Drivers/STM32F0xx_HAL_Driver/Src/stm32f0xx_hal_dma.c ****   uint32_t tickstart = 0U;
 878              		.loc 1 470 3 is_stmt 1 view .LVU296
 471:Drivers/STM32F0xx_HAL_Driver/Src/stm32f0xx_hal_dma.c **** 
 879              		.loc 1 471 3 view .LVU297
 880              	.LVL62:
 473:Drivers/STM32F0xx_HAL_Driver/Src/stm32f0xx_hal_dma.c ****   {
 881              		.loc 1 473 3 view .LVU298
 473:Drivers/STM32F0xx_HAL_Driver/Src/stm32f0xx_hal_dma.c ****   {
 882              		.loc 1 473 33 is_stmt 0 view .LVU299
 883 000a 2123     		movs	r3, #33
 884 000c C35C     		ldrb	r3, [r0, r3]
 473:Drivers/STM32F0xx_HAL_Driver/Src/stm32f0xx_hal_dma.c ****   {
 885              		.loc 1 473 6 view .LVU300
 886 000e 022B     		cmp	r3, #2
 887 0010 07D0     		beq	.L36
 476:Drivers/STM32F0xx_HAL_Driver/Src/stm32f0xx_hal_dma.c ****     __HAL_UNLOCK(hdma);
 888              		.loc 1 476 5 is_stmt 1 view .LVU301
 476:Drivers/STM32F0xx_HAL_Driver/Src/stm32f0xx_hal_dma.c ****     __HAL_UNLOCK(hdma);
 889              		.loc 1 476 21 is_stmt 0 view .LVU302
 890 0012 0423     		movs	r3, #4
 891 0014 8363     		str	r3, [r0, #56]
 477:Drivers/STM32F0xx_HAL_Driver/Src/stm32f0xx_hal_dma.c ****     return HAL_ERROR;
 892              		.loc 1 477 5 is_stmt 1 view .LVU303
 477:Drivers/STM32F0xx_HAL_Driver/Src/stm32f0xx_hal_dma.c ****     return HAL_ERROR;
 893              		.loc 1 477 5 view .LVU304
 894 0016 1C33     		adds	r3, r3, #28
 895 0018 0022     		movs	r2, #0
 896              	.LVL63:
 477:Drivers/STM32F0xx_HAL_Driver/Src/stm32f0xx_hal_dma.c ****     return HAL_ERROR;
 897              		.loc 1 477 5 is_stmt 0 view .LVU305
 898 001a C254     		strb	r2, [r0, r3]
 477:Drivers/STM32F0xx_HAL_Driver/Src/stm32f0xx_hal_dma.c ****     return HAL_ERROR;
 899              		.loc 1 477 5 is_stmt 1 view .LVU306
 478:Drivers/STM32F0xx_HAL_Driver/Src/stm32f0xx_hal_dma.c ****   }
 900              		.loc 1 478 5 view .LVU307
 478:Drivers/STM32F0xx_HAL_Driver/Src/stm32f0xx_hal_dma.c ****   }
 901              		.loc 1 478 12 is_stmt 0 view .LVU308
 902 001c 0120     		movs	r0, #1
 903              	.LVL64:
 904              	.L37:
 561:Drivers/STM32F0xx_HAL_Driver/Src/stm32f0xx_hal_dma.c **** 
 905              		.loc 1 561 1 view .LVU309
 906 001e 03B0     		add	sp, sp, #12
 907              		@ sp needed
 908              	.LVL65:
 909              	.LVL66:
 910              	.LVL67:
ARM GAS  /tmp/ccVarZPm.s 			page 37


 561:Drivers/STM32F0xx_HAL_Driver/Src/stm32f0xx_hal_dma.c **** 
 911              		.loc 1 561 1 view .LVU310
 912 0020 F0BD     		pop	{r4, r5, r6, r7, pc}
 913              	.LVL68:
 914              	.L36:
 482:Drivers/STM32F0xx_HAL_Driver/Src/stm32f0xx_hal_dma.c ****   {
 915              		.loc 1 482 3 is_stmt 1 view .LVU311
 482:Drivers/STM32F0xx_HAL_Driver/Src/stm32f0xx_hal_dma.c ****   {
 916              		.loc 1 482 21 is_stmt 0 view .LVU312
 917 0022 0368     		ldr	r3, [r0]
 482:Drivers/STM32F0xx_HAL_Driver/Src/stm32f0xx_hal_dma.c ****   {
 918              		.loc 1 482 31 view .LVU313
 919 0024 1B68     		ldr	r3, [r3]
 482:Drivers/STM32F0xx_HAL_Driver/Src/stm32f0xx_hal_dma.c ****   {
 920              		.loc 1 482 6 view .LVU314
 921 0026 9B06     		lsls	r3, r3, #26
 922 0028 24D4     		bmi	.L49
 489:Drivers/STM32F0xx_HAL_Driver/Src/stm32f0xx_hal_dma.c ****   {
 923              		.loc 1 489 3 is_stmt 1 view .LVU315
 489:Drivers/STM32F0xx_HAL_Driver/Src/stm32f0xx_hal_dma.c ****   {
 924              		.loc 1 489 6 is_stmt 0 view .LVU316
 925 002a 0029     		cmp	r1, #0
 926 002c 27D1     		bne	.L39
 492:Drivers/STM32F0xx_HAL_Driver/Src/stm32f0xx_hal_dma.c ****   }
 927              		.loc 1 492 5 is_stmt 1 view .LVU317
 492:Drivers/STM32F0xx_HAL_Driver/Src/stm32f0xx_hal_dma.c ****   }
 928              		.loc 1 492 32 is_stmt 0 view .LVU318
 929 002e 036C     		ldr	r3, [r0, #64]
 492:Drivers/STM32F0xx_HAL_Driver/Src/stm32f0xx_hal_dma.c ****   }
 930              		.loc 1 492 10 view .LVU319
 931 0030 0226     		movs	r6, #2
 932 0032 9E40     		lsls	r6, r6, r3
 933              	.LVL69:
 934              	.L40:
 501:Drivers/STM32F0xx_HAL_Driver/Src/stm32f0xx_hal_dma.c **** 
 935              		.loc 1 501 3 is_stmt 1 view .LVU320
 501:Drivers/STM32F0xx_HAL_Driver/Src/stm32f0xx_hal_dma.c **** 
 936              		.loc 1 501 15 is_stmt 0 view .LVU321
 937 0034 FFF7FEFF 		bl	HAL_GetTick
 938              	.LVL70:
 501:Drivers/STM32F0xx_HAL_Driver/Src/stm32f0xx_hal_dma.c **** 
 939              		.loc 1 501 15 view .LVU322
 940 0038 0190     		str	r0, [sp, #4]
 941              	.LVL71:
 503:Drivers/STM32F0xx_HAL_Driver/Src/stm32f0xx_hal_dma.c ****   {
 942              		.loc 1 503 3 is_stmt 1 view .LVU323
 943              	.L43:
 503:Drivers/STM32F0xx_HAL_Driver/Src/stm32f0xx_hal_dma.c ****   {
 944              		.loc 1 503 16 view .LVU324
 503:Drivers/STM32F0xx_HAL_Driver/Src/stm32f0xx_hal_dma.c ****   {
 945              		.loc 1 503 24 is_stmt 0 view .LVU325
 946 003a E16B     		ldr	r1, [r4, #60]
 503:Drivers/STM32F0xx_HAL_Driver/Src/stm32f0xx_hal_dma.c ****   {
 947              		.loc 1 503 40 view .LVU326
 948 003c 0B68     		ldr	r3, [r1]
 503:Drivers/STM32F0xx_HAL_Driver/Src/stm32f0xx_hal_dma.c ****   {
 949              		.loc 1 503 16 view .LVU327
ARM GAS  /tmp/ccVarZPm.s 			page 38


 950 003e 1E42     		tst	r6, r3
 951 0040 2DD1     		bne	.L50
 505:Drivers/STM32F0xx_HAL_Driver/Src/stm32f0xx_hal_dma.c ****     {
 952              		.loc 1 505 5 is_stmt 1 view .LVU328
 505:Drivers/STM32F0xx_HAL_Driver/Src/stm32f0xx_hal_dma.c ****     {
 953              		.loc 1 505 39 is_stmt 0 view .LVU329
 954 0042 0868     		ldr	r0, [r1]
 505:Drivers/STM32F0xx_HAL_Driver/Src/stm32f0xx_hal_dma.c ****     {
 955              		.loc 1 505 68 view .LVU330
 956 0044 226C     		ldr	r2, [r4, #64]
 505:Drivers/STM32F0xx_HAL_Driver/Src/stm32f0xx_hal_dma.c ****     {
 957              		.loc 1 505 61 view .LVU331
 958 0046 0823     		movs	r3, #8
 959 0048 9340     		lsls	r3, r3, r2
 505:Drivers/STM32F0xx_HAL_Driver/Src/stm32f0xx_hal_dma.c ****     {
 960              		.loc 1 505 8 view .LVU332
 961 004a 0342     		tst	r3, r0
 962 004c 1BD1     		bne	.L51
 524:Drivers/STM32F0xx_HAL_Driver/Src/stm32f0xx_hal_dma.c ****     {
 963              		.loc 1 524 5 is_stmt 1 view .LVU333
 524:Drivers/STM32F0xx_HAL_Driver/Src/stm32f0xx_hal_dma.c ****     {
 964              		.loc 1 524 8 is_stmt 0 view .LVU334
 965 004e 6B1C     		adds	r3, r5, #1
 966 0050 F3D0     		beq	.L43
 526:Drivers/STM32F0xx_HAL_Driver/Src/stm32f0xx_hal_dma.c ****       {
 967              		.loc 1 526 7 is_stmt 1 view .LVU335
 526:Drivers/STM32F0xx_HAL_Driver/Src/stm32f0xx_hal_dma.c ****       {
 968              		.loc 1 526 10 is_stmt 0 view .LVU336
 969 0052 002D     		cmp	r5, #0
 970 0054 05D0     		beq	.L44
 526:Drivers/STM32F0xx_HAL_Driver/Src/stm32f0xx_hal_dma.c ****       {
 971              		.loc 1 526 32 discriminator 1 view .LVU337
 972 0056 FFF7FEFF 		bl	HAL_GetTick
 973              	.LVL72:
 526:Drivers/STM32F0xx_HAL_Driver/Src/stm32f0xx_hal_dma.c ****       {
 974              		.loc 1 526 46 discriminator 2 view .LVU338
 975 005a 019B     		ldr	r3, [sp, #4]
 976 005c C01A     		subs	r0, r0, r3
 526:Drivers/STM32F0xx_HAL_Driver/Src/stm32f0xx_hal_dma.c ****       {
 977              		.loc 1 526 27 discriminator 2 view .LVU339
 978 005e A842     		cmp	r0, r5
 979 0060 EBD9     		bls	.L43
 980              	.L44:
 529:Drivers/STM32F0xx_HAL_Driver/Src/stm32f0xx_hal_dma.c **** 
 981              		.loc 1 529 9 is_stmt 1 view .LVU340
 529:Drivers/STM32F0xx_HAL_Driver/Src/stm32f0xx_hal_dma.c **** 
 982              		.loc 1 529 25 is_stmt 0 view .LVU341
 983 0062 2023     		movs	r3, #32
 984 0064 A363     		str	r3, [r4, #56]
 532:Drivers/STM32F0xx_HAL_Driver/Src/stm32f0xx_hal_dma.c **** 
 985              		.loc 1 532 9 is_stmt 1 view .LVU342
 532:Drivers/STM32F0xx_HAL_Driver/Src/stm32f0xx_hal_dma.c **** 
 986              		.loc 1 532 21 is_stmt 0 view .LVU343
 987 0066 2122     		movs	r2, #33
 988 0068 0121     		movs	r1, #1
 989 006a A154     		strb	r1, [r4, r2]
 535:Drivers/STM32F0xx_HAL_Driver/Src/stm32f0xx_hal_dma.c **** 
ARM GAS  /tmp/ccVarZPm.s 			page 39


 990              		.loc 1 535 9 is_stmt 1 view .LVU344
 535:Drivers/STM32F0xx_HAL_Driver/Src/stm32f0xx_hal_dma.c **** 
 991              		.loc 1 535 9 view .LVU345
 992 006c 0022     		movs	r2, #0
 993 006e E254     		strb	r2, [r4, r3]
 535:Drivers/STM32F0xx_HAL_Driver/Src/stm32f0xx_hal_dma.c **** 
 994              		.loc 1 535 9 view .LVU346
 537:Drivers/STM32F0xx_HAL_Driver/Src/stm32f0xx_hal_dma.c ****       }
 995              		.loc 1 537 9 view .LVU347
 537:Drivers/STM32F0xx_HAL_Driver/Src/stm32f0xx_hal_dma.c ****       }
 996              		.loc 1 537 16 is_stmt 0 view .LVU348
 997 0070 0120     		movs	r0, #1
 998 0072 D4E7     		b	.L37
 999              	.LVL73:
 1000              	.L49:
 484:Drivers/STM32F0xx_HAL_Driver/Src/stm32f0xx_hal_dma.c ****     return HAL_ERROR;
 1001              		.loc 1 484 5 is_stmt 1 view .LVU349
 484:Drivers/STM32F0xx_HAL_Driver/Src/stm32f0xx_hal_dma.c ****     return HAL_ERROR;
 1002              		.loc 1 484 21 is_stmt 0 view .LVU350
 1003 0074 8023     		movs	r3, #128
 1004 0076 5B00     		lsls	r3, r3, #1
 1005 0078 8363     		str	r3, [r0, #56]
 485:Drivers/STM32F0xx_HAL_Driver/Src/stm32f0xx_hal_dma.c ****   }
 1006              		.loc 1 485 5 is_stmt 1 view .LVU351
 485:Drivers/STM32F0xx_HAL_Driver/Src/stm32f0xx_hal_dma.c ****   }
 1007              		.loc 1 485 12 is_stmt 0 view .LVU352
 1008 007a 0120     		movs	r0, #1
 1009              	.LVL74:
 485:Drivers/STM32F0xx_HAL_Driver/Src/stm32f0xx_hal_dma.c ****   }
 1010              		.loc 1 485 12 view .LVU353
 1011 007c CFE7     		b	.L37
 1012              	.LVL75:
 1013              	.L39:
 497:Drivers/STM32F0xx_HAL_Driver/Src/stm32f0xx_hal_dma.c ****   }
 1014              		.loc 1 497 5 is_stmt 1 view .LVU354
 497:Drivers/STM32F0xx_HAL_Driver/Src/stm32f0xx_hal_dma.c ****   }
 1015              		.loc 1 497 32 is_stmt 0 view .LVU355
 1016 007e 036C     		ldr	r3, [r0, #64]
 497:Drivers/STM32F0xx_HAL_Driver/Src/stm32f0xx_hal_dma.c ****   }
 1017              		.loc 1 497 10 view .LVU356
 1018 0080 0426     		movs	r6, #4
 1019 0082 9E40     		lsls	r6, r6, r3
 1020 0084 D6E7     		b	.L40
 1021              	.LVL76:
 1022              	.L51:
 510:Drivers/STM32F0xx_HAL_Driver/Src/stm32f0xx_hal_dma.c **** 
 1023              		.loc 1 510 7 is_stmt 1 view .LVU357
 510:Drivers/STM32F0xx_HAL_Driver/Src/stm32f0xx_hal_dma.c **** 
 1024              		.loc 1 510 49 is_stmt 0 view .LVU358
 1025 0086 0123     		movs	r3, #1
 1026 0088 1800     		movs	r0, r3
 1027 008a 9040     		lsls	r0, r0, r2
 510:Drivers/STM32F0xx_HAL_Driver/Src/stm32f0xx_hal_dma.c **** 
 1028              		.loc 1 510 34 view .LVU359
 1029 008c 4860     		str	r0, [r1, #4]
 513:Drivers/STM32F0xx_HAL_Driver/Src/stm32f0xx_hal_dma.c **** 
 1030              		.loc 1 513 7 is_stmt 1 view .LVU360
ARM GAS  /tmp/ccVarZPm.s 			page 40


 513:Drivers/STM32F0xx_HAL_Driver/Src/stm32f0xx_hal_dma.c **** 
 1031              		.loc 1 513 23 is_stmt 0 view .LVU361
 1032 008e A363     		str	r3, [r4, #56]
 516:Drivers/STM32F0xx_HAL_Driver/Src/stm32f0xx_hal_dma.c **** 
 1033              		.loc 1 516 7 is_stmt 1 view .LVU362
 516:Drivers/STM32F0xx_HAL_Driver/Src/stm32f0xx_hal_dma.c **** 
 1034              		.loc 1 516 19 is_stmt 0 view .LVU363
 1035 0090 2122     		movs	r2, #33
 1036 0092 A354     		strb	r3, [r4, r2]
 519:Drivers/STM32F0xx_HAL_Driver/Src/stm32f0xx_hal_dma.c **** 
 1037              		.loc 1 519 7 is_stmt 1 view .LVU364
 519:Drivers/STM32F0xx_HAL_Driver/Src/stm32f0xx_hal_dma.c **** 
 1038              		.loc 1 519 7 view .LVU365
 1039 0094 1F33     		adds	r3, r3, #31
 1040 0096 0022     		movs	r2, #0
 1041 0098 E254     		strb	r2, [r4, r3]
 519:Drivers/STM32F0xx_HAL_Driver/Src/stm32f0xx_hal_dma.c **** 
 1042              		.loc 1 519 7 view .LVU366
 521:Drivers/STM32F0xx_HAL_Driver/Src/stm32f0xx_hal_dma.c ****     }
 1043              		.loc 1 521 7 view .LVU367
 521:Drivers/STM32F0xx_HAL_Driver/Src/stm32f0xx_hal_dma.c ****     }
 1044              		.loc 1 521 14 is_stmt 0 view .LVU368
 1045 009a 0120     		movs	r0, #1
 1046 009c BFE7     		b	.L37
 1047              	.L50:
 542:Drivers/STM32F0xx_HAL_Driver/Src/stm32f0xx_hal_dma.c ****   {
 1048              		.loc 1 542 3 is_stmt 1 view .LVU369
 542:Drivers/STM32F0xx_HAL_Driver/Src/stm32f0xx_hal_dma.c ****   {
 1049              		.loc 1 542 6 is_stmt 0 view .LVU370
 1050 009e 3B1E     		subs	r3, r7, #0
 1051 00a0 0BD1     		bne	.L46
 1052              	.LVL77:
 545:Drivers/STM32F0xx_HAL_Driver/Src/stm32f0xx_hal_dma.c **** 
 1053              		.loc 1 545 5 is_stmt 1 view .LVU371
 545:Drivers/STM32F0xx_HAL_Driver/Src/stm32f0xx_hal_dma.c **** 
 1054              		.loc 1 545 54 is_stmt 0 view .LVU372
 1055 00a2 226C     		ldr	r2, [r4, #64]
 545:Drivers/STM32F0xx_HAL_Driver/Src/stm32f0xx_hal_dma.c **** 
 1056              		.loc 1 545 47 view .LVU373
 1057 00a4 0233     		adds	r3, r3, #2
 1058              	.LVL78:
 545:Drivers/STM32F0xx_HAL_Driver/Src/stm32f0xx_hal_dma.c **** 
 1059              		.loc 1 545 47 view .LVU374
 1060 00a6 9340     		lsls	r3, r3, r2
 545:Drivers/STM32F0xx_HAL_Driver/Src/stm32f0xx_hal_dma.c **** 
 1061              		.loc 1 545 32 view .LVU375
 1062 00a8 4B60     		str	r3, [r1, #4]
 549:Drivers/STM32F0xx_HAL_Driver/Src/stm32f0xx_hal_dma.c ****   }
 1063              		.loc 1 549 5 is_stmt 1 view .LVU376
 549:Drivers/STM32F0xx_HAL_Driver/Src/stm32f0xx_hal_dma.c ****   }
 1064              		.loc 1 549 17 is_stmt 0 view .LVU377
 1065 00aa 2123     		movs	r3, #33
 1066 00ac 0122     		movs	r2, #1
 1067 00ae E254     		strb	r2, [r4, r3]
 1068              	.L47:
 558:Drivers/STM32F0xx_HAL_Driver/Src/stm32f0xx_hal_dma.c **** 
 1069              		.loc 1 558 3 is_stmt 1 view .LVU378
ARM GAS  /tmp/ccVarZPm.s 			page 41


 558:Drivers/STM32F0xx_HAL_Driver/Src/stm32f0xx_hal_dma.c **** 
 1070              		.loc 1 558 3 view .LVU379
 1071 00b0 2023     		movs	r3, #32
 1072 00b2 0022     		movs	r2, #0
 1073 00b4 E254     		strb	r2, [r4, r3]
 558:Drivers/STM32F0xx_HAL_Driver/Src/stm32f0xx_hal_dma.c **** 
 1074              		.loc 1 558 3 view .LVU380
 560:Drivers/STM32F0xx_HAL_Driver/Src/stm32f0xx_hal_dma.c **** }
 1075              		.loc 1 560 3 view .LVU381
 560:Drivers/STM32F0xx_HAL_Driver/Src/stm32f0xx_hal_dma.c **** }
 1076              		.loc 1 560 10 is_stmt 0 view .LVU382
 1077 00b6 0020     		movs	r0, #0
 1078 00b8 B1E7     		b	.L37
 1079              	.LVL79:
 1080              	.L46:
 554:Drivers/STM32F0xx_HAL_Driver/Src/stm32f0xx_hal_dma.c ****   }
 1081              		.loc 1 554 5 is_stmt 1 view .LVU383
 554:Drivers/STM32F0xx_HAL_Driver/Src/stm32f0xx_hal_dma.c ****   }
 1082              		.loc 1 554 54 is_stmt 0 view .LVU384
 1083 00ba 226C     		ldr	r2, [r4, #64]
 554:Drivers/STM32F0xx_HAL_Driver/Src/stm32f0xx_hal_dma.c ****   }
 1084              		.loc 1 554 47 view .LVU385
 1085 00bc 0423     		movs	r3, #4
 1086              	.LVL80:
 554:Drivers/STM32F0xx_HAL_Driver/Src/stm32f0xx_hal_dma.c ****   }
 1087              		.loc 1 554 47 view .LVU386
 1088 00be 9340     		lsls	r3, r3, r2
 554:Drivers/STM32F0xx_HAL_Driver/Src/stm32f0xx_hal_dma.c ****   }
 1089              		.loc 1 554 32 view .LVU387
 1090 00c0 4B60     		str	r3, [r1, #4]
 1091 00c2 F5E7     		b	.L47
 1092              		.cfi_endproc
 1093              	.LFE46:
 1095              		.section	.text.HAL_DMA_IRQHandler,"ax",%progbits
 1096              		.align	1
 1097              		.global	HAL_DMA_IRQHandler
 1098              		.syntax unified
 1099              		.code	16
 1100              		.thumb_func
 1102              	HAL_DMA_IRQHandler:
 1103              	.LVL81:
 1104              	.LFB47:
 570:Drivers/STM32F0xx_HAL_Driver/Src/stm32f0xx_hal_dma.c ****   uint32_t flag_it = hdma->DmaBaseAddress->ISR;
 1105              		.loc 1 570 1 is_stmt 1 view -0
 1106              		.cfi_startproc
 1107              		@ args = 0, pretend = 0, frame = 0
 1108              		@ frame_needed = 0, uses_anonymous_args = 0
 570:Drivers/STM32F0xx_HAL_Driver/Src/stm32f0xx_hal_dma.c ****   uint32_t flag_it = hdma->DmaBaseAddress->ISR;
 1109              		.loc 1 570 1 is_stmt 0 view .LVU389
 1110 0000 10B5     		push	{r4, lr}
 1111              	.LCFI10:
 1112              		.cfi_def_cfa_offset 8
 1113              		.cfi_offset 4, -8
 1114              		.cfi_offset 14, -4
 571:Drivers/STM32F0xx_HAL_Driver/Src/stm32f0xx_hal_dma.c ****   uint32_t source_it = hdma->Instance->CCR;
 1115              		.loc 1 571 3 is_stmt 1 view .LVU390
 571:Drivers/STM32F0xx_HAL_Driver/Src/stm32f0xx_hal_dma.c ****   uint32_t source_it = hdma->Instance->CCR;
ARM GAS  /tmp/ccVarZPm.s 			page 42


 1116              		.loc 1 571 26 is_stmt 0 view .LVU391
 1117 0002 C36B     		ldr	r3, [r0, #60]
 571:Drivers/STM32F0xx_HAL_Driver/Src/stm32f0xx_hal_dma.c ****   uint32_t source_it = hdma->Instance->CCR;
 1118              		.loc 1 571 12 view .LVU392
 1119 0004 1A68     		ldr	r2, [r3]
 1120              	.LVL82:
 572:Drivers/STM32F0xx_HAL_Driver/Src/stm32f0xx_hal_dma.c **** 
 1121              		.loc 1 572 3 is_stmt 1 view .LVU393
 572:Drivers/STM32F0xx_HAL_Driver/Src/stm32f0xx_hal_dma.c **** 
 1122              		.loc 1 572 28 is_stmt 0 view .LVU394
 1123 0006 0368     		ldr	r3, [r0]
 1124 0008 9C46     		mov	ip, r3
 572:Drivers/STM32F0xx_HAL_Driver/Src/stm32f0xx_hal_dma.c **** 
 1125              		.loc 1 572 12 view .LVU395
 1126 000a 1C68     		ldr	r4, [r3]
 1127              	.LVL83:
 575:Drivers/STM32F0xx_HAL_Driver/Src/stm32f0xx_hal_dma.c ****   {
 1128              		.loc 1 575 3 is_stmt 1 view .LVU396
 575:Drivers/STM32F0xx_HAL_Driver/Src/stm32f0xx_hal_dma.c ****   {
 1129              		.loc 1 575 49 is_stmt 0 view .LVU397
 1130 000c 016C     		ldr	r1, [r0, #64]
 575:Drivers/STM32F0xx_HAL_Driver/Src/stm32f0xx_hal_dma.c ****   {
 1131              		.loc 1 575 42 view .LVU398
 1132 000e 0423     		movs	r3, #4
 1133 0010 8B40     		lsls	r3, r3, r1
 575:Drivers/STM32F0xx_HAL_Driver/Src/stm32f0xx_hal_dma.c ****   {
 1134              		.loc 1 575 6 view .LVU399
 1135 0012 1A42     		tst	r2, r3
 1136 0014 15D0     		beq	.L53
 575:Drivers/STM32F0xx_HAL_Driver/Src/stm32f0xx_hal_dma.c ****   {
 1137              		.loc 1 575 67 discriminator 1 view .LVU400
 1138 0016 6307     		lsls	r3, r4, #29
 1139 0018 13D5     		bpl	.L53
 578:Drivers/STM32F0xx_HAL_Driver/Src/stm32f0xx_hal_dma.c ****     {
 1140              		.loc 1 578 5 is_stmt 1 view .LVU401
 578:Drivers/STM32F0xx_HAL_Driver/Src/stm32f0xx_hal_dma.c ****     {
 1141              		.loc 1 578 24 is_stmt 0 view .LVU402
 1142 001a 6346     		mov	r3, ip
 1143 001c 1B68     		ldr	r3, [r3]
 578:Drivers/STM32F0xx_HAL_Driver/Src/stm32f0xx_hal_dma.c ****     {
 1144              		.loc 1 578 8 view .LVU403
 1145 001e 9B06     		lsls	r3, r3, #26
 1146 0020 05D4     		bmi	.L54
 581:Drivers/STM32F0xx_HAL_Driver/Src/stm32f0xx_hal_dma.c ****     }
 1147              		.loc 1 581 7 is_stmt 1 view .LVU404
 581:Drivers/STM32F0xx_HAL_Driver/Src/stm32f0xx_hal_dma.c ****     }
 1148              		.loc 1 581 21 is_stmt 0 view .LVU405
 1149 0022 6346     		mov	r3, ip
 1150 0024 1B68     		ldr	r3, [r3]
 581:Drivers/STM32F0xx_HAL_Driver/Src/stm32f0xx_hal_dma.c ****     }
 1151              		.loc 1 581 27 view .LVU406
 1152 0026 0422     		movs	r2, #4
 1153              	.LVL84:
 581:Drivers/STM32F0xx_HAL_Driver/Src/stm32f0xx_hal_dma.c ****     }
 1154              		.loc 1 581 27 view .LVU407
 1155 0028 9343     		bics	r3, r2
 1156 002a 6246     		mov	r2, ip
ARM GAS  /tmp/ccVarZPm.s 			page 43


 1157 002c 1360     		str	r3, [r2]
 1158              	.L54:
 585:Drivers/STM32F0xx_HAL_Driver/Src/stm32f0xx_hal_dma.c **** 
 1159              		.loc 1 585 5 is_stmt 1 view .LVU408
 585:Drivers/STM32F0xx_HAL_Driver/Src/stm32f0xx_hal_dma.c **** 
 1160              		.loc 1 585 54 is_stmt 0 view .LVU409
 1161 002e 016C     		ldr	r1, [r0, #64]
 585:Drivers/STM32F0xx_HAL_Driver/Src/stm32f0xx_hal_dma.c **** 
 1162              		.loc 1 585 9 view .LVU410
 1163 0030 C26B     		ldr	r2, [r0, #60]
 585:Drivers/STM32F0xx_HAL_Driver/Src/stm32f0xx_hal_dma.c **** 
 1164              		.loc 1 585 47 view .LVU411
 1165 0032 0423     		movs	r3, #4
 1166 0034 8B40     		lsls	r3, r3, r1
 585:Drivers/STM32F0xx_HAL_Driver/Src/stm32f0xx_hal_dma.c **** 
 1167              		.loc 1 585 32 view .LVU412
 1168 0036 5360     		str	r3, [r2, #4]
 590:Drivers/STM32F0xx_HAL_Driver/Src/stm32f0xx_hal_dma.c ****     {
 1169              		.loc 1 590 5 is_stmt 1 view .LVU413
 590:Drivers/STM32F0xx_HAL_Driver/Src/stm32f0xx_hal_dma.c ****     {
 1170              		.loc 1 590 13 is_stmt 0 view .LVU414
 1171 0038 C36A     		ldr	r3, [r0, #44]
 590:Drivers/STM32F0xx_HAL_Driver/Src/stm32f0xx_hal_dma.c ****     {
 1172              		.loc 1 590 8 view .LVU415
 1173 003a 002B     		cmp	r3, #0
 1174 003c 00D0     		beq	.L52
 593:Drivers/STM32F0xx_HAL_Driver/Src/stm32f0xx_hal_dma.c ****     }
 1175              		.loc 1 593 7 is_stmt 1 view .LVU416
 1176 003e 9847     		blx	r3
 1177              	.LVL85:
 1178              	.L52:
 649:Drivers/STM32F0xx_HAL_Driver/Src/stm32f0xx_hal_dma.c **** 
 1179              		.loc 1 649 1 is_stmt 0 view .LVU417
 1180              		@ sp needed
 1181 0040 10BD     		pop	{r4, pc}
 1182              	.LVL86:
 1183              	.L53:
 598:Drivers/STM32F0xx_HAL_Driver/Src/stm32f0xx_hal_dma.c ****   {
 1184              		.loc 1 598 8 is_stmt 1 view .LVU418
 598:Drivers/STM32F0xx_HAL_Driver/Src/stm32f0xx_hal_dma.c ****   {
 1185              		.loc 1 598 47 is_stmt 0 view .LVU419
 1186 0042 0223     		movs	r3, #2
 1187 0044 8B40     		lsls	r3, r3, r1
 598:Drivers/STM32F0xx_HAL_Driver/Src/stm32f0xx_hal_dma.c ****   {
 1188              		.loc 1 598 11 view .LVU420
 1189 0046 1A42     		tst	r2, r3
 1190 0048 1BD0     		beq	.L56
 598:Drivers/STM32F0xx_HAL_Driver/Src/stm32f0xx_hal_dma.c ****   {
 1191              		.loc 1 598 72 discriminator 1 view .LVU421
 1192 004a A307     		lsls	r3, r4, #30
 1193 004c 19D5     		bpl	.L56
 600:Drivers/STM32F0xx_HAL_Driver/Src/stm32f0xx_hal_dma.c ****     {
 1194              		.loc 1 600 5 is_stmt 1 view .LVU422
 600:Drivers/STM32F0xx_HAL_Driver/Src/stm32f0xx_hal_dma.c ****     {
 1195              		.loc 1 600 24 is_stmt 0 view .LVU423
 1196 004e 6346     		mov	r3, ip
 1197 0050 1B68     		ldr	r3, [r3]
ARM GAS  /tmp/ccVarZPm.s 			page 44


 600:Drivers/STM32F0xx_HAL_Driver/Src/stm32f0xx_hal_dma.c ****     {
 1198              		.loc 1 600 8 view .LVU424
 1199 0052 9B06     		lsls	r3, r3, #26
 1200 0054 08D4     		bmi	.L57
 604:Drivers/STM32F0xx_HAL_Driver/Src/stm32f0xx_hal_dma.c **** 
 1201              		.loc 1 604 7 is_stmt 1 view .LVU425
 604:Drivers/STM32F0xx_HAL_Driver/Src/stm32f0xx_hal_dma.c **** 
 1202              		.loc 1 604 21 is_stmt 0 view .LVU426
 1203 0056 6346     		mov	r3, ip
 1204 0058 1B68     		ldr	r3, [r3]
 604:Drivers/STM32F0xx_HAL_Driver/Src/stm32f0xx_hal_dma.c **** 
 1205              		.loc 1 604 27 view .LVU427
 1206 005a 0A22     		movs	r2, #10
 1207              	.LVL87:
 604:Drivers/STM32F0xx_HAL_Driver/Src/stm32f0xx_hal_dma.c **** 
 1208              		.loc 1 604 27 view .LVU428
 1209 005c 9343     		bics	r3, r2
 1210 005e 6246     		mov	r2, ip
 1211 0060 1360     		str	r3, [r2]
 607:Drivers/STM32F0xx_HAL_Driver/Src/stm32f0xx_hal_dma.c ****     }
 1212              		.loc 1 607 7 is_stmt 1 view .LVU429
 607:Drivers/STM32F0xx_HAL_Driver/Src/stm32f0xx_hal_dma.c ****     }
 1213              		.loc 1 607 19 is_stmt 0 view .LVU430
 1214 0062 2123     		movs	r3, #33
 1215 0064 0122     		movs	r2, #1
 1216 0066 C254     		strb	r2, [r0, r3]
 1217              	.L57:
 611:Drivers/STM32F0xx_HAL_Driver/Src/stm32f0xx_hal_dma.c **** 
 1218              		.loc 1 611 5 is_stmt 1 view .LVU431
 611:Drivers/STM32F0xx_HAL_Driver/Src/stm32f0xx_hal_dma.c **** 
 1219              		.loc 1 611 54 is_stmt 0 view .LVU432
 1220 0068 016C     		ldr	r1, [r0, #64]
 611:Drivers/STM32F0xx_HAL_Driver/Src/stm32f0xx_hal_dma.c **** 
 1221              		.loc 1 611 9 view .LVU433
 1222 006a C26B     		ldr	r2, [r0, #60]
 611:Drivers/STM32F0xx_HAL_Driver/Src/stm32f0xx_hal_dma.c **** 
 1223              		.loc 1 611 47 view .LVU434
 1224 006c 0223     		movs	r3, #2
 1225 006e 8B40     		lsls	r3, r3, r1
 611:Drivers/STM32F0xx_HAL_Driver/Src/stm32f0xx_hal_dma.c **** 
 1226              		.loc 1 611 32 view .LVU435
 1227 0070 5360     		str	r3, [r2, #4]
 614:Drivers/STM32F0xx_HAL_Driver/Src/stm32f0xx_hal_dma.c **** 
 1228              		.loc 1 614 5 is_stmt 1 view .LVU436
 614:Drivers/STM32F0xx_HAL_Driver/Src/stm32f0xx_hal_dma.c **** 
 1229              		.loc 1 614 5 view .LVU437
 1230 0072 2023     		movs	r3, #32
 1231 0074 0022     		movs	r2, #0
 1232 0076 C254     		strb	r2, [r0, r3]
 614:Drivers/STM32F0xx_HAL_Driver/Src/stm32f0xx_hal_dma.c **** 
 1233              		.loc 1 614 5 view .LVU438
 616:Drivers/STM32F0xx_HAL_Driver/Src/stm32f0xx_hal_dma.c ****     {
 1234              		.loc 1 616 5 view .LVU439
 616:Drivers/STM32F0xx_HAL_Driver/Src/stm32f0xx_hal_dma.c ****     {
 1235              		.loc 1 616 13 is_stmt 0 view .LVU440
 1236 0078 836A     		ldr	r3, [r0, #40]
 616:Drivers/STM32F0xx_HAL_Driver/Src/stm32f0xx_hal_dma.c ****     {
ARM GAS  /tmp/ccVarZPm.s 			page 45


 1237              		.loc 1 616 8 view .LVU441
 1238 007a 002B     		cmp	r3, #0
 1239 007c E0D0     		beq	.L52
 619:Drivers/STM32F0xx_HAL_Driver/Src/stm32f0xx_hal_dma.c ****     }
 1240              		.loc 1 619 7 is_stmt 1 view .LVU442
 1241 007e 9847     		blx	r3
 1242              	.LVL88:
 619:Drivers/STM32F0xx_HAL_Driver/Src/stm32f0xx_hal_dma.c ****     }
 1243              		.loc 1 619 7 is_stmt 0 view .LVU443
 1244 0080 DEE7     		b	.L52
 1245              	.LVL89:
 1246              	.L56:
 624:Drivers/STM32F0xx_HAL_Driver/Src/stm32f0xx_hal_dma.c ****   {
 1247              		.loc 1 624 8 is_stmt 1 view .LVU444
 624:Drivers/STM32F0xx_HAL_Driver/Src/stm32f0xx_hal_dma.c ****   {
 1248              		.loc 1 624 47 is_stmt 0 view .LVU445
 1249 0082 0823     		movs	r3, #8
 1250 0084 8B40     		lsls	r3, r3, r1
 624:Drivers/STM32F0xx_HAL_Driver/Src/stm32f0xx_hal_dma.c ****   {
 1251              		.loc 1 624 11 view .LVU446
 1252 0086 1A42     		tst	r2, r3
 1253 0088 DAD0     		beq	.L52
 624:Drivers/STM32F0xx_HAL_Driver/Src/stm32f0xx_hal_dma.c ****   {
 1254              		.loc 1 624 72 discriminator 1 view .LVU447
 1255 008a 2407     		lsls	r4, r4, #28
 1256 008c D8D5     		bpl	.L52
 1257              	.LVL90:
 629:Drivers/STM32F0xx_HAL_Driver/Src/stm32f0xx_hal_dma.c **** 
 1258              		.loc 1 629 5 is_stmt 1 view .LVU448
 629:Drivers/STM32F0xx_HAL_Driver/Src/stm32f0xx_hal_dma.c **** 
 1259              		.loc 1 629 19 is_stmt 0 view .LVU449
 1260 008e 6346     		mov	r3, ip
 1261 0090 1B68     		ldr	r3, [r3]
 629:Drivers/STM32F0xx_HAL_Driver/Src/stm32f0xx_hal_dma.c **** 
 1262              		.loc 1 629 25 view .LVU450
 1263 0092 0E22     		movs	r2, #14
 1264              	.LVL91:
 629:Drivers/STM32F0xx_HAL_Driver/Src/stm32f0xx_hal_dma.c **** 
 1265              		.loc 1 629 25 view .LVU451
 1266 0094 9343     		bics	r3, r2
 1267 0096 6246     		mov	r2, ip
 1268 0098 1360     		str	r3, [r2]
 632:Drivers/STM32F0xx_HAL_Driver/Src/stm32f0xx_hal_dma.c **** 
 1269              		.loc 1 632 5 is_stmt 1 view .LVU452
 632:Drivers/STM32F0xx_HAL_Driver/Src/stm32f0xx_hal_dma.c **** 
 1270              		.loc 1 632 54 is_stmt 0 view .LVU453
 1271 009a 016C     		ldr	r1, [r0, #64]
 632:Drivers/STM32F0xx_HAL_Driver/Src/stm32f0xx_hal_dma.c **** 
 1272              		.loc 1 632 9 view .LVU454
 1273 009c C26B     		ldr	r2, [r0, #60]
 632:Drivers/STM32F0xx_HAL_Driver/Src/stm32f0xx_hal_dma.c **** 
 1274              		.loc 1 632 47 view .LVU455
 1275 009e 0123     		movs	r3, #1
 1276 00a0 1C00     		movs	r4, r3
 1277 00a2 8C40     		lsls	r4, r4, r1
 632:Drivers/STM32F0xx_HAL_Driver/Src/stm32f0xx_hal_dma.c **** 
 1278              		.loc 1 632 32 view .LVU456
ARM GAS  /tmp/ccVarZPm.s 			page 46


 1279 00a4 5460     		str	r4, [r2, #4]
 635:Drivers/STM32F0xx_HAL_Driver/Src/stm32f0xx_hal_dma.c **** 
 1280              		.loc 1 635 5 is_stmt 1 view .LVU457
 635:Drivers/STM32F0xx_HAL_Driver/Src/stm32f0xx_hal_dma.c **** 
 1281              		.loc 1 635 21 is_stmt 0 view .LVU458
 1282 00a6 8363     		str	r3, [r0, #56]
 638:Drivers/STM32F0xx_HAL_Driver/Src/stm32f0xx_hal_dma.c **** 
 1283              		.loc 1 638 5 is_stmt 1 view .LVU459
 638:Drivers/STM32F0xx_HAL_Driver/Src/stm32f0xx_hal_dma.c **** 
 1284              		.loc 1 638 17 is_stmt 0 view .LVU460
 1285 00a8 2122     		movs	r2, #33
 1286 00aa 8354     		strb	r3, [r0, r2]
 641:Drivers/STM32F0xx_HAL_Driver/Src/stm32f0xx_hal_dma.c **** 
 1287              		.loc 1 641 5 is_stmt 1 view .LVU461
 641:Drivers/STM32F0xx_HAL_Driver/Src/stm32f0xx_hal_dma.c **** 
 1288              		.loc 1 641 5 view .LVU462
 1289 00ac 1F33     		adds	r3, r3, #31
 1290 00ae 0022     		movs	r2, #0
 1291 00b0 C254     		strb	r2, [r0, r3]
 641:Drivers/STM32F0xx_HAL_Driver/Src/stm32f0xx_hal_dma.c **** 
 1292              		.loc 1 641 5 view .LVU463
 643:Drivers/STM32F0xx_HAL_Driver/Src/stm32f0xx_hal_dma.c ****     {
 1293              		.loc 1 643 5 view .LVU464
 643:Drivers/STM32F0xx_HAL_Driver/Src/stm32f0xx_hal_dma.c ****     {
 1294              		.loc 1 643 13 is_stmt 0 view .LVU465
 1295 00b2 036B     		ldr	r3, [r0, #48]
 643:Drivers/STM32F0xx_HAL_Driver/Src/stm32f0xx_hal_dma.c ****     {
 1296              		.loc 1 643 8 view .LVU466
 1297 00b4 002B     		cmp	r3, #0
 1298 00b6 C3D0     		beq	.L52
 646:Drivers/STM32F0xx_HAL_Driver/Src/stm32f0xx_hal_dma.c ****     }
 1299              		.loc 1 646 7 is_stmt 1 view .LVU467
 1300 00b8 9847     		blx	r3
 1301              	.LVL92:
 649:Drivers/STM32F0xx_HAL_Driver/Src/stm32f0xx_hal_dma.c **** 
 1302              		.loc 1 649 1 is_stmt 0 view .LVU468
 1303 00ba C1E7     		b	.L52
 1304              		.cfi_endproc
 1305              	.LFE47:
 1307              		.section	.text.HAL_DMA_RegisterCallback,"ax",%progbits
 1308              		.align	1
 1309              		.global	HAL_DMA_RegisterCallback
 1310              		.syntax unified
 1311              		.code	16
 1312              		.thumb_func
 1314              	HAL_DMA_RegisterCallback:
 1315              	.LVL93:
 1316              	.LFB48:
 662:Drivers/STM32F0xx_HAL_Driver/Src/stm32f0xx_hal_dma.c ****   HAL_StatusTypeDef status = HAL_OK;
 1317              		.loc 1 662 1 is_stmt 1 view -0
 1318              		.cfi_startproc
 1319              		@ args = 0, pretend = 0, frame = 0
 1320              		@ frame_needed = 0, uses_anonymous_args = 0
 662:Drivers/STM32F0xx_HAL_Driver/Src/stm32f0xx_hal_dma.c ****   HAL_StatusTypeDef status = HAL_OK;
 1321              		.loc 1 662 1 is_stmt 0 view .LVU470
 1322 0000 10B5     		push	{r4, lr}
 1323              	.LCFI11:
ARM GAS  /tmp/ccVarZPm.s 			page 47


 1324              		.cfi_def_cfa_offset 8
 1325              		.cfi_offset 4, -8
 1326              		.cfi_offset 14, -4
 1327 0002 0300     		movs	r3, r0
 1328 0004 1400     		movs	r4, r2
 663:Drivers/STM32F0xx_HAL_Driver/Src/stm32f0xx_hal_dma.c **** 
 1329              		.loc 1 663 3 is_stmt 1 view .LVU471
 1330              	.LVL94:
 666:Drivers/STM32F0xx_HAL_Driver/Src/stm32f0xx_hal_dma.c **** 
 1331              		.loc 1 666 3 view .LVU472
 666:Drivers/STM32F0xx_HAL_Driver/Src/stm32f0xx_hal_dma.c **** 
 1332              		.loc 1 666 3 view .LVU473
 1333 0006 2020     		movs	r0, #32
 1334              	.LVL95:
 666:Drivers/STM32F0xx_HAL_Driver/Src/stm32f0xx_hal_dma.c **** 
 1335              		.loc 1 666 3 is_stmt 0 view .LVU474
 1336 0008 185C     		ldrb	r0, [r3, r0]
 1337 000a 0128     		cmp	r0, #1
 1338 000c 21D0     		beq	.L71
 666:Drivers/STM32F0xx_HAL_Driver/Src/stm32f0xx_hal_dma.c **** 
 1339              		.loc 1 666 3 is_stmt 1 discriminator 2 view .LVU475
 1340 000e 2022     		movs	r2, #32
 1341              	.LVL96:
 666:Drivers/STM32F0xx_HAL_Driver/Src/stm32f0xx_hal_dma.c **** 
 1342              		.loc 1 666 3 is_stmt 0 discriminator 2 view .LVU476
 1343 0010 0120     		movs	r0, #1
 1344 0012 9854     		strb	r0, [r3, r2]
 666:Drivers/STM32F0xx_HAL_Driver/Src/stm32f0xx_hal_dma.c **** 
 1345              		.loc 1 666 3 is_stmt 1 view .LVU477
 668:Drivers/STM32F0xx_HAL_Driver/Src/stm32f0xx_hal_dma.c ****   {
 1346              		.loc 1 668 3 view .LVU478
 668:Drivers/STM32F0xx_HAL_Driver/Src/stm32f0xx_hal_dma.c ****   {
 1347              		.loc 1 668 34 is_stmt 0 view .LVU479
 1348 0014 0132     		adds	r2, r2, #1
 1349 0016 9A5C     		ldrb	r2, [r3, r2]
 1350 0018 D0B2     		uxtb	r0, r2
 668:Drivers/STM32F0xx_HAL_Driver/Src/stm32f0xx_hal_dma.c ****   {
 1351              		.loc 1 668 6 view .LVU480
 1352 001a 012A     		cmp	r2, #1
 1353 001c 04D0     		beq	.L73
 695:Drivers/STM32F0xx_HAL_Driver/Src/stm32f0xx_hal_dma.c ****   }
 1354              		.loc 1 695 12 view .LVU481
 1355 001e 0120     		movs	r0, #1
 1356              	.L65:
 1357              	.LVL97:
 699:Drivers/STM32F0xx_HAL_Driver/Src/stm32f0xx_hal_dma.c **** 
 1358              		.loc 1 699 3 is_stmt 1 view .LVU482
 699:Drivers/STM32F0xx_HAL_Driver/Src/stm32f0xx_hal_dma.c **** 
 1359              		.loc 1 699 3 view .LVU483
 1360 0020 2022     		movs	r2, #32
 1361 0022 0021     		movs	r1, #0
 1362              	.LVL98:
 699:Drivers/STM32F0xx_HAL_Driver/Src/stm32f0xx_hal_dma.c **** 
 1363              		.loc 1 699 3 is_stmt 0 view .LVU484
 1364 0024 9954     		strb	r1, [r3, r2]
 699:Drivers/STM32F0xx_HAL_Driver/Src/stm32f0xx_hal_dma.c **** 
 1365              		.loc 1 699 3 is_stmt 1 view .LVU485
ARM GAS  /tmp/ccVarZPm.s 			page 48


 701:Drivers/STM32F0xx_HAL_Driver/Src/stm32f0xx_hal_dma.c **** }
 1366              		.loc 1 701 3 view .LVU486
 1367              	.LVL99:
 1368              	.L64:
 702:Drivers/STM32F0xx_HAL_Driver/Src/stm32f0xx_hal_dma.c **** 
 1369              		.loc 1 702 1 is_stmt 0 view .LVU487
 1370              		@ sp needed
 1371              	.LVL100:
 702:Drivers/STM32F0xx_HAL_Driver/Src/stm32f0xx_hal_dma.c **** 
 1372              		.loc 1 702 1 view .LVU488
 1373 0026 10BD     		pop	{r4, pc}
 1374              	.LVL101:
 1375              	.L73:
 670:Drivers/STM32F0xx_HAL_Driver/Src/stm32f0xx_hal_dma.c ****     {
 1376              		.loc 1 670 5 is_stmt 1 view .LVU489
 1377 0028 0229     		cmp	r1, #2
 1378 002a 0FD0     		beq	.L66
 1379 002c 06D8     		bhi	.L67
 1380 002e 0029     		cmp	r1, #0
 1381 0030 09D0     		beq	.L68
 1382 0032 0129     		cmp	r1, #1
 1383 0034 F4D1     		bne	.L65
 677:Drivers/STM32F0xx_HAL_Driver/Src/stm32f0xx_hal_dma.c ****         break;
 1384              		.loc 1 677 9 view .LVU490
 677:Drivers/STM32F0xx_HAL_Driver/Src/stm32f0xx_hal_dma.c ****         break;
 1385              		.loc 1 677 36 is_stmt 0 view .LVU491
 1386 0036 DC62     		str	r4, [r3, #44]
 678:Drivers/STM32F0xx_HAL_Driver/Src/stm32f0xx_hal_dma.c **** 
 1387              		.loc 1 678 9 is_stmt 1 view .LVU492
 663:Drivers/STM32F0xx_HAL_Driver/Src/stm32f0xx_hal_dma.c **** 
 1388              		.loc 1 663 21 is_stmt 0 view .LVU493
 1389 0038 0020     		movs	r0, #0
 678:Drivers/STM32F0xx_HAL_Driver/Src/stm32f0xx_hal_dma.c **** 
 1390              		.loc 1 678 9 view .LVU494
 1391 003a F1E7     		b	.L65
 1392              	.L67:
 670:Drivers/STM32F0xx_HAL_Driver/Src/stm32f0xx_hal_dma.c ****     {
 1393              		.loc 1 670 5 view .LVU495
 1394 003c 0329     		cmp	r1, #3
 1395 003e EFD1     		bne	.L65
 685:Drivers/STM32F0xx_HAL_Driver/Src/stm32f0xx_hal_dma.c ****         break;
 1396              		.loc 1 685 9 is_stmt 1 view .LVU496
 685:Drivers/STM32F0xx_HAL_Driver/Src/stm32f0xx_hal_dma.c ****         break;
 1397              		.loc 1 685 33 is_stmt 0 view .LVU497
 1398 0040 5C63     		str	r4, [r3, #52]
 686:Drivers/STM32F0xx_HAL_Driver/Src/stm32f0xx_hal_dma.c **** 
 1399              		.loc 1 686 9 is_stmt 1 view .LVU498
 663:Drivers/STM32F0xx_HAL_Driver/Src/stm32f0xx_hal_dma.c **** 
 1400              		.loc 1 663 21 is_stmt 0 view .LVU499
 1401 0042 0020     		movs	r0, #0
 686:Drivers/STM32F0xx_HAL_Driver/Src/stm32f0xx_hal_dma.c **** 
 1402              		.loc 1 686 9 view .LVU500
 1403 0044 ECE7     		b	.L65
 1404              	.L68:
 673:Drivers/STM32F0xx_HAL_Driver/Src/stm32f0xx_hal_dma.c ****         break;
 1405              		.loc 1 673 9 is_stmt 1 view .LVU501
 673:Drivers/STM32F0xx_HAL_Driver/Src/stm32f0xx_hal_dma.c ****         break;
ARM GAS  /tmp/ccVarZPm.s 			page 49


 1406              		.loc 1 673 32 is_stmt 0 view .LVU502
 1407 0046 9C62     		str	r4, [r3, #40]
 674:Drivers/STM32F0xx_HAL_Driver/Src/stm32f0xx_hal_dma.c **** 
 1408              		.loc 1 674 9 is_stmt 1 view .LVU503
 663:Drivers/STM32F0xx_HAL_Driver/Src/stm32f0xx_hal_dma.c **** 
 1409              		.loc 1 663 21 is_stmt 0 view .LVU504
 1410 0048 0800     		movs	r0, r1
 674:Drivers/STM32F0xx_HAL_Driver/Src/stm32f0xx_hal_dma.c **** 
 1411              		.loc 1 674 9 view .LVU505
 1412 004a E9E7     		b	.L65
 1413              	.L66:
 681:Drivers/STM32F0xx_HAL_Driver/Src/stm32f0xx_hal_dma.c ****         break;
 1414              		.loc 1 681 9 is_stmt 1 view .LVU506
 681:Drivers/STM32F0xx_HAL_Driver/Src/stm32f0xx_hal_dma.c ****         break;
 1415              		.loc 1 681 33 is_stmt 0 view .LVU507
 1416 004c 1C63     		str	r4, [r3, #48]
 682:Drivers/STM32F0xx_HAL_Driver/Src/stm32f0xx_hal_dma.c **** 
 1417              		.loc 1 682 9 is_stmt 1 view .LVU508
 663:Drivers/STM32F0xx_HAL_Driver/Src/stm32f0xx_hal_dma.c **** 
 1418              		.loc 1 663 21 is_stmt 0 view .LVU509
 1419 004e 0020     		movs	r0, #0
 682:Drivers/STM32F0xx_HAL_Driver/Src/stm32f0xx_hal_dma.c **** 
 1420              		.loc 1 682 9 view .LVU510
 1421 0050 E6E7     		b	.L65
 1422              	.LVL102:
 1423              	.L71:
 666:Drivers/STM32F0xx_HAL_Driver/Src/stm32f0xx_hal_dma.c **** 
 1424              		.loc 1 666 3 discriminator 1 view .LVU511
 1425 0052 0220     		movs	r0, #2
 1426 0054 E7E7     		b	.L64
 1427              		.cfi_endproc
 1428              	.LFE48:
 1430              		.section	.text.HAL_DMA_UnRegisterCallback,"ax",%progbits
 1431              		.align	1
 1432              		.global	HAL_DMA_UnRegisterCallback
 1433              		.syntax unified
 1434              		.code	16
 1435              		.thumb_func
 1437              	HAL_DMA_UnRegisterCallback:
 1438              	.LVL103:
 1439              	.LFB49:
 713:Drivers/STM32F0xx_HAL_Driver/Src/stm32f0xx_hal_dma.c ****   HAL_StatusTypeDef status = HAL_OK;
 1440              		.loc 1 713 1 is_stmt 1 view -0
 1441              		.cfi_startproc
 1442              		@ args = 0, pretend = 0, frame = 0
 1443              		@ frame_needed = 0, uses_anonymous_args = 0
 1444              		@ link register save eliminated.
 713:Drivers/STM32F0xx_HAL_Driver/Src/stm32f0xx_hal_dma.c ****   HAL_StatusTypeDef status = HAL_OK;
 1445              		.loc 1 713 1 is_stmt 0 view .LVU513
 1446 0000 0300     		movs	r3, r0
 714:Drivers/STM32F0xx_HAL_Driver/Src/stm32f0xx_hal_dma.c **** 
 1447              		.loc 1 714 3 is_stmt 1 view .LVU514
 1448              	.LVL104:
 717:Drivers/STM32F0xx_HAL_Driver/Src/stm32f0xx_hal_dma.c **** 
 1449              		.loc 1 717 3 view .LVU515
 717:Drivers/STM32F0xx_HAL_Driver/Src/stm32f0xx_hal_dma.c **** 
 1450              		.loc 1 717 3 view .LVU516
ARM GAS  /tmp/ccVarZPm.s 			page 50


 1451 0002 2022     		movs	r2, #32
 1452 0004 825C     		ldrb	r2, [r0, r2]
 1453 0006 012A     		cmp	r2, #1
 1454 0008 2ED0     		beq	.L83
 717:Drivers/STM32F0xx_HAL_Driver/Src/stm32f0xx_hal_dma.c **** 
 1455              		.loc 1 717 3 discriminator 2 view .LVU517
 1456 000a 2022     		movs	r2, #32
 1457 000c 0120     		movs	r0, #1
 1458              	.LVL105:
 717:Drivers/STM32F0xx_HAL_Driver/Src/stm32f0xx_hal_dma.c **** 
 1459              		.loc 1 717 3 is_stmt 0 discriminator 2 view .LVU518
 1460 000e 9854     		strb	r0, [r3, r2]
 717:Drivers/STM32F0xx_HAL_Driver/Src/stm32f0xx_hal_dma.c **** 
 1461              		.loc 1 717 3 is_stmt 1 view .LVU519
 719:Drivers/STM32F0xx_HAL_Driver/Src/stm32f0xx_hal_dma.c ****   {
 1462              		.loc 1 719 3 view .LVU520
 719:Drivers/STM32F0xx_HAL_Driver/Src/stm32f0xx_hal_dma.c ****   {
 1463              		.loc 1 719 34 is_stmt 0 view .LVU521
 1464 0010 0132     		adds	r2, r2, #1
 1465 0012 9A5C     		ldrb	r2, [r3, r2]
 1466 0014 D0B2     		uxtb	r0, r2
 719:Drivers/STM32F0xx_HAL_Driver/Src/stm32f0xx_hal_dma.c ****   {
 1467              		.loc 1 719 6 view .LVU522
 1468 0016 012A     		cmp	r2, #1
 1469 0018 04D0     		beq	.L85
 753:Drivers/STM32F0xx_HAL_Driver/Src/stm32f0xx_hal_dma.c ****   }
 1470              		.loc 1 753 12 view .LVU523
 1471 001a 0120     		movs	r0, #1
 1472              	.L76:
 1473              	.LVL106:
 757:Drivers/STM32F0xx_HAL_Driver/Src/stm32f0xx_hal_dma.c **** 
 1474              		.loc 1 757 3 is_stmt 1 view .LVU524
 757:Drivers/STM32F0xx_HAL_Driver/Src/stm32f0xx_hal_dma.c **** 
 1475              		.loc 1 757 3 view .LVU525
 1476 001c 2022     		movs	r2, #32
 1477 001e 0021     		movs	r1, #0
 1478              	.LVL107:
 757:Drivers/STM32F0xx_HAL_Driver/Src/stm32f0xx_hal_dma.c **** 
 1479              		.loc 1 757 3 is_stmt 0 view .LVU526
 1480 0020 9954     		strb	r1, [r3, r2]
 757:Drivers/STM32F0xx_HAL_Driver/Src/stm32f0xx_hal_dma.c **** 
 1481              		.loc 1 757 3 is_stmt 1 view .LVU527
 759:Drivers/STM32F0xx_HAL_Driver/Src/stm32f0xx_hal_dma.c **** }
 1482              		.loc 1 759 3 view .LVU528
 1483              	.LVL108:
 1484              	.L75:
 760:Drivers/STM32F0xx_HAL_Driver/Src/stm32f0xx_hal_dma.c **** 
 1485              		.loc 1 760 1 is_stmt 0 view .LVU529
 1486              		@ sp needed
 1487 0022 7047     		bx	lr
 1488              	.LVL109:
 1489              	.L85:
 721:Drivers/STM32F0xx_HAL_Driver/Src/stm32f0xx_hal_dma.c ****     {
 1490              		.loc 1 721 5 is_stmt 1 view .LVU530
 1491 0024 0229     		cmp	r1, #2
 1492 0026 17D0     		beq	.L77
 1493 0028 0AD9     		bls	.L86
ARM GAS  /tmp/ccVarZPm.s 			page 51


 1494 002a 0329     		cmp	r1, #3
 1495 002c 18D0     		beq	.L81
 1496 002e 0429     		cmp	r1, #4
 1497 0030 F4D1     		bne	.L76
 740:Drivers/STM32F0xx_HAL_Driver/Src/stm32f0xx_hal_dma.c ****         hdma->XferHalfCpltCallback = NULL;
 1498              		.loc 1 740 9 view .LVU531
 740:Drivers/STM32F0xx_HAL_Driver/Src/stm32f0xx_hal_dma.c ****         hdma->XferHalfCpltCallback = NULL;
 1499              		.loc 1 740 32 is_stmt 0 view .LVU532
 1500 0032 0022     		movs	r2, #0
 1501 0034 9A62     		str	r2, [r3, #40]
 741:Drivers/STM32F0xx_HAL_Driver/Src/stm32f0xx_hal_dma.c ****         hdma->XferErrorCallback = NULL;
 1502              		.loc 1 741 9 is_stmt 1 view .LVU533
 741:Drivers/STM32F0xx_HAL_Driver/Src/stm32f0xx_hal_dma.c ****         hdma->XferErrorCallback = NULL;
 1503              		.loc 1 741 36 is_stmt 0 view .LVU534
 1504 0036 DA62     		str	r2, [r3, #44]
 742:Drivers/STM32F0xx_HAL_Driver/Src/stm32f0xx_hal_dma.c ****         hdma->XferAbortCallback = NULL;
 1505              		.loc 1 742 9 is_stmt 1 view .LVU535
 742:Drivers/STM32F0xx_HAL_Driver/Src/stm32f0xx_hal_dma.c ****         hdma->XferAbortCallback = NULL;
 1506              		.loc 1 742 33 is_stmt 0 view .LVU536
 1507 0038 1A63     		str	r2, [r3, #48]
 743:Drivers/STM32F0xx_HAL_Driver/Src/stm32f0xx_hal_dma.c ****         break;
 1508              		.loc 1 743 9 is_stmt 1 view .LVU537
 743:Drivers/STM32F0xx_HAL_Driver/Src/stm32f0xx_hal_dma.c ****         break;
 1509              		.loc 1 743 33 is_stmt 0 view .LVU538
 1510 003a 5A63     		str	r2, [r3, #52]
 744:Drivers/STM32F0xx_HAL_Driver/Src/stm32f0xx_hal_dma.c **** 
 1511              		.loc 1 744 9 is_stmt 1 view .LVU539
 714:Drivers/STM32F0xx_HAL_Driver/Src/stm32f0xx_hal_dma.c **** 
 1512              		.loc 1 714 21 is_stmt 0 view .LVU540
 1513 003c 0020     		movs	r0, #0
 744:Drivers/STM32F0xx_HAL_Driver/Src/stm32f0xx_hal_dma.c **** 
 1514              		.loc 1 744 9 view .LVU541
 1515 003e EDE7     		b	.L76
 1516              	.L86:
 721:Drivers/STM32F0xx_HAL_Driver/Src/stm32f0xx_hal_dma.c ****     {
 1517              		.loc 1 721 5 view .LVU542
 1518 0040 0029     		cmp	r1, #0
 1519 0042 05D0     		beq	.L79
 1520 0044 0129     		cmp	r1, #1
 1521 0046 E9D1     		bne	.L76
 728:Drivers/STM32F0xx_HAL_Driver/Src/stm32f0xx_hal_dma.c ****         break;
 1522              		.loc 1 728 9 is_stmt 1 view .LVU543
 728:Drivers/STM32F0xx_HAL_Driver/Src/stm32f0xx_hal_dma.c ****         break;
 1523              		.loc 1 728 36 is_stmt 0 view .LVU544
 1524 0048 0022     		movs	r2, #0
 1525 004a DA62     		str	r2, [r3, #44]
 729:Drivers/STM32F0xx_HAL_Driver/Src/stm32f0xx_hal_dma.c **** 
 1526              		.loc 1 729 9 is_stmt 1 view .LVU545
 714:Drivers/STM32F0xx_HAL_Driver/Src/stm32f0xx_hal_dma.c **** 
 1527              		.loc 1 714 21 is_stmt 0 view .LVU546
 1528 004c 0020     		movs	r0, #0
 729:Drivers/STM32F0xx_HAL_Driver/Src/stm32f0xx_hal_dma.c **** 
 1529              		.loc 1 729 9 view .LVU547
 1530 004e E5E7     		b	.L76
 1531              	.L79:
 724:Drivers/STM32F0xx_HAL_Driver/Src/stm32f0xx_hal_dma.c ****         break;
 1532              		.loc 1 724 9 is_stmt 1 view .LVU548
ARM GAS  /tmp/ccVarZPm.s 			page 52


 724:Drivers/STM32F0xx_HAL_Driver/Src/stm32f0xx_hal_dma.c ****         break;
 1533              		.loc 1 724 32 is_stmt 0 view .LVU549
 1534 0050 0022     		movs	r2, #0
 1535 0052 9A62     		str	r2, [r3, #40]
 725:Drivers/STM32F0xx_HAL_Driver/Src/stm32f0xx_hal_dma.c **** 
 1536              		.loc 1 725 9 is_stmt 1 view .LVU550
 714:Drivers/STM32F0xx_HAL_Driver/Src/stm32f0xx_hal_dma.c **** 
 1537              		.loc 1 714 21 is_stmt 0 view .LVU551
 1538 0054 0800     		movs	r0, r1
 725:Drivers/STM32F0xx_HAL_Driver/Src/stm32f0xx_hal_dma.c **** 
 1539              		.loc 1 725 9 view .LVU552
 1540 0056 E1E7     		b	.L76
 1541              	.L77:
 732:Drivers/STM32F0xx_HAL_Driver/Src/stm32f0xx_hal_dma.c ****         break;
 1542              		.loc 1 732 9 is_stmt 1 view .LVU553
 732:Drivers/STM32F0xx_HAL_Driver/Src/stm32f0xx_hal_dma.c ****         break;
 1543              		.loc 1 732 33 is_stmt 0 view .LVU554
 1544 0058 0022     		movs	r2, #0
 1545 005a 1A63     		str	r2, [r3, #48]
 733:Drivers/STM32F0xx_HAL_Driver/Src/stm32f0xx_hal_dma.c **** 
 1546              		.loc 1 733 9 is_stmt 1 view .LVU555
 714:Drivers/STM32F0xx_HAL_Driver/Src/stm32f0xx_hal_dma.c **** 
 1547              		.loc 1 714 21 is_stmt 0 view .LVU556
 1548 005c 0020     		movs	r0, #0
 733:Drivers/STM32F0xx_HAL_Driver/Src/stm32f0xx_hal_dma.c **** 
 1549              		.loc 1 733 9 view .LVU557
 1550 005e DDE7     		b	.L76
 1551              	.L81:
 736:Drivers/STM32F0xx_HAL_Driver/Src/stm32f0xx_hal_dma.c ****         break;
 1552              		.loc 1 736 9 is_stmt 1 view .LVU558
 736:Drivers/STM32F0xx_HAL_Driver/Src/stm32f0xx_hal_dma.c ****         break;
 1553              		.loc 1 736 33 is_stmt 0 view .LVU559
 1554 0060 0022     		movs	r2, #0
 1555 0062 5A63     		str	r2, [r3, #52]
 737:Drivers/STM32F0xx_HAL_Driver/Src/stm32f0xx_hal_dma.c **** 
 1556              		.loc 1 737 9 is_stmt 1 view .LVU560
 714:Drivers/STM32F0xx_HAL_Driver/Src/stm32f0xx_hal_dma.c **** 
 1557              		.loc 1 714 21 is_stmt 0 view .LVU561
 1558 0064 0020     		movs	r0, #0
 737:Drivers/STM32F0xx_HAL_Driver/Src/stm32f0xx_hal_dma.c **** 
 1559              		.loc 1 737 9 view .LVU562
 1560 0066 D9E7     		b	.L76
 1561              	.LVL110:
 1562              	.L83:
 717:Drivers/STM32F0xx_HAL_Driver/Src/stm32f0xx_hal_dma.c **** 
 1563              		.loc 1 717 3 discriminator 1 view .LVU563
 1564 0068 0220     		movs	r0, #2
 1565              	.LVL111:
 717:Drivers/STM32F0xx_HAL_Driver/Src/stm32f0xx_hal_dma.c **** 
 1566              		.loc 1 717 3 discriminator 1 view .LVU564
 1567 006a DAE7     		b	.L75
 1568              		.cfi_endproc
 1569              	.LFE49:
 1571              		.section	.text.HAL_DMA_GetState,"ax",%progbits
 1572              		.align	1
 1573              		.global	HAL_DMA_GetState
 1574              		.syntax unified
ARM GAS  /tmp/ccVarZPm.s 			page 53


 1575              		.code	16
 1576              		.thumb_func
 1578              	HAL_DMA_GetState:
 1579              	.LVL112:
 1580              	.LFB50:
 789:Drivers/STM32F0xx_HAL_Driver/Src/stm32f0xx_hal_dma.c ****   return hdma->State;
 1581              		.loc 1 789 1 is_stmt 1 view -0
 1582              		.cfi_startproc
 1583              		@ args = 0, pretend = 0, frame = 0
 1584              		@ frame_needed = 0, uses_anonymous_args = 0
 1585              		@ link register save eliminated.
 790:Drivers/STM32F0xx_HAL_Driver/Src/stm32f0xx_hal_dma.c **** }
 1586              		.loc 1 790 3 view .LVU566
 790:Drivers/STM32F0xx_HAL_Driver/Src/stm32f0xx_hal_dma.c **** }
 1587              		.loc 1 790 14 is_stmt 0 view .LVU567
 1588 0000 2123     		movs	r3, #33
 1589 0002 C05C     		ldrb	r0, [r0, r3]
 1590              	.LVL113:
 790:Drivers/STM32F0xx_HAL_Driver/Src/stm32f0xx_hal_dma.c **** }
 1591              		.loc 1 790 14 view .LVU568
 1592 0004 C0B2     		uxtb	r0, r0
 791:Drivers/STM32F0xx_HAL_Driver/Src/stm32f0xx_hal_dma.c **** 
 1593              		.loc 1 791 1 view .LVU569
 1594              		@ sp needed
 1595 0006 7047     		bx	lr
 1596              		.cfi_endproc
 1597              	.LFE50:
 1599              		.section	.text.HAL_DMA_GetError,"ax",%progbits
 1600              		.align	1
 1601              		.global	HAL_DMA_GetError
 1602              		.syntax unified
 1603              		.code	16
 1604              		.thumb_func
 1606              	HAL_DMA_GetError:
 1607              	.LVL114:
 1608              	.LFB51:
 800:Drivers/STM32F0xx_HAL_Driver/Src/stm32f0xx_hal_dma.c ****   return hdma->ErrorCode;
 1609              		.loc 1 800 1 is_stmt 1 view -0
 1610              		.cfi_startproc
 1611              		@ args = 0, pretend = 0, frame = 0
 1612              		@ frame_needed = 0, uses_anonymous_args = 0
 1613              		@ link register save eliminated.
 801:Drivers/STM32F0xx_HAL_Driver/Src/stm32f0xx_hal_dma.c **** }
 1614              		.loc 1 801 3 view .LVU571
 801:Drivers/STM32F0xx_HAL_Driver/Src/stm32f0xx_hal_dma.c **** }
 1615              		.loc 1 801 14 is_stmt 0 view .LVU572
 1616 0000 806B     		ldr	r0, [r0, #56]
 1617              	.LVL115:
 802:Drivers/STM32F0xx_HAL_Driver/Src/stm32f0xx_hal_dma.c **** 
 1618              		.loc 1 802 1 view .LVU573
 1619              		@ sp needed
 1620 0002 7047     		bx	lr
 1621              		.cfi_endproc
 1622              	.LFE51:
 1624              		.text
 1625              	.Letext0:
 1626              		.file 2 "/usr/arm-none-eabi/include/machine/_default_types.h"
ARM GAS  /tmp/ccVarZPm.s 			page 54


 1627              		.file 3 "/usr/arm-none-eabi/include/sys/_stdint.h"
 1628              		.file 4 "Drivers/CMSIS/Device/ST/STM32F0xx/Include/stm32f030x8.h"
 1629              		.file 5 "Drivers/CMSIS/Device/ST/STM32F0xx/Include/stm32f0xx.h"
 1630              		.file 6 "Drivers/STM32F0xx_HAL_Driver/Inc/stm32f0xx_hal_def.h"
 1631              		.file 7 "Drivers/STM32F0xx_HAL_Driver/Inc/stm32f0xx_hal_dma.h"
 1632              		.file 8 "Drivers/STM32F0xx_HAL_Driver/Inc/stm32f0xx_hal.h"
ARM GAS  /tmp/ccVarZPm.s 			page 55


DEFINED SYMBOLS
                            *ABS*:00000000 stm32f0xx_hal_dma.c
     /tmp/ccVarZPm.s:19     .text.DMA_SetConfig:00000000 $t
     /tmp/ccVarZPm.s:24     .text.DMA_SetConfig:00000000 DMA_SetConfig
     /tmp/ccVarZPm.s:94     .text.DMA_CalcBaseAndBitshift:00000000 $t
     /tmp/ccVarZPm.s:99     .text.DMA_CalcBaseAndBitshift:00000000 DMA_CalcBaseAndBitshift
     /tmp/ccVarZPm.s:141    .text.DMA_CalcBaseAndBitshift:0000001c $d
     /tmp/ccVarZPm.s:147    .text.HAL_DMA_Init:00000000 $t
     /tmp/ccVarZPm.s:153    .text.HAL_DMA_Init:00000000 HAL_DMA_Init
     /tmp/ccVarZPm.s:268    .text.HAL_DMA_Init:0000004c $d
     /tmp/ccVarZPm.s:273    .text.HAL_DMA_DeInit:00000000 $t
     /tmp/ccVarZPm.s:279    .text.HAL_DMA_DeInit:00000000 HAL_DMA_DeInit
     /tmp/ccVarZPm.s:386    .text.HAL_DMA_Start:00000000 $t
     /tmp/ccVarZPm.s:392    .text.HAL_DMA_Start:00000000 HAL_DMA_Start
     /tmp/ccVarZPm.s:499    .text.HAL_DMA_Start_IT:00000000 $t
     /tmp/ccVarZPm.s:505    .text.HAL_DMA_Start_IT:00000000 HAL_DMA_Start_IT
     /tmp/ccVarZPm.s:651    .text.HAL_DMA_Abort:00000000 $t
     /tmp/ccVarZPm.s:657    .text.HAL_DMA_Abort:00000000 HAL_DMA_Abort
     /tmp/ccVarZPm.s:745    .text.HAL_DMA_Abort_IT:00000000 $t
     /tmp/ccVarZPm.s:751    .text.HAL_DMA_Abort_IT:00000000 HAL_DMA_Abort_IT
     /tmp/ccVarZPm.s:850    .text.HAL_DMA_PollForTransfer:00000000 $t
     /tmp/ccVarZPm.s:856    .text.HAL_DMA_PollForTransfer:00000000 HAL_DMA_PollForTransfer
     /tmp/ccVarZPm.s:1096   .text.HAL_DMA_IRQHandler:00000000 $t
     /tmp/ccVarZPm.s:1102   .text.HAL_DMA_IRQHandler:00000000 HAL_DMA_IRQHandler
     /tmp/ccVarZPm.s:1308   .text.HAL_DMA_RegisterCallback:00000000 $t
     /tmp/ccVarZPm.s:1314   .text.HAL_DMA_RegisterCallback:00000000 HAL_DMA_RegisterCallback
     /tmp/ccVarZPm.s:1431   .text.HAL_DMA_UnRegisterCallback:00000000 $t
     /tmp/ccVarZPm.s:1437   .text.HAL_DMA_UnRegisterCallback:00000000 HAL_DMA_UnRegisterCallback
     /tmp/ccVarZPm.s:1572   .text.HAL_DMA_GetState:00000000 $t
     /tmp/ccVarZPm.s:1578   .text.HAL_DMA_GetState:00000000 HAL_DMA_GetState
     /tmp/ccVarZPm.s:1600   .text.HAL_DMA_GetError:00000000 $t
     /tmp/ccVarZPm.s:1606   .text.HAL_DMA_GetError:00000000 HAL_DMA_GetError

UNDEFINED SYMBOLS
__aeabi_uidiv
HAL_GetTick
